{
    "attributes": [],
    "baby_trigger_for": null,
    "category": {
        "name": "dex-completion",
        "url": "/api/v2/item-category/35/"
    },
    "cost": 5000,
    "effect_entries": [],
    "flavor_text_entries": [
        {
            "language": {
                "name": "ja-Hrkt",
                "url": "/api/v2/language/1/"
            },
            "text": "\u304a\u304a\u3080\u304b\u3057\u3000\u308a\u304f\u306b\u3000\u3059\u3093\u3067\u3044\u305f\n\u3053\u3060\u3044\u3000\u30dd\u30b1\u30e2\u30f3\u306e\u3000\u30ab\u30bb\u30ad\u306e\u3000\u3044\u3061\u3076\u3002\n\u3069\u3093\u306a\u3000\u3059\u304c\u305f\u3000\u3060\u3063\u305f\u306e\u304b\u306f\u3000\u306a\u305e\u3002",
            "version_group": {
                "name": "sword-shield",
                "url": "/api/v2/version-group/20/"
            }
        },
        {
            "language": {
                "name": "ko",
                "url": "/api/v2/language/3/"
            },
            "text": "\uc624\ub79c \uc61b\ub0a0 \uc721\uc9c0\uc5d0 \uc0b4\uc558\ub358\n\uace0\ub300 \ud3ec\ucf13\ubaac \ud654\uc11d\uc758 \uc77c\ubd80.\n\uc5b4\ub5a4 \ubaa8\uc2b5\uc774\uc5c8\ub294\uc9c0\ub294 \uc218\uc218\uaed8\ub07c\ub2e4.",
            "version_group": {
                "name": "sword-shield",
                "url": "/api/v2/version-group/20/"
            }
        },
        {
            "language": {
                "name": "zh-Hant",
                "url": "/api/v2/language/4/"
            },
            "text": "\u5f88\u4e45\u4ee5\u524d\u68f2\u606f\u5728\u9678\u5730\u7684\n\u53e4\u4ee3\u5bf6\u53ef\u5922\u7684\u5316\u77f3\u788e\u7247\u3002\n\u672c\u4f86\u9762\u76ee\u81f3\u4eca\u4ecd\u662f\u500b\u8b0e\u3002",
            "version_group": {
                "name": "sword-shield",
                "url": "/api/v2/version-group/20/"
            }
        },
        {
            "language": {
                "name": "fr",
                "url": "/api/v2/language/5/"
            },
            "text": "Un morceau du fossile d\u2019un ancien Pok\u00e9mon terrestre.\nNul ne sait \u00e0 quoi il ressemblait.",
            "version_group": {
                "name": "sword-shield",
                "url": "/api/v2/version-group/20/"
            }
        },
        {
            "language": {
                "name": "de",
                "url": "/api/v2/language/6/"
            },
            "text": "Teilst\u00fcck des Fossils eines urzeitlichen Pok\u00e9mon,\ndas in grauer Vorzeit das Land bev\u00f6lkerte. Wie es\nzu Lebzeiten aussah, ist ein R\u00e4tsel.",
            "version_group": {
                "name": "sword-shield",
                "url": "/api/v2/version-group/20/"
            }
        },
        {
            "language": {
                "name": "es",
                "url": "/api/v2/language/7/"
            },
            "text": "Parte del f\u00f3sil de un Pok\u00e9mon prehist\u00f3rico que habitaba\nen tierra firme. Su aspecto sigue siendo una inc\u00f3gnita.",
            "version_group": {
                "name": "sword-shield",
                "url": "/api/v2/version-group/20/"
            }
        },
        {
            "language": {
                "name": "it",
                "url": "/api/v2/language/8/"
            },
            "text": "Parte del fossile di un Pok\u00e9mon preistorico che viveva\nsulla terraferma. Nessuno sa quale fosse il suo aspetto.",
            "version_group": {
                "name": "sword-shield",
                "url": "/api/v2/version-group/20/"
            }
        },
        {
            "language": {
                "name": "en",
                "url": "/api/v2/language/9/"
            },
            "text": "The fossil of an ancient Pok\u00e9mon that once roamed the\nland. What it looked like is a mystery.",
            "version_group": {
                "name": "sword-shield",
                "url": "/api/v2/version-group/20/"
            }
        },
        {
            "language": {
                "name": "ja",
                "url": "/api/v2/language/11/"
            },
            "text": "\u5927\u6614\u3000\u9678\u306b\u3000\u3059\u3093\u3067\u3044\u305f\n\u53e4\u4ee3\u3000\u30dd\u30b1\u30e2\u30f3\u306e\u3000\u30ab\u30bb\u30ad\u306e\u4e00\u90e8\u3002\n\u3069\u3093\u306a\u3000\u59ff\u3000\u3060\u3063\u305f\u306e\u304b\u306f\u3000\u8b0e\u3002",
            "version_group": {
                "name": "sword-shield",
                "url": "/api/v2/version-group/20/"
            }
        },
        {
            "language": {
                "name": "zh-Hans",
                "url": "/api/v2/language/12/"
            },
            "text": "\u8fdc\u53e4\u65f6\u4ee3\u7684\u5b9d\u53ef\u68a6\u5316\u77f3\u6b8b\u7247\u3002\n\u5b83\u66fe\u6816\u606f\u4e8e\u9646\u5730\uff0c\n\u672c\u6765\u9762\u76ee\u81f3\u4eca\u4ecd\u662f\u672a\u89e3\u4e4b\u8c1c\u3002",
            "version_group": {
                "name": "sword-shield",
                "url": "/api/v2/version-group/20/"
            }
        }
    ],
    "fling_effect": null,
    "fling_power": 100,
    "game_indices": [
        {
            "game_index": 1107,
            "generation": {
                "name": "generation-viii",
                "url": "/api/v2/generation/8/"
            }
        }
    ],
    "held_by_pokemon": [],
    "id": 1165,
    "machines": [],
    "name": "fossilized-drake",
    "names": [
        {
            "language": {
                "name": "ja-Hrkt",
                "url": "/api/v2/language/1/"
            },
            "name": "\u30ab\u30bb\u30ad\u306e\u30ea\u30e5\u30a6"
        },
        {
            "language": {
                "name": "ko",
                "url": "/api/v2/language/3/"
            },
            "name": "\ud654\uc11d\uc6a9"
        },
        {
            "language": {
                "name": "zh-Hant",
                "url": "/api/v2/language/4/"
            },
            "name": "\u5316\u77f3\u9f8d"
        },
        {
            "language": {
                "name": "fr",
                "url": "/api/v2/language/5/"
            },
            "name": "Fossile Dragon"
        },
        {
            "language": {
                "name": "de",
                "url": "/api/v2/language/6/"
            },
            "name": "Drachenfossil"
        },
        {
            "language": {
                "name": "es",
                "url": "/api/v2/language/7/"
            },
            "name": "Dracof\u00f3sil"
        },
        {
            "language": {
                "name": "it",
                "url": "/api/v2/language/8/"
            },
            "name": "Dracofossile"
        },
        {
            "language": {
                "name": "en",
                "url": "/api/v2/language/9/"
            },
            "name": "Fossilized Drake"
        },
        {
            "language": {
                "name": "ja",
                "url": "/api/v2/language/11/"
            },
            "name": "\u30ab\u30bb\u30ad\u306e\u30ea\u30e5\u30a6"
        },
        {
            "language": {
                "name": "zh-Hans",
                "url": "/api/v2/language/12/"
            },
            "name": "\u5316\u77f3\u9f99"
        }
    ],
    "sprites": {
        "default": null
    }
}