{
    "attributes": [],
    "baby_trigger_for": null,
    "category": {
        "name": "all-machines",
        "url": "/api/v2/item-category/37/"
    },
    "cost": 16000,
    "effect_entries": [],
    "flavor_text_entries": [
        {
            "language": {
                "name": "ja-Hrkt",
                "url": "/api/v2/language/1/"
            },
            "text": "\u304d\u3087\u3046\u308c\u3064\u306a\u3000\u304b\u305c\u3067\u3000\u3042\u3044\u3066\u3092\n\u3064\u3064\u307f\u3053\u3093\u3067\u3000\u3053\u3046\u3052\u304d\u3059\u308b\u3002\n\u3042\u3044\u3066\u3092\u3000\u3053\u3093\u3089\u3093\u3000\u3055\u305b\u308b\u3053\u3068\u304c\u3000\u3042\u308b\u3002",
            "version_group": {
                "name": "sword-shield",
                "url": "/api/v2/version-group/20/"
            }
        },
        {
            "language": {
                "name": "ko",
                "url": "/api/v2/language/3/"
            },
            "text": "\uac15\ub82c\ud55c \ubc14\ub78c\uc73c\ub85c \uc0c1\ub300\ub97c\n\ub458\ub7ec\uc2f8\uc11c \uacf5\uaca9\ud55c\ub2e4.\n\uc0c1\ub300\ub97c \ud63c\ub780\uc2dc\ud0ac \ub54c\uac00 \uc788\ub2e4.",
            "version_group": {
                "name": "sword-shield",
                "url": "/api/v2/version-group/20/"
            }
        },
        {
            "language": {
                "name": "zh-Hant",
                "url": "/api/v2/language/4/"
            },
            "text": "\u7528\u5f37\u70c8\u7684\u98a8\u5e2d\u6372\n\u5c0d\u624b\u9032\u884c\u653b\u64ca\u3002\n\u6709\u6642\u6703\u4f7f\u5c0d\u624b\u6df7\u4e82\u3002",
            "version_group": {
                "name": "sword-shield",
                "url": "/api/v2/version-group/20/"
            }
        },
        {
            "language": {
                "name": "fr",
                "url": "/api/v2/language/5/"
            },
            "text": "Le lanceur d\u00e9clenche une temp\u00eate de vents violents\nqui s\u2019abat sur l\u2019ennemi. Peut aussi le rendre confus.",
            "version_group": {
                "name": "sword-shield",
                "url": "/api/v2/version-group/20/"
            }
        },
        {
            "language": {
                "name": "de",
                "url": "/api/v2/language/6/"
            },
            "text": "Anwender greift das Ziel an, indem er es mit heftigen\nWindb\u00f6en umgibt. Ziel wird eventuell verwirrt.",
            "version_group": {
                "name": "sword-shield",
                "url": "/api/v2/version-group/20/"
            }
        },
        {
            "language": {
                "name": "es",
                "url": "/api/v2/language/7/"
            },
            "text": "Golpea al objetivo con un fuerte torbellino que\nenvuelve al rival y puede confundirlo.",
            "version_group": {
                "name": "sword-shield",
                "url": "/api/v2/version-group/20/"
            }
        },
        {
            "language": {
                "name": "it",
                "url": "/api/v2/language/8/"
            },
            "text": "Chi la usa attacca il bersaglio avvolgendolo con\nun vento fortissimo. Pu\u00f2 anche confonderlo.",
            "version_group": {
                "name": "sword-shield",
                "url": "/api/v2/version-group/20/"
            }
        },
        {
            "language": {
                "name": "en",
                "url": "/api/v2/language/9/"
            },
            "text": "The user attacks by wrapping its opponent in a\nfierce wind that flies up into the sky. This may also\nconfuse the target.",
            "version_group": {
                "name": "sword-shield",
                "url": "/api/v2/version-group/20/"
            }
        },
        {
            "language": {
                "name": "ja",
                "url": "/api/v2/language/11/"
            },
            "text": "\u5f37\u70c8\u306a\u3000\u98a8\u3067\u3000\u76f8\u624b\u3092\n\u5305\u307f\u3053\u3093\u3067\u3000\u653b\u6483\u3059\u308b\u3002\n\u76f8\u624b\u3092\u3000\u6df7\u4e71\u3055\u305b\u308b\u3053\u3068\u304c\u3000\u3042\u308b\u3002",
            "version_group": {
                "name": "sword-shield",
                "url": "/api/v2/version-group/20/"
            }
        },
        {
            "language": {
                "name": "zh-Hans",
                "url": "/api/v2/language/12/"
            },
            "text": "\u7528\u5f3a\u70c8\u7684\u98ce\n\u5e2d\u5377\u5bf9\u624b\u8fdb\u884c\u653b\u51fb\u3002\n\u6709\u65f6\u4f1a\u4f7f\u5bf9\u624b\u6df7\u4e71\u3002",
            "version_group": {
                "name": "sword-shield",
                "url": "/api/v2/version-group/20/"
            }
        }
    ],
    "fling_effect": null,
    "fling_power": 110,
    "game_indices": [
        {
            "game_index": 1219,
            "generation": {
                "name": "generation-viii",
                "url": "/api/v2/generation/8/"
            }
        }
    ],
    "held_by_pokemon": [],
    "id": 1277,
    "machines": [
        {
            "machine": {
                "url": "/api/v2/machine/1678/"
            },
            "version_group": {
                "name": "sword-shield",
                "url": "/api/v2/version-group/20/"
            }
        }
    ],
    "name": "tr89",
    "names": [
        {
            "language": {
                "name": "ja-Hrkt",
                "url": "/api/v2/language/1/"
            },
            "name": "\u308f\u3056\u30ec\u30b3\u30fc\u30c9\uff18\uff19"
        },
        {
            "language": {
                "name": "ko",
                "url": "/api/v2/language/3/"
            },
            "name": "\uae30\uc220\ub808\ucf54\ub4dc89"
        },
        {
            "language": {
                "name": "zh-Hant",
                "url": "/api/v2/language/4/"
            },
            "name": "\u62db\u5f0f\u7d00\u9304\uff18\uff19"
        },
        {
            "language": {
                "name": "fr",
                "url": "/api/v2/language/5/"
            },
            "name": "DT89"
        },
        {
            "language": {
                "name": "de",
                "url": "/api/v2/language/6/"
            },
            "name": "TP89"
        },
        {
            "language": {
                "name": "es",
                "url": "/api/v2/language/7/"
            },
            "name": "DT89"
        },
        {
            "language": {
                "name": "it",
                "url": "/api/v2/language/8/"
            },
            "name": "DT89"
        },
        {
            "language": {
                "name": "en",
                "url": "/api/v2/language/9/"
            },
            "name": "TR89"
        },
        {
            "language": {
                "name": "ja",
                "url": "/api/v2/language/11/"
            },
            "name": "\u308f\u3056\u30ec\u30b3\u30fc\u30c9\uff18\uff19"
        },
        {
            "language": {
                "name": "zh-Hans",
                "url": "/api/v2/language/12/"
            },
            "name": "\u62db\u5f0f\u8bb0\u5f55\uff18\uff19"
        }
    ],
    "sprites": {
        "default": null
    }
}