{
    "attributes": [],
    "baby_trigger_for": null,
    "category": {
        "name": "loot",
        "url": "/api/v2/item-category/24/"
    },
    "cost": 60,
    "effect_entries": [],
    "flavor_text_entries": [
        {
            "language": {
                "name": "ja-Hrkt",
                "url": "/api/v2/language/1/"
            },
            "text": "\u307f\u3061\u306e\u3000\u306f\u3057\u3063\u3053\u3067\u3000\u3072\u308d\u3063\u305f\n\u3057\u308d\u3063\u307d\u3044\u3000\u3061\u3044\u3055\u306a\u3000\u3044\u3057\u3002",
            "version_group": {
                "name": "lets-go-pikachu-lets-go-eevee",
                "url": "/api/v2/version-group/19/"
            }
        },
        {
            "language": {
                "name": "ko",
                "url": "/api/v2/language/3/"
            },
            "text": "\uae38\uac00 \uad6c\uc11d\uc5d0\uc11c \uc8fc\uc6b4\n\ud558\uc597\uace0 \uc791\uc740 \ub3cc.",
            "version_group": {
                "name": "lets-go-pikachu-lets-go-eevee",
                "url": "/api/v2/version-group/19/"
            }
        },
        {
            "language": {
                "name": "zh-Hant",
                "url": "/api/v2/language/4/"
            },
            "text": "\u5728\u8def\u908a\u64bf\u5230\u7684\n\u767d\u767d\u7684\u5c0f\u77f3\u982d\u3002",
            "version_group": {
                "name": "lets-go-pikachu-lets-go-eevee",
                "url": "/api/v2/version-group/19/"
            }
        },
        {
            "language": {
                "name": "fr",
                "url": "/api/v2/language/5/"
            },
            "text": "Une petite pierre blanch\u00e2tre trouv\u00e9e sur le bord\nde la route.",
            "version_group": {
                "name": "lets-go-pikachu-lets-go-eevee",
                "url": "/api/v2/version-group/19/"
            }
        },
        {
            "language": {
                "name": "de",
                "url": "/api/v2/language/6/"
            },
            "text": "Ein kleiner Stein mit wei\u00dflicher F\u00e4rbung, der vom\nStra\u00dfenrand aufgehoben wurde.",
            "version_group": {
                "name": "lets-go-pikachu-lets-go-eevee",
                "url": "/api/v2/version-group/19/"
            }
        },
        {
            "language": {
                "name": "es",
                "url": "/api/v2/language/7/"
            },
            "text": "Piedra de yeso peque\u00f1a y blanquecina encontrada en\nla linde de un camino.",
            "version_group": {
                "name": "lets-go-pikachu-lets-go-eevee",
                "url": "/api/v2/version-group/19/"
            }
        },
        {
            "language": {
                "name": "it",
                "url": "/api/v2/language/8/"
            },
            "text": "Piccola pietra biancastra raccolta sul ciglio della strada.",
            "version_group": {
                "name": "lets-go-pikachu-lets-go-eevee",
                "url": "/api/v2/version-group/19/"
            }
        },
        {
            "language": {
                "name": "en",
                "url": "/api/v2/language/9/"
            },
            "text": "A small whitish stone picked up at the edge of the road.",
            "version_group": {
                "name": "lets-go-pikachu-lets-go-eevee",
                "url": "/api/v2/version-group/19/"
            }
        },
        {
            "language": {
                "name": "ja",
                "url": "/api/v2/language/11/"
            },
            "text": "\u9053\u306e\u3000\u306f\u3057\u3063\u3053\u3067\u3000\u62fe\u3063\u305f\n\u767d\u3063\u307d\u3044\u3000\u5c0f\u3055\u306a\u3000\u77f3\u3002",
            "version_group": {
                "name": "lets-go-pikachu-lets-go-eevee",
                "url": "/api/v2/version-group/19/"
            }
        },
        {
            "language": {
                "name": "zh-Hans",
                "url": "/api/v2/language/12/"
            },
            "text": "\u8def\u8fb9\u6361\u5230\u7684\n\u767d\u767d\u7684\u5c0f\u77f3\u5934\u3002",
            "version_group": {
                "name": "lets-go-pikachu-lets-go-eevee",
                "url": "/api/v2/version-group/19/"
            }
        },
        {
            "language": {
                "name": "ja-Hrkt",
                "url": "/api/v2/language/1/"
            },
            "text": "\u307f\u3061\u306e\u3000\u306f\u3057\u3063\u3053\u3067\u3000\u3072\u308d\u3063\u305f\n\u3057\u308d\u3063\u307d\u3044\u3000\u3061\u3044\u3055\u306a\u3000\u3044\u3057\u3002",
            "version_group": {
                "name": "sword-shield",
                "url": "/api/v2/version-group/20/"
            }
        },
        {
            "language": {
                "name": "ko",
                "url": "/api/v2/language/3/"
            },
            "text": "\uae38\uac00 \uad6c\uc11d\uc5d0\uc11c \uc8fc\uc6b4\n\ud558\uc597\uace0 \uc791\uc740 \ub3cc.",
            "version_group": {
                "name": "sword-shield",
                "url": "/api/v2/version-group/20/"
            }
        },
        {
            "language": {
                "name": "zh-Hant",
                "url": "/api/v2/language/4/"
            },
            "text": "\u5728\u8def\u908a\u64bf\u5230\u7684\n\u767d\u767d\u7684\u5c0f\u77f3\u982d\u3002",
            "version_group": {
                "name": "sword-shield",
                "url": "/api/v2/version-group/20/"
            }
        },
        {
            "language": {
                "name": "fr",
                "url": "/api/v2/language/5/"
            },
            "text": "Une petite pierre blanch\u00e2tre trouv\u00e9e sur le bord\nde la route.",
            "version_group": {
                "name": "sword-shield",
                "url": "/api/v2/version-group/20/"
            }
        },
        {
            "language": {
                "name": "de",
                "url": "/api/v2/language/6/"
            },
            "text": "Ein kleiner Stein mit wei\u00dflicher F\u00e4rbung, der vom\nStra\u00dfenrand aufgehoben wurde.",
            "version_group": {
                "name": "sword-shield",
                "url": "/api/v2/version-group/20/"
            }
        },
        {
            "language": {
                "name": "es",
                "url": "/api/v2/language/7/"
            },
            "text": "Piedra de yeso peque\u00f1a y blanquecina encontrada en\nla linde de un camino.",
            "version_group": {
                "name": "sword-shield",
                "url": "/api/v2/version-group/20/"
            }
        },
        {
            "language": {
                "name": "it",
                "url": "/api/v2/language/8/"
            },
            "text": "Piccola pietra biancastra raccolta sul ciglio della strada.",
            "version_group": {
                "name": "sword-shield",
                "url": "/api/v2/version-group/20/"
            }
        },
        {
            "language": {
                "name": "en",
                "url": "/api/v2/language/9/"
            },
            "text": "A small whitish stone picked up at the edge of the road.",
            "version_group": {
                "name": "sword-shield",
                "url": "/api/v2/version-group/20/"
            }
        },
        {
            "language": {
                "name": "ja",
                "url": "/api/v2/language/11/"
            },
            "text": "\u9053\u306e\u3000\u306f\u3057\u3063\u3053\u3067\u3000\u62fe\u3063\u305f\n\u767d\u3063\u307d\u3044\u3000\u5c0f\u3055\u306a\u3000\u77f3\u3002",
            "version_group": {
                "name": "sword-shield",
                "url": "/api/v2/version-group/20/"
            }
        },
        {
            "language": {
                "name": "zh-Hans",
                "url": "/api/v2/language/12/"
            },
            "text": "\u8def\u8fb9\u6361\u5230\u7684\n\u767d\u767d\u7684\u5c0f\u77f3\u5934\u3002",
            "version_group": {
                "name": "sword-shield",
                "url": "/api/v2/version-group/20/"
            }
        }
    ],
    "fling_effect": null,
    "fling_power": 30,
    "game_indices": [
        {
            "game_index": 886,
            "generation": {
                "name": "generation-vii",
                "url": "/api/v2/generation/7/"
            }
        },
        {
            "game_index": 886,
            "generation": {
                "name": "generation-viii",
                "url": "/api/v2/generation/8/"
            }
        }
    ],
    "held_by_pokemon": [],
    "id": 1025,
    "machines": [],
    "name": "chalky-stone",
    "names": [
        {
            "language": {
                "name": "ja-Hrkt",
                "url": "/api/v2/language/1/"
            },
            "name": "\u30c1\u30e7\u30fc\u30af\u3044\u3057"
        },
        {
            "language": {
                "name": "ko",
                "url": "/api/v2/language/3/"
            },
            "name": "\ucd08\ud06c\ub3cc"
        },
        {
            "language": {
                "name": "zh-Hant",
                "url": "/api/v2/language/4/"
            },
            "name": "\u7c89\u7b46\u77f3"
        },
        {
            "language": {
                "name": "fr",
                "url": "/api/v2/language/5/"
            },
            "name": "Craie"
        },
        {
            "language": {
                "name": "de",
                "url": "/api/v2/language/6/"
            },
            "name": "Kreidestein"
        },
        {
            "language": {
                "name": "es",
                "url": "/api/v2/language/7/"
            },
            "name": "Tiza"
        },
        {
            "language": {
                "name": "it",
                "url": "/api/v2/language/8/"
            },
            "name": "Gessetto"
        },
        {
            "language": {
                "name": "en",
                "url": "/api/v2/language/9/"
            },
            "name": "Chalky Stone"
        },
        {
            "language": {
                "name": "ja",
                "url": "/api/v2/language/11/"
            },
            "name": "\u30c1\u30e7\u30fc\u30af\u3044\u3057"
        },
        {
            "language": {
                "name": "zh-Hans",
                "url": "/api/v2/language/12/"
            },
            "name": "\u7c89\u7b14\u77f3"
        }
    ],
    "sprites": {
        "default": null
    }
}