{
    "attributes": [
        {
            "name": "holdable",
            "url": "/api/v2/item-attribute/5/"
        }
    ],
    "baby_trigger_for": null,
    "category": {
        "name": "species-specific",
        "url": "/api/v2/item-category/18/"
    },
    "cost": 0,
    "effect_entries": [
        {
            "effect": "Held by dialga\n:   Holder's dragon- and steel-type moves have 1.2\u00d7 their usual power.",
            "language": {
                "name": "en",
                "url": "/api/v2/language/9/"
            },
            "short_effect": "Boosts the damage from Dialga's Dragon-type and Steel-type moves by 20%."
        }
    ],
    "flavor_text_entries": [
        {
            "language": {
                "name": "en",
                "url": "/api/v2/language/9/"
            },
            "text": "A brightly gleaming orb to be held by\nDIALGA. It boosts the power of Dragon-\u200b\nand Steel-type moves.",
            "version_group": {
                "name": "diamond-pearl",
                "url": "/api/v2/version-group/8/"
            }
        },
        {
            "language": {
                "name": "en",
                "url": "/api/v2/language/9/"
            },
            "text": "A brightly gleaming orb to be held by\nDIALGA. It boosts the power of Dragon-\u200b\nand Steel-type moves.",
            "version_group": {
                "name": "platinum",
                "url": "/api/v2/version-group/9/"
            }
        },
        {
            "language": {
                "name": "en",
                "url": "/api/v2/language/9/"
            },
            "text": "A brightly gleaming orb to be held by\nDIALGA. It boosts the power of Dragon-\u200b\nand Steel-type moves.",
            "version_group": {
                "name": "heartgold-soulsilver",
                "url": "/api/v2/version-group/10/"
            }
        },
        {
            "language": {
                "name": "fr",
                "url": "/api/v2/language/5/"
            },
            "text": "Orbe tr\u00e8s brillant destin\u00e9 \u00e0 Dialga.\nAugmente la puissance des capacit\u00e9s\nde type Dragon et Acier.",
            "version_group": {
                "name": "black-white",
                "url": "/api/v2/version-group/11/"
            }
        },
        {
            "language": {
                "name": "en",
                "url": "/api/v2/language/9/"
            },
            "text": "A brightly gleaming orb to be held by\nDialga. It boosts the power of Dragon-\u200b\nand Steel-type moves.",
            "version_group": {
                "name": "black-white",
                "url": "/api/v2/version-group/11/"
            }
        },
        {
            "language": {
                "name": "en",
                "url": "/api/v2/language/9/"
            },
            "text": "A brightly gleaming orb to be held by\nDialga. It boosts the power of Dragon-\u200b\nand Steel-type moves.",
            "version_group": {
                "name": "black-2-white-2",
                "url": "/api/v2/version-group/14/"
            }
        },
        {
            "language": {
                "name": "ja-Hrkt",
                "url": "/api/v2/language/1/"
            },
            "text": "\u30c7\u30a3\u30a2\u30eb\u30ac\u306b\u3000\u3082\u305f\u305b\u308b\u3068\u3000\u30c9\u30e9\u30b4\u30f3\u3068\n\u306f\u304c\u306d\u30bf\u30a4\u30d7\u306e\u3000\u308f\u3056\u306e\u3000\u3044\u308a\u3087\u304f\u304c\n\u3042\u304c\u308b\u3000\u3072\u304b\u308a\u3000\u304b\u304c\u3084\u304f\u3000\u305f\u307e\u3002",
            "version_group": {
                "name": "x-y",
                "url": "/api/v2/version-group/15/"
            }
        },
        {
            "language": {
                "name": "ko",
                "url": "/api/v2/language/3/"
            },
            "text": "\ub514\uc544\ub8e8\uac00\uc5d0\uac8c \uc9c0\ub2c8\uac8c \ud558\uba74 \ub4dc\ub798\uace4\uacfc\n\uac15\ucca0\ud0c0\uc785 \uae30\uc220\uc758 \uc704\ub825\uc774 \uc62c\ub77c\uac00\ub294\n\ubc18\uc9dd\ubc18\uc9dd \ube5b\ub098\ub294 \uad6c\uc2ac.",
            "version_group": {
                "name": "x-y",
                "url": "/api/v2/version-group/15/"
            }
        },
        {
            "language": {
                "name": "fr",
                "url": "/api/v2/language/5/"
            },
            "text": "Un orbe tr\u00e8s brillant destin\u00e9 \u00e0 Dialga.\nAugmente la puissance des capacit\u00e9s de type\nDragon et Acier.",
            "version_group": {
                "name": "x-y",
                "url": "/api/v2/version-group/15/"
            }
        },
        {
            "language": {
                "name": "de",
                "url": "/api/v2/language/6/"
            },
            "text": "Ein hell leuchtender Orb. Verst\u00e4rkt Attacken vom\nTyp Drache und Stahl, wenn Dialga ihn tr\u00e4gt.",
            "version_group": {
                "name": "x-y",
                "url": "/api/v2/version-group/15/"
            }
        },
        {
            "language": {
                "name": "es",
                "url": "/api/v2/language/7/"
            },
            "text": "Los Pok\u00e9mon pueden llevarla o usarla para\ncurarse las quemaduras.",
            "version_group": {
                "name": "x-y",
                "url": "/api/v2/version-group/15/"
            }
        },
        {
            "language": {
                "name": "it",
                "url": "/api/v2/language/8/"
            },
            "text": "Sfera molto luminosa da dare a Dialga.\nPotenzia le mosse di tipo Drago e Acciaio.",
            "version_group": {
                "name": "x-y",
                "url": "/api/v2/version-group/15/"
            }
        },
        {
            "language": {
                "name": "en",
                "url": "/api/v2/language/9/"
            },
            "text": "A brightly gleaming orb to be held by\nDialga. It boosts the power of Dragon-\u200b\nand Steel-type moves when it is held.",
            "version_group": {
                "name": "x-y",
                "url": "/api/v2/version-group/15/"
            }
        },
        {
            "language": {
                "name": "ja",
                "url": "/api/v2/language/11/"
            },
            "text": "\u30c7\u30a3\u30a2\u30eb\u30ac\u306b\u3000\u6301\u305f\u305b\u308b\u3068\u3000\u30c9\u30e9\u30b4\u30f3\u3068\n\u306f\u304c\u306d\u30bf\u30a4\u30d7\u306e\u3000\u6280\u306e\u3000\u5a01\u529b\u304c\n\u3042\u304c\u308b\u3000\u5149\u308a\u3000\u8f1d\u304f\u3000\u73e0\u3002",
            "version_group": {
                "name": "x-y",
                "url": "/api/v2/version-group/15/"
            }
        },
        {
            "language": {
                "name": "ja-Hrkt",
                "url": "/api/v2/language/1/"
            },
            "text": "\u30c7\u30a3\u30a2\u30eb\u30ac\u306b\u3000\u3082\u305f\u305b\u308b\u3068\u3000\u30c9\u30e9\u30b4\u30f3\u3068\n\u306f\u304c\u306d\u30bf\u30a4\u30d7\u306e\u3000\u308f\u3056\u306e\u3000\u3044\u308a\u3087\u304f\u304c\n\u3042\u304c\u308b\u3000\u3072\u304b\u308a\u3000\u304b\u304c\u3084\u304f\u3000\u305f\u307e\u3002",
            "version_group": {
                "name": "sun-moon",
                "url": "/api/v2/version-group/17/"
            }
        },
        {
            "language": {
                "name": "ko",
                "url": "/api/v2/language/3/"
            },
            "text": "\ub514\uc544\ub8e8\uac00\uc5d0\uac8c \uc9c0\ub2c8\uac8c \ud558\uba74 \ub4dc\ub798\uace4\uacfc\n\uac15\ucca0\ud0c0\uc785 \uae30\uc220\uc758 \uc704\ub825\uc774 \uc62c\ub77c\uac00\ub294\n\ubc18\uc9dd\ubc18\uc9dd \ube5b\ub098\ub294 \uad6c\uc2ac.",
            "version_group": {
                "name": "sun-moon",
                "url": "/api/v2/version-group/17/"
            }
        },
        {
            "language": {
                "name": "zh-Hant",
                "url": "/api/v2/language/4/"
            },
            "text": "\u8b93\u5e1d\u7259\u76e7\u5361\u651c\u5e36\u7684\u8a71\uff0c\n\u9f8d\u548c\u92fc\u5c6c\u6027\u7684\u62db\u5f0f\u5a01\u529b\u5c31\u6703\u63d0\u9ad8\u3002\n\u6563\u767c\u8457\u5149\u8f1d\u7684\u5bf6\u73e0\u3002",
            "version_group": {
                "name": "sun-moon",
                "url": "/api/v2/version-group/17/"
            }
        },
        {
            "language": {
                "name": "fr",
                "url": "/api/v2/language/5/"
            },
            "text": "Un orbe tr\u00e8s brillant destin\u00e9 \u00e0 Dialga.\nAugmente la puissance des capacit\u00e9s de type\nDragon et Acier.",
            "version_group": {
                "name": "sun-moon",
                "url": "/api/v2/version-group/17/"
            }
        },
        {
            "language": {
                "name": "de",
                "url": "/api/v2/language/6/"
            },
            "text": "Ein hell leuchtender Orb. Verst\u00e4rkt Attacken vom\nTyp Drache und Stahl, wenn Dialga ihn tr\u00e4gt.",
            "version_group": {
                "name": "sun-moon",
                "url": "/api/v2/version-group/17/"
            }
        },
        {
            "language": {
                "name": "es",
                "url": "/api/v2/language/7/"
            },
            "text": "Una esfera brillante que potencia los movimientos\nde tipo Acero y Drag\u00f3n. Debe llevarla Dialga.",
            "version_group": {
                "name": "sun-moon",
                "url": "/api/v2/version-group/17/"
            }
        },
        {
            "language": {
                "name": "it",
                "url": "/api/v2/language/8/"
            },
            "text": "Sfera molto luminosa da dare a Dialga.\nPotenzia le mosse di tipo Drago e Acciaio.",
            "version_group": {
                "name": "sun-moon",
                "url": "/api/v2/version-group/17/"
            }
        },
        {
            "language": {
                "name": "en",
                "url": "/api/v2/language/9/"
            },
            "text": "A brightly gleaming orb to be held by Dialga.\nIt boosts the power of Dragon- and Steel-type\nmoves when it is held.",
            "version_group": {
                "name": "sun-moon",
                "url": "/api/v2/version-group/17/"
            }
        },
        {
            "language": {
                "name": "ja",
                "url": "/api/v2/language/11/"
            },
            "text": "\u30c7\u30a3\u30a2\u30eb\u30ac\u306b\u3000\u6301\u305f\u305b\u308b\u3068\u3000\u30c9\u30e9\u30b4\u30f3\u3068\n\u306f\u304c\u306d\u30bf\u30a4\u30d7\u306e\u3000\u6280\u306e\u3000\u5a01\u529b\u304c\n\u3042\u304c\u308b\u3000\u5149\u308a\u3000\u8f1d\u304f\u3000\u73e0\u3002",
            "version_group": {
                "name": "sun-moon",
                "url": "/api/v2/version-group/17/"
            }
        },
        {
            "language": {
                "name": "zh-Hans",
                "url": "/api/v2/language/12/"
            },
            "text": "\u8ba9\u5e1d\u7259\u5362\u5361\u643a\u5e26\u7684\u8bdd\uff0c\n\u9f99\u548c\u94a2\u5c5e\u6027\u7684\u62db\u5f0f\u5a01\u529b\u5c31\u4f1a\u63d0\u9ad8\u3002\n\u6563\u53d1\u7740\u5149\u8f89\u7684\u5b9d\u73e0\u3002",
            "version_group": {
                "name": "sun-moon",
                "url": "/api/v2/version-group/17/"
            }
        },
        {
            "language": {
                "name": "ja-Hrkt",
                "url": "/api/v2/language/1/"
            },
            "text": "\u30c7\u30a3\u30a2\u30eb\u30ac\u306b\u3000\u3082\u305f\u305b\u308b\u3068\u3000\u30c9\u30e9\u30b4\u30f3\u3068\n\u306f\u304c\u306d\u30bf\u30a4\u30d7\u306e\u3000\u308f\u3056\u306e\u3000\u3044\u308a\u3087\u304f\u304c\n\u3042\u304c\u308b\u3000\u3072\u304b\u308a\u3000\u304b\u304c\u3084\u304f\u3000\u305f\u307e\u3002",
            "version_group": {
                "name": "ultra-sun-ultra-moon",
                "url": "/api/v2/version-group/18/"
            }
        },
        {
            "language": {
                "name": "ko",
                "url": "/api/v2/language/3/"
            },
            "text": "\ub514\uc544\ub8e8\uac00\uc5d0\uac8c \uc9c0\ub2c8\uac8c \ud558\uba74 \ub4dc\ub798\uace4\uacfc\n\uac15\ucca0\ud0c0\uc785 \uae30\uc220\uc758 \uc704\ub825\uc774 \uc62c\ub77c\uac00\ub294\n\ubc18\uc9dd\ubc18\uc9dd \ube5b\ub098\ub294 \uad6c\uc2ac.",
            "version_group": {
                "name": "ultra-sun-ultra-moon",
                "url": "/api/v2/version-group/18/"
            }
        },
        {
            "language": {
                "name": "zh-Hant",
                "url": "/api/v2/language/4/"
            },
            "text": "\u8b93\u5e1d\u7259\u76e7\u5361\u651c\u5e36\u7684\u8a71\uff0c\n\u9f8d\u548c\u92fc\u5c6c\u6027\u7684\u62db\u5f0f\u5a01\u529b\u5c31\u6703\u63d0\u9ad8\u3002\n\u6563\u767c\u8457\u5149\u8f1d\u7684\u5bf6\u73e0\u3002",
            "version_group": {
                "name": "ultra-sun-ultra-moon",
                "url": "/api/v2/version-group/18/"
            }
        },
        {
            "language": {
                "name": "fr",
                "url": "/api/v2/language/5/"
            },
            "text": "Un orbe tr\u00e8s brillant destin\u00e9 \u00e0 Dialga.\nAugmente la puissance des capacit\u00e9s de type\nDragon et Acier.",
            "version_group": {
                "name": "ultra-sun-ultra-moon",
                "url": "/api/v2/version-group/18/"
            }
        },
        {
            "language": {
                "name": "de",
                "url": "/api/v2/language/6/"
            },
            "text": "Ein hell leuchtender Orb. Verst\u00e4rkt Attacken vom\nTyp Drache und Stahl, wenn Dialga ihn tr\u00e4gt.",
            "version_group": {
                "name": "ultra-sun-ultra-moon",
                "url": "/api/v2/version-group/18/"
            }
        },
        {
            "language": {
                "name": "es",
                "url": "/api/v2/language/7/"
            },
            "text": "Una esfera brillante que potencia los movimientos\nde tipo Acero y Drag\u00f3n. Debe llevarla Dialga.",
            "version_group": {
                "name": "ultra-sun-ultra-moon",
                "url": "/api/v2/version-group/18/"
            }
        },
        {
            "language": {
                "name": "it",
                "url": "/api/v2/language/8/"
            },
            "text": "Sfera molto luminosa da dare a Dialga.\nPotenzia le mosse di tipo Drago e Acciaio.",
            "version_group": {
                "name": "ultra-sun-ultra-moon",
                "url": "/api/v2/version-group/18/"
            }
        },
        {
            "language": {
                "name": "en",
                "url": "/api/v2/language/9/"
            },
            "text": "A brightly gleaming orb to be held by Dialga.\nIt boosts the power of Dragon- and Steel-type\nmoves when it is held.",
            "version_group": {
                "name": "ultra-sun-ultra-moon",
                "url": "/api/v2/version-group/18/"
            }
        },
        {
            "language": {
                "name": "ja",
                "url": "/api/v2/language/11/"
            },
            "text": "\u30c7\u30a3\u30a2\u30eb\u30ac\u306b\u3000\u6301\u305f\u305b\u308b\u3068\u3000\u30c9\u30e9\u30b4\u30f3\u3068\n\u306f\u304c\u306d\u30bf\u30a4\u30d7\u306e\u3000\u6280\u306e\u3000\u5a01\u529b\u304c\n\u3042\u304c\u308b\u3000\u5149\u308a\u3000\u8f1d\u304f\u3000\u73e0\u3002",
            "version_group": {
                "name": "ultra-sun-ultra-moon",
                "url": "/api/v2/version-group/18/"
            }
        },
        {
            "language": {
                "name": "zh-Hans",
                "url": "/api/v2/language/12/"
            },
            "text": "\u8ba9\u5e1d\u7259\u5362\u5361\u643a\u5e26\u7684\u8bdd\uff0c\n\u9f99\u548c\u94a2\u5c5e\u6027\u7684\u62db\u5f0f\u5a01\u529b\u5c31\u4f1a\u63d0\u9ad8\u3002\n\u6563\u53d1\u7740\u5149\u8f89\u7684\u5b9d\u73e0\u3002",
            "version_group": {
                "name": "ultra-sun-ultra-moon",
                "url": "/api/v2/version-group/18/"
            }
        },
        {
            "language": {
                "name": "ja-Hrkt",
                "url": "/api/v2/language/1/"
            },
            "text": "\u30c7\u30a3\u30a2\u30eb\u30ac\u306b\u3000\u3082\u305f\u305b\u308b\u3068\u3000\u30c9\u30e9\u30b4\u30f3\u3068\n\u306f\u304c\u306d\u30bf\u30a4\u30d7\u306e\u3000\u308f\u3056\u306e\u3000\u3044\u308a\u3087\u304f\u304c\n\u3042\u304c\u308b\u3000\u3072\u304b\u308a\u3000\u304b\u304c\u3084\u304f\u3000\u305f\u307e\u3002",
            "version_group": {
                "name": "lets-go-pikachu-lets-go-eevee",
                "url": "/api/v2/version-group/19/"
            }
        },
        {
            "language": {
                "name": "ko",
                "url": "/api/v2/language/3/"
            },
            "text": "\ub514\uc544\ub8e8\uac00\uc5d0\uac8c \uc9c0\ub2c8\uac8c \ud558\uba74 \ub4dc\ub798\uace4\uacfc\n\uac15\ucca0\ud0c0\uc785 \uae30\uc220\uc758 \uc704\ub825\uc774 \uc62c\ub77c\uac00\ub294\n\ubc18\uc9dd\ubc18\uc9dd \ube5b\ub098\ub294 \uad6c\uc2ac.",
            "version_group": {
                "name": "lets-go-pikachu-lets-go-eevee",
                "url": "/api/v2/version-group/19/"
            }
        },
        {
            "language": {
                "name": "zh-Hant",
                "url": "/api/v2/language/4/"
            },
            "text": "\u8b93\u5e1d\u7259\u76e7\u5361\u651c\u5e36\u7684\u8a71\uff0c\n\u9f8d\u548c\u92fc\u5c6c\u6027\u7684\u62db\u5f0f\u5a01\u529b\u5c31\u6703\u63d0\u9ad8\u3002\n\u6563\u767c\u8457\u5149\u8f1d\u7684\u5bf6\u73e0\u3002",
            "version_group": {
                "name": "lets-go-pikachu-lets-go-eevee",
                "url": "/api/v2/version-group/19/"
            }
        },
        {
            "language": {
                "name": "fr",
                "url": "/api/v2/language/5/"
            },
            "text": "Un orbe tr\u00e8s brillant destin\u00e9 \u00e0 Dialga.\nAugmente la puissance des capacit\u00e9s de type Dragon\net Acier.",
            "version_group": {
                "name": "lets-go-pikachu-lets-go-eevee",
                "url": "/api/v2/version-group/19/"
            }
        },
        {
            "language": {
                "name": "de",
                "url": "/api/v2/language/6/"
            },
            "text": "Ein hell leuchtender Orb. Verst\u00e4rkt Attacken vom\nTyp Drache und Stahl, wenn Dialga ihn tr\u00e4gt.",
            "version_group": {
                "name": "lets-go-pikachu-lets-go-eevee",
                "url": "/api/v2/version-group/19/"
            }
        },
        {
            "language": {
                "name": "es",
                "url": "/api/v2/language/7/"
            },
            "text": "Una esfera brillante que potencia los movimientos\nde tipo Acero y Drag\u00f3n. Debe llevarla Dialga.",
            "version_group": {
                "name": "lets-go-pikachu-lets-go-eevee",
                "url": "/api/v2/version-group/19/"
            }
        },
        {
            "language": {
                "name": "it",
                "url": "/api/v2/language/8/"
            },
            "text": "Sfera molto luminosa da dare a Dialga.\nPotenzia le mosse di tipo Drago e Acciaio.",
            "version_group": {
                "name": "lets-go-pikachu-lets-go-eevee",
                "url": "/api/v2/version-group/19/"
            }
        },
        {
            "language": {
                "name": "en",
                "url": "/api/v2/language/9/"
            },
            "text": "A brightly gleaming orb to be held by Dialga.\nIt boosts the power of Dragon- and Steel-type\nmoves when it is held.",
            "version_group": {
                "name": "lets-go-pikachu-lets-go-eevee",
                "url": "/api/v2/version-group/19/"
            }
        },
        {
            "language": {
                "name": "ja",
                "url": "/api/v2/language/11/"
            },
            "text": "\u30c7\u30a3\u30a2\u30eb\u30ac\u306b\u3000\u6301\u305f\u305b\u308b\u3068\u3000\u30c9\u30e9\u30b4\u30f3\u3068\n\u306f\u304c\u306d\u30bf\u30a4\u30d7\u306e\u3000\u6280\u306e\u3000\u5a01\u529b\u304c\n\u3042\u304c\u308b\u3000\u5149\u308a\u3000\u8f1d\u304f\u3000\u73e0\u3002",
            "version_group": {
                "name": "lets-go-pikachu-lets-go-eevee",
                "url": "/api/v2/version-group/19/"
            }
        },
        {
            "language": {
                "name": "zh-Hans",
                "url": "/api/v2/language/12/"
            },
            "text": "\u8ba9\u5e1d\u7259\u5362\u5361\u643a\u5e26\u7684\u8bdd\uff0c\n\u9f99\u548c\u94a2\u5c5e\u6027\u7684\u62db\u5f0f\u5a01\u529b\u5c31\u4f1a\u63d0\u9ad8\u3002\n\u6563\u53d1\u7740\u5149\u8f89\u7684\u5b9d\u73e0\u3002",
            "version_group": {
                "name": "lets-go-pikachu-lets-go-eevee",
                "url": "/api/v2/version-group/19/"
            }
        },
        {
            "language": {
                "name": "ja-Hrkt",
                "url": "/api/v2/language/1/"
            },
            "text": "\u30c7\u30a3\u30a2\u30eb\u30ac\u306b\u3000\u3082\u305f\u305b\u308b\u3068\u3000\u30c9\u30e9\u30b4\u30f3\u3068\n\u306f\u304c\u306d\u30bf\u30a4\u30d7\u306e\u3000\u308f\u3056\u306e\u3000\u3044\u308a\u3087\u304f\u304c\n\u3042\u304c\u308b\u3000\u3072\u304b\u308a\u3000\u304b\u304c\u3084\u304f\u3000\u305f\u307e\u3002",
            "version_group": {
                "name": "sword-shield",
                "url": "/api/v2/version-group/20/"
            }
        },
        {
            "language": {
                "name": "ko",
                "url": "/api/v2/language/3/"
            },
            "text": "\ub514\uc544\ub8e8\uac00\uc5d0\uac8c \uc9c0\ub2c8\uac8c \ud558\uba74 \ub4dc\ub798\uace4\uacfc\n\uac15\ucca0\ud0c0\uc785 \uae30\uc220\uc758 \uc704\ub825\uc774 \uc62c\ub77c\uac00\ub294\n\ubc18\uc9dd\ubc18\uc9dd \ube5b\ub098\ub294 \uad6c\uc2ac.",
            "version_group": {
                "name": "sword-shield",
                "url": "/api/v2/version-group/20/"
            }
        },
        {
            "language": {
                "name": "zh-Hant",
                "url": "/api/v2/language/4/"
            },
            "text": "\u8b93\u5e1d\u7259\u76e7\u5361\u651c\u5e36\u7684\u8a71\uff0c\n\u9f8d\u548c\u92fc\u5c6c\u6027\u7684\u62db\u5f0f\u5a01\u529b\u5c31\u6703\u63d0\u9ad8\u3002\n\u6563\u767c\u8457\u5149\u8f1d\u7684\u5bf6\u73e0\u3002",
            "version_group": {
                "name": "sword-shield",
                "url": "/api/v2/version-group/20/"
            }
        },
        {
            "language": {
                "name": "fr",
                "url": "/api/v2/language/5/"
            },
            "text": "Un orbe tr\u00e8s brillant destin\u00e9 \u00e0 Dialga.\nAugmente la puissance des capacit\u00e9s de types\nDragon et Acier.",
            "version_group": {
                "name": "sword-shield",
                "url": "/api/v2/version-group/20/"
            }
        },
        {
            "language": {
                "name": "de",
                "url": "/api/v2/language/6/"
            },
            "text": "Ein hell leuchtender Orb. Verst\u00e4rkt Attacken vom Typ\nDrache und Stahl, wenn Dialga ihn tr\u00e4gt.",
            "version_group": {
                "name": "sword-shield",
                "url": "/api/v2/version-group/20/"
            }
        },
        {
            "language": {
                "name": "es",
                "url": "/api/v2/language/7/"
            },
            "text": "Una esfera brillante que potencia los movimientos de\ntipo Acero y Drag\u00f3n. Debe llevarla Dialga.",
            "version_group": {
                "name": "sword-shield",
                "url": "/api/v2/version-group/20/"
            }
        },
        {
            "language": {
                "name": "it",
                "url": "/api/v2/language/8/"
            },
            "text": "Sfera molto luminosa da dare a Dialga.\nPotenzia le mosse di tipo Drago e Acciaio.",
            "version_group": {
                "name": "sword-shield",
                "url": "/api/v2/version-group/20/"
            }
        },
        {
            "language": {
                "name": "en",
                "url": "/api/v2/language/9/"
            },
            "text": "A brightly gleaming orb to be held by Dialga.\nIt boosts the power of Dragon- and Steel-type\nmoves when it is held.",
            "version_group": {
                "name": "sword-shield",
                "url": "/api/v2/version-group/20/"
            }
        },
        {
            "language": {
                "name": "ja",
                "url": "/api/v2/language/11/"
            },
            "text": "\u30c7\u30a3\u30a2\u30eb\u30ac\u306b\u3000\u6301\u305f\u305b\u308b\u3068\u3000\u30c9\u30e9\u30b4\u30f3\u3068\n\u306f\u304c\u306d\u30bf\u30a4\u30d7\u306e\u3000\u6280\u306e\u3000\u5a01\u529b\u304c\n\u3042\u304c\u308b\u3000\u5149\u308a\u3000\u8f1d\u304f\u3000\u73e0\u3002",
            "version_group": {
                "name": "sword-shield",
                "url": "/api/v2/version-group/20/"
            }
        },
        {
            "language": {
                "name": "zh-Hans",
                "url": "/api/v2/language/12/"
            },
            "text": "\u8ba9\u5e1d\u7259\u5362\u5361\u643a\u5e26\u7684\u8bdd\uff0c\n\u9f99\u548c\u94a2\u5c5e\u6027\u7684\u62db\u5f0f\u5a01\u529b\u5c31\u4f1a\u63d0\u9ad8\u3002\n\u6563\u53d1\u7740\u5149\u8f89\u7684\u5b9d\u73e0\u3002",
            "version_group": {
                "name": "sword-shield",
                "url": "/api/v2/version-group/20/"
            }
        }
    ],
    "fling_effect": null,
    "fling_power": 60,
    "game_indices": [
        {
            "game_index": 135,
            "generation": {
                "name": "generation-iv",
                "url": "/api/v2/generation/4/"
            }
        },
        {
            "game_index": 135,
            "generation": {
                "name": "generation-v",
                "url": "/api/v2/generation/5/"
            }
        },
        {
            "game_index": 135,
            "generation": {
                "name": "generation-vi",
                "url": "/api/v2/generation/6/"
            }
        },
        {
            "game_index": 135,
            "generation": {
                "name": "generation-vii",
                "url": "/api/v2/generation/7/"
            }
        },
        {
            "game_index": 135,
            "generation": {
                "name": "generation-viii",
                "url": "/api/v2/generation/8/"
            }
        }
    ],
    "held_by_pokemon": [],
    "id": 112,
    "machines": [],
    "name": "adamant-orb",
    "names": [
        {
            "language": {
                "name": "ja-Hrkt",
                "url": "/api/v2/language/1/"
            },
            "name": "\u3053\u3093\u3054\u3046\u3060\u307e"
        },
        {
            "language": {
                "name": "ko",
                "url": "/api/v2/language/3/"
            },
            "name": "\uae08\uac15\uc625"
        },
        {
            "language": {
                "name": "zh-Hant",
                "url": "/api/v2/language/4/"
            },
            "name": "\u91d1\u525b\u5bf6\u73e0"
        },
        {
            "language": {
                "name": "fr",
                "url": "/api/v2/language/5/"
            },
            "name": "Orbe Adamant"
        },
        {
            "language": {
                "name": "de",
                "url": "/api/v2/language/6/"
            },
            "name": "Adamant-Orb"
        },
        {
            "language": {
                "name": "es",
                "url": "/api/v2/language/7/"
            },
            "name": "Diamansfera"
        },
        {
            "language": {
                "name": "it",
                "url": "/api/v2/language/8/"
            },
            "name": "Adamasfera"
        },
        {
            "language": {
                "name": "en",
                "url": "/api/v2/language/9/"
            },
            "name": "Adamant Orb"
        },
        {
            "language": {
                "name": "ja",
                "url": "/api/v2/language/11/"
            },
            "name": "\u3053\u3093\u3054\u3046\u3060\u307e"
        },
        {
            "language": {
                "name": "zh-Hans",
                "url": "/api/v2/language/12/"
            },
            "name": "\u91d1\u521a\u5b9d\u73e0"
        }
    ],
    "sprites": {
        "default": "https://raw.githubusercontent.com/PokeAPI/sprites/master/sprites/items/adamant-orb.png"
    }
}