{
    "attributes": [],
    "baby_trigger_for": null,
    "category": {
        "name": "unused",
        "url": "/api/v2/item-category/23/"
    },
    "cost": 0,
    "effect_entries": [],
    "flavor_text_entries": [
        {
            "language": {
                "name": "ja-Hrkt",
                "url": "/api/v2/language/1/"
            },
            "text": "\u30dd\u30b1\u30e2\u30f3\u306e\u3000\u30ed\u30c8\u30e0\u3092\u3000\u304f\u307f\u3042\u308f\u305b\n\u30bf\u30fc\u30dc\u304c\u3000\u3067\u304d\u308b\u3088\u3046\u306b\u306a\u3063\u305f\u3000\u3060\u3051\u3067\u306a\u304f\n\u3059\u3044\u3058\u3087\u3046\u3082\u3000\u306f\u3057\u308c\u308b\u3000\u3058\u3066\u3093\u3057\u3083\u3002",
            "version_group": {
                "name": "sword-shield",
                "url": "/api/v2/version-group/20/"
            }
        },
        {
            "language": {
                "name": "ko",
                "url": "/api/v2/language/3/"
            },
            "text": "\ud3ec\ucf13\ubaac \ub85c\ud1a0\ubb34\uc640\uc758 \uc870\ud569\uc73c\ub85c\n\ud130\ubcf4\ub97c \uc0ac\uc6a9\ud560 \uc218 \uc788\uc744 \ubfd0\ub9cc \uc544\ub2c8\ub77c\n\ubb3c \uc704\uc5d0\uc11c\ub3c4 \ub2ec\ub9b4 \uc218 \uc788\ub294 \uc790\uc804\uac70.",
            "version_group": {
                "name": "sword-shield",
                "url": "/api/v2/version-group/20/"
            }
        },
        {
            "language": {
                "name": "zh-Hant",
                "url": "/api/v2/language/4/"
            },
            "text": "\u548c\u5bf6\u53ef\u5922\u6d1b\u6258\u59c6\u7d50\u5408\u7684\u81ea\u884c\u8eca\u3002\n\u4e0d\u50c5\u53ef\u4ee5\u9032\u884c\u6e26\u8f2a\u52a0\u901f\uff0c\n\u9084\u80fd\u5728\u6c34\u4e0a\u79fb\u52d5\u3002",
            "version_group": {
                "name": "sword-shield",
                "url": "/api/v2/version-group/20/"
            }
        },
        {
            "language": {
                "name": "fr",
                "url": "/api/v2/language/5/"
            },
            "text": "Sous l\u2019influence de Motisma, cette bicyclette permet\nnon seulement de mettre le turbo, mais \u00e9galement\nde se d\u00e9placer sur l\u2019eau.",
            "version_group": {
                "name": "sword-shield",
                "url": "/api/v2/version-group/20/"
            }
        },
        {
            "language": {
                "name": "de",
                "url": "/api/v2/language/6/"
            },
            "text": "Ein Fahrrad, in dem sich ein Rotom befindet. Es wurde\nnicht nur um den Rotom-Turbo erweitert, sondern kann\nsich jetzt auch auf dem Wasser fortbewegen.",
            "version_group": {
                "name": "sword-shield",
                "url": "/api/v2/version-group/20/"
            }
        },
        {
            "language": {
                "name": "es",
                "url": "/api/v2/language/7/"
            },
            "text": "Combinada con el Pok\u00e9mon Rotom, esta bicicleta te\npermite usar un turbo y tambi\u00e9n desplazarte por encima\ndel agua.",
            "version_group": {
                "name": "sword-shield",
                "url": "/api/v2/version-group/20/"
            }
        },
        {
            "language": {
                "name": "it",
                "url": "/api/v2/language/8/"
            },
            "text": "La presenza di Rotom non permette solo di usare\nil turbo, ma anche di correre sulla superficie dell\u2019acqua.",
            "version_group": {
                "name": "sword-shield",
                "url": "/api/v2/version-group/20/"
            }
        },
        {
            "language": {
                "name": "en",
                "url": "/api/v2/language/9/"
            },
            "text": "This bike can be combined with the Pok\u00e9mon Rotom to\nnot only do a turbo boost but also run on the water.",
            "version_group": {
                "name": "sword-shield",
                "url": "/api/v2/version-group/20/"
            }
        },
        {
            "language": {
                "name": "ja",
                "url": "/api/v2/language/11/"
            },
            "text": "\u30dd\u30b1\u30e2\u30f3\u306e\u3000\u30ed\u30c8\u30e0\u3092\u3000\u7d44\u307f\u5408\u308f\u305b\n\u30bf\u30fc\u30dc\u304c\u3000\u3067\u304d\u308b\u3088\u3046\u306b\u306a\u3063\u305f\u3000\u3060\u3051\u3067\u306a\u304f\n\u6c34\u4e0a\u3082\u3000\u8d70\u308c\u308b\u3000\u3058\u3066\u3093\u3057\u3083\u3002",
            "version_group": {
                "name": "sword-shield",
                "url": "/api/v2/version-group/20/"
            }
        },
        {
            "language": {
                "name": "zh-Hans",
                "url": "/api/v2/language/12/"
            },
            "text": "\u81ea\u884c\u8f66\u548c\u5b9d\u53ef\u68a6\u6d1b\u6258\u59c6\u7ec4\u5408\u540e\uff0c\n\u4e0d\u4ec5\u53ef\u4ee5\u901a\u8fc7\u6da1\u8f6e\u53d1\u52a8\u673a\u52a0\u901f\uff0c\n\u800c\u4e14\u53ef\u4ee5\u5728\u6c34\u9762\u4e0a\u9a91\u884c\u3002",
            "version_group": {
                "name": "sword-shield",
                "url": "/api/v2/version-group/20/"
            }
        }
    ],
    "fling_effect": null,
    "fling_power": null,
    "game_indices": [
        {
            "game_index": 1266,
            "generation": {
                "name": "generation-viii",
                "url": "/api/v2/generation/8/"
            }
        }
    ],
    "held_by_pokemon": [],
    "id": 1324,
    "machines": [],
    "name": "rotom-bike--water-mode",
    "names": [
        {
            "language": {
                "name": "ja-Hrkt",
                "url": "/api/v2/language/1/"
            },
            "name": "\u30ed\u30c8\u30e0\u3058\u3066\u3093\u3057\u3083"
        },
        {
            "language": {
                "name": "ko",
                "url": "/api/v2/language/3/"
            },
            "name": "\ub85c\ud1a0\ubb34\uc790\uc804\uac70"
        },
        {
            "language": {
                "name": "zh-Hant",
                "url": "/api/v2/language/4/"
            },
            "name": "\u6d1b\u6258\u59c6\u81ea\u884c\u8eca"
        },
        {
            "language": {
                "name": "fr",
                "url": "/api/v2/language/5/"
            },
            "name": "Moticyclette"
        },
        {
            "language": {
                "name": "de",
                "url": "/api/v2/language/6/"
            },
            "name": "Rotom-Rad"
        },
        {
            "language": {
                "name": "es",
                "url": "/api/v2/language/7/"
            },
            "name": "Bici Rotom"
        },
        {
            "language": {
                "name": "it",
                "url": "/api/v2/language/8/"
            },
            "name": "Bici Rotom"
        },
        {
            "language": {
                "name": "en",
                "url": "/api/v2/language/9/"
            },
            "name": "Rotom Bike"
        },
        {
            "language": {
                "name": "ja",
                "url": "/api/v2/language/11/"
            },
            "name": "\u30ed\u30c8\u30e0\u3058\u3066\u3093\u3057\u3083"
        },
        {
            "language": {
                "name": "zh-Hans",
                "url": "/api/v2/language/12/"
            },
            "name": "\u6d1b\u6258\u59c6\u81ea\u884c\u8f66"
        }
    ],
    "sprites": {
        "default": null
    }
}