{
    "attributes": [],
    "baby_trigger_for": null,
    "category": {
        "name": "all-machines",
        "url": "/api/v2/item-category/37/"
    },
    "cost": 4000,
    "effect_entries": [],
    "flavor_text_entries": [
        {
            "language": {
                "name": "es",
                "url": "/api/v2/language/7/"
            },
            "text": "Sube la Defensa y la Defensa Especial propias con \nenerg\u00eda m\u00edstica.",
            "version_group": {
                "name": "sword-shield",
                "url": "/api/v2/version-group/20/"
            }
        },
        {
            "language": {
                "name": "ja-Hrkt",
                "url": "/api/v2/language/1/"
            },
            "text": "\u3046\u3061\u3085\u3046\u3000\u304b\u3089\u3000\u3057\u3093\u3074\u306e\u3000\u3061\u304b\u3089\u3092\n\u3068\u308a\u3053\u3080\u3000\u3053\u3068\u3067\u3000\u3058\u3076\u3093\u306e\n\u307c\u3046\u304e\u3087\u3068\u3000\u3068\u304f\u307c\u3046\u3092\u3000\u3042\u3052\u308b\u3002",
            "version_group": {
                "name": "sword-shield",
                "url": "/api/v2/version-group/20/"
            }
        },
        {
            "language": {
                "name": "ko",
                "url": "/api/v2/language/3/"
            },
            "text": "\uc6b0\uc8fc\ub85c\ubd80\ud130 \uc2e0\ube44\ud55c \ud798\uc744\n\uc190\uc5d0 \ub123\uc74c\uc73c\ub85c\uc368\n\uc790\uc2e0\uc758 \ubc29\uc5b4\uc640 \ud2b9\uc218\ubc29\uc5b4\ub97c \uc62c\ub9b0\ub2e4.",
            "version_group": {
                "name": "sword-shield",
                "url": "/api/v2/version-group/20/"
            }
        },
        {
            "language": {
                "name": "zh-Hant",
                "url": "/api/v2/language/4/"
            },
            "text": "\u5438\u53d6\u4f86\u81ea\u5b87\u5b99\u7684\u795e\u79d8\u529b\u91cf\uff0c\n\u63d0\u9ad8\u81ea\u5df1\u7684\u9632\u79a6\u548c\u7279\u9632\u3002",
            "version_group": {
                "name": "sword-shield",
                "url": "/api/v2/version-group/20/"
            }
        },
        {
            "language": {
                "name": "fr",
                "url": "/api/v2/language/5/"
            },
            "text": "Le lanceur absorbe un pouvoir mystique spatial\nqui augmente sa D\u00e9fense et sa D\u00e9fense Sp\u00e9ciale.",
            "version_group": {
                "name": "sword-shield",
                "url": "/api/v2/version-group/20/"
            }
        },
        {
            "language": {
                "name": "de",
                "url": "/api/v2/language/6/"
            },
            "text": "Erh\u00f6ht Verteidigung und Spezial-Verteidigung durch\neine mystische Kraft.",
            "version_group": {
                "name": "sword-shield",
                "url": "/api/v2/version-group/20/"
            }
        },
        {
            "language": {
                "name": "it",
                "url": "/api/v2/language/8/"
            },
            "text": "Chi la usa assorbe una forza mistica dallo spazio\nche aumenta la Difesa e la Difesa Speciale.",
            "version_group": {
                "name": "sword-shield",
                "url": "/api/v2/version-group/20/"
            }
        },
        {
            "language": {
                "name": "en",
                "url": "/api/v2/language/9/"
            },
            "text": "The user absorbs a mystical power from space to\nraise its Defense and Sp. Def stats.",
            "version_group": {
                "name": "sword-shield",
                "url": "/api/v2/version-group/20/"
            }
        },
        {
            "language": {
                "name": "ja",
                "url": "/api/v2/language/11/"
            },
            "text": "\u5b87\u5b99\u304b\u3089\u3000\u795e\u79d8\u306e\u3000\u529b\u3092\n\u3068\u308a\u3053\u3080\u3000\u3053\u3068\u3067\n\u81ea\u5206\u306e\u3000\u9632\u5fa1\u3068\u3000\u7279\u9632\u3092\u3000\u3042\u3052\u308b\u3002",
            "version_group": {
                "name": "sword-shield",
                "url": "/api/v2/version-group/20/"
            }
        },
        {
            "language": {
                "name": "zh-Hans",
                "url": "/api/v2/language/12/"
            },
            "text": "\u6c72\u53d6\u5b87\u5b99\u4e2d\u795e\u79d8\u7684\u529b\u91cf\uff0c\n\u4ece\u800c\u63d0\u9ad8\u81ea\u5df1\u7684\u9632\u5fa1\u548c\u7279\u9632\u3002",
            "version_group": {
                "name": "sword-shield",
                "url": "/api/v2/version-group/20/"
            }
        }
    ],
    "fling_effect": null,
    "fling_power": 10,
    "game_indices": [
        {
            "game_index": 1174,
            "generation": {
                "name": "generation-viii",
                "url": "/api/v2/generation/8/"
            }
        }
    ],
    "held_by_pokemon": [],
    "id": 1232,
    "machines": [
        {
            "machine": {
                "url": "/api/v2/machine/1633/"
            },
            "version_group": {
                "name": "sword-shield",
                "url": "/api/v2/version-group/20/"
            }
        }
    ],
    "name": "tr44",
    "names": [
        {
            "language": {
                "name": "ja-Hrkt",
                "url": "/api/v2/language/1/"
            },
            "name": "\u308f\u3056\u30ec\u30b3\u30fc\u30c9\uff14\uff14"
        },
        {
            "language": {
                "name": "ko",
                "url": "/api/v2/language/3/"
            },
            "name": "\uae30\uc220\ub808\ucf54\ub4dc44"
        },
        {
            "language": {
                "name": "zh-Hant",
                "url": "/api/v2/language/4/"
            },
            "name": "\u62db\u5f0f\u7d00\u9304\uff14\uff14"
        },
        {
            "language": {
                "name": "fr",
                "url": "/api/v2/language/5/"
            },
            "name": "DT44"
        },
        {
            "language": {
                "name": "de",
                "url": "/api/v2/language/6/"
            },
            "name": "TP44"
        },
        {
            "language": {
                "name": "es",
                "url": "/api/v2/language/7/"
            },
            "name": "DT44"
        },
        {
            "language": {
                "name": "it",
                "url": "/api/v2/language/8/"
            },
            "name": "DT44"
        },
        {
            "language": {
                "name": "en",
                "url": "/api/v2/language/9/"
            },
            "name": "TR44"
        },
        {
            "language": {
                "name": "ja",
                "url": "/api/v2/language/11/"
            },
            "name": "\u308f\u3056\u30ec\u30b3\u30fc\u30c9\uff14\uff14"
        },
        {
            "language": {
                "name": "zh-Hans",
                "url": "/api/v2/language/12/"
            },
            "name": "\u62db\u5f0f\u8bb0\u5f55\uff14\uff14"
        }
    ],
    "sprites": {
        "default": null
    }
}