{
    "attributes": [],
    "baby_trigger_for": null,
    "category": {
        "name": "vitamins",
        "url": "/api/v2/item-category/26/"
    },
    "cost": 20,
    "effect_entries": [],
    "flavor_text_entries": [
        {
            "language": {
                "name": "ja-Hrkt",
                "url": "/api/v2/language/1/"
            },
            "text": "\u30a8\u30cd\u30eb\u30ae\u30fc\u306e\u3000\u3064\u307e\u3063\u305f\u3000\u30a2\u30e1\u3002\n\u3042\u305f\u3048\u308b\u3068\u3000\u30dd\u30b1\u30e2\u30f3\u3000\uff11\u3072\u304d\u306e\n\u3051\u3044\u3051\u3093\u3061\u304c\u3000\u307b\u3093\u306e\u3059\u3053\u3057\u3000\u3075\u3048\u308b\u3002",
            "version_group": {
                "name": "sword-shield",
                "url": "/api/v2/version-group/20/"
            }
        },
        {
            "language": {
                "name": "ko",
                "url": "/api/v2/language/3/"
            },
            "text": "\uc5d0\ub108\uc9c0\uac00 \uac00\ub4dd\ud55c \uc0ac\ud0d5.\n\uba39\uc774\uba74 \ud3ec\ucf13\ubaac 1\ub9c8\ub9ac\uc758\n\uacbd\ud5d8\uce58\uac00 \uc544\uc8fc \uc870\uae08 \uc62c\ub77c\uac04\ub2e4.",
            "version_group": {
                "name": "sword-shield",
                "url": "/api/v2/version-group/20/"
            }
        },
        {
            "language": {
                "name": "zh-Hant",
                "url": "/api/v2/language/4/"
            },
            "text": "\u5145\u6eff\u80fd\u91cf\u7684\u7cd6\u679c\u3002\n\u9935\u7d66\u5bf6\u53ef\u5922\u5f8c\uff0c\n\u80fd\u8b93\uff11\u96bb\u5bf6\u53ef\u5922\u589e\u52a0\u4e9b\u5fae\u7d93\u9a57\u503c\u3002",
            "version_group": {
                "name": "sword-shield",
                "url": "/api/v2/version-group/20/"
            }
        },
        {
            "language": {
                "name": "fr",
                "url": "/api/v2/language/5/"
            },
            "text": "Un bonbon plein d\u2019\u00e9nergie.\nIl permet \u00e0 un Pok\u00e9mon de gagner un petit peu\nde Points d\u2019Exp\u00e9rience.",
            "version_group": {
                "name": "sword-shield",
                "url": "/api/v2/version-group/20/"
            }
        },
        {
            "language": {
                "name": "de",
                "url": "/api/v2/language/6/"
            },
            "text": "Ein Bonbon, das voller Energie steckt. Beim Verzehr\nerh\u00e4lt das Pok\u00e9mon eine sehr geringe Menge an\nErfahrungspunkten.",
            "version_group": {
                "name": "sword-shield",
                "url": "/api/v2/version-group/20/"
            }
        },
        {
            "language": {
                "name": "es",
                "url": "/api/v2/language/7/"
            },
            "text": "Caramelo energ\u00e9tico que aumenta liger\u00edsimamente los\nPuntos de Experiencia de un Pok\u00e9mon.",
            "version_group": {
                "name": "sword-shield",
                "url": "/api/v2/version-group/20/"
            }
        },
        {
            "language": {
                "name": "it",
                "url": "/api/v2/language/8/"
            },
            "text": "Caramella altamente energetica che aumenta di\npochissimo i Punti Esperienza di un Pok\u00e9mon.",
            "version_group": {
                "name": "sword-shield",
                "url": "/api/v2/version-group/20/"
            }
        },
        {
            "language": {
                "name": "en",
                "url": "/api/v2/language/9/"
            },
            "text": "A candy that is packed with energy. When consumed, it\nwill grant a single Pok\u00e9mon a very small amount of\nExp. Points.",
            "version_group": {
                "name": "sword-shield",
                "url": "/api/v2/version-group/20/"
            }
        },
        {
            "language": {
                "name": "ja",
                "url": "/api/v2/language/11/"
            },
            "text": "\u30a8\u30cd\u30eb\u30ae\u30fc\u306e\u3000\u3064\u307e\u3063\u305f\u3000\u30a2\u30e1\u3002\n\u4e0e\u3048\u308b\u3068\u3000\u30dd\u30b1\u30e2\u30f3\u3000\uff11\u5339\u306e\n\u7d4c\u9a13\u5024\u304c\u3000\u307b\u3093\u306e\u5c11\u3057\u3000\u5897\u3048\u308b\u3002",
            "version_group": {
                "name": "sword-shield",
                "url": "/api/v2/version-group/20/"
            }
        },
        {
            "language": {
                "name": "zh-Hans",
                "url": "/api/v2/language/12/"
            },
            "text": "\u5145\u6ee1\u80fd\u91cf\u7684\u7cd6\u679c\u3002\n\u4ea4\u7ed9\uff11\u53ea\u5b9d\u53ef\u68a6\u540e\uff0c\n\u53ef\u4ee5\u4e3a\u5b83\u589e\u52a0\u4e00\u70b9\u70b9\u7ecf\u9a8c\u503c\u3002",
            "version_group": {
                "name": "sword-shield",
                "url": "/api/v2/version-group/20/"
            }
        }
    ],
    "fling_effect": null,
    "fling_power": 30,
    "game_indices": [
        {
            "game_index": 1124,
            "generation": {
                "name": "generation-viii",
                "url": "/api/v2/generation/8/"
            }
        }
    ],
    "held_by_pokemon": [],
    "id": 1182,
    "machines": [],
    "name": "exp-candy-xs",
    "names": [
        {
            "language": {
                "name": "ja-Hrkt",
                "url": "/api/v2/language/1/"
            },
            "name": "\u3051\u3044\u3051\u3093\u30a2\u30e1\uff38\uff33"
        },
        {
            "language": {
                "name": "ko",
                "url": "/api/v2/language/3/"
            },
            "name": "\uacbd\ud5d8\uc0ac\ud0d5XS"
        },
        {
            "language": {
                "name": "zh-Hant",
                "url": "/api/v2/language/4/"
            },
            "name": "\u7d93\u9a57\u7cd6\u679c\uff38\uff33"
        },
        {
            "language": {
                "name": "fr",
                "url": "/api/v2/language/5/"
            },
            "name": "Bonbon Exp. XS"
        },
        {
            "language": {
                "name": "de",
                "url": "/api/v2/language/6/"
            },
            "name": "EP-Bonbon XS"
        },
        {
            "language": {
                "name": "es",
                "url": "/api/v2/language/7/"
            },
            "name": "Caramelo Exp. XS"
        },
        {
            "language": {
                "name": "it",
                "url": "/api/v2/language/8/"
            },
            "name": "Caram. Esp. XS"
        },
        {
            "language": {
                "name": "en",
                "url": "/api/v2/language/9/"
            },
            "name": "Exp. Candy XS"
        },
        {
            "language": {
                "name": "ja",
                "url": "/api/v2/language/11/"
            },
            "name": "\u3051\u3044\u3051\u3093\u30a2\u30e1\uff38\uff33"
        },
        {
            "language": {
                "name": "zh-Hans",
                "url": "/api/v2/language/12/"
            },
            "name": "\u7ecf\u9a8c\u7cd6\u679c\uff38\uff33"
        }
    ],
    "sprites": {
        "default": null
    }
}