{
    "attributes": [],
    "baby_trigger_for": null,
    "category": {
        "name": "evolution",
        "url": "/api/v2/item-category/10/"
    },
    "cost": 2200,
    "effect_entries": [],
    "flavor_text_entries": [
        {
            "language": {
                "name": "ja-Hrkt",
                "url": "/api/v2/language/1/"
            },
            "text": "\u3042\u308b\u3000\u3068\u304f\u3066\u3044\u306e\u3000\u30dd\u30b1\u30e2\u30f3\u3092\n\u3057\u3093\u304b\u3055\u305b\u308b\u3000\u3075\u3057\u304e\u306a\u3000\u308a\u3093\u3054\u3002\n\u3068\u306b\u304b\u304f\u3000\u3059\u3063\u3071\u3044\u3002",
            "version_group": {
                "name": "sword-shield",
                "url": "/api/v2/version-group/20/"
            }
        },
        {
            "language": {
                "name": "ko",
                "url": "/api/v2/language/3/"
            },
            "text": "\uc5b4\ub290 \ud2b9\uc815 \ud3ec\ucf13\ubaac\uc744\n\uc9c4\ud654\uc2dc\ud0a4\ub294 \uc774\uc0c1\ud55c \uc0ac\uacfc.\n\uc5c4\uccad\ub098\uac8c \uc0c8\ucf64\ud558\ub2e4.",
            "version_group": {
                "name": "sword-shield",
                "url": "/api/v2/version-group/20/"
            }
        },
        {
            "language": {
                "name": "zh-Hant",
                "url": "/api/v2/language/4/"
            },
            "text": "\u80fd\u8b93\u7279\u5b9a\u5bf6\u53ef\u5922\n\u9032\u5316\u7684\u795e\u5947\u860b\u679c\u3002\n\u975e\u5e38\u9178\u3002",
            "version_group": {
                "name": "sword-shield",
                "url": "/api/v2/version-group/20/"
            }
        },
        {
            "language": {
                "name": "fr",
                "url": "/api/v2/language/5/"
            },
            "text": "Une pomme myst\u00e9rieuse tr\u00e8s acide qui permet\nde faire \u00e9voluer un certain Pok\u00e9mon.",
            "version_group": {
                "name": "sword-shield",
                "url": "/api/v2/version-group/20/"
            }
        },
        {
            "language": {
                "name": "de",
                "url": "/api/v2/language/6/"
            },
            "text": "Dieser sonderbare Apfel l\u00f6st bei einem bestimmten\nPok\u00e9mon die Entwicklung aus. Er schmeckt sehr sauer.",
            "version_group": {
                "name": "sword-shield",
                "url": "/api/v2/version-group/20/"
            }
        },
        {
            "language": {
                "name": "es",
                "url": "/api/v2/language/7/"
            },
            "text": "Curiosa manzana, de sabor particularmente \u00e1cido, que\nhace evolucionar a determinadas especies de Pok\u00e9mon.",
            "version_group": {
                "name": "sword-shield",
                "url": "/api/v2/version-group/20/"
            }
        },
        {
            "language": {
                "name": "it",
                "url": "/api/v2/language/8/"
            },
            "text": "Mela particolare dal sapore molto aspro che\nfa evolvere determinate specie di Pok\u00e9mon.",
            "version_group": {
                "name": "sword-shield",
                "url": "/api/v2/version-group/20/"
            }
        },
        {
            "language": {
                "name": "en",
                "url": "/api/v2/language/9/"
            },
            "text": "A peculiar apple that can make a certain species of\nPok\u00e9mon evolve. It\u2019s exceptionally tart.",
            "version_group": {
                "name": "sword-shield",
                "url": "/api/v2/version-group/20/"
            }
        },
        {
            "language": {
                "name": "ja",
                "url": "/api/v2/language/11/"
            },
            "text": "\u3042\u308b\u3000\u7279\u5b9a\u306e\u3000\u30dd\u30b1\u30e2\u30f3\u3092\n\u9032\u5316\u3055\u305b\u308b\u3000\u4e0d\u601d\u8b70\u306a\u3000\u308a\u3093\u3054\u3002\n\u3068\u306b\u304b\u304f\u3000\u9178\u3063\u3071\u3044\u3002",
            "version_group": {
                "name": "sword-shield",
                "url": "/api/v2/version-group/20/"
            }
        },
        {
            "language": {
                "name": "zh-Hans",
                "url": "/api/v2/language/12/"
            },
            "text": "\u8fd9\u79cd\u795e\u5947\u7684\u82f9\u679c\n\u53ef\u4ee5\u4f7f\u7279\u5b9a\u7684\u5b9d\u53ef\u68a6\u8fdb\u5316\u3002\n\u5403\u8d77\u6765\u9178\u9178\u7684\u3002",
            "version_group": {
                "name": "sword-shield",
                "url": "/api/v2/version-group/20/"
            }
        }
    ],
    "fling_effect": null,
    "fling_power": 30,
    "game_indices": [
        {
            "game_index": 1117,
            "generation": {
                "name": "generation-viii",
                "url": "/api/v2/generation/8/"
            }
        }
    ],
    "held_by_pokemon": [],
    "id": 1175,
    "machines": [],
    "name": "tart-apple",
    "names": [
        {
            "language": {
                "name": "ja-Hrkt",
                "url": "/api/v2/language/1/"
            },
            "name": "\u3059\u3063\u3071\u3044\u308a\u3093\u3054"
        },
        {
            "language": {
                "name": "ko",
                "url": "/api/v2/language/3/"
            },
            "name": "\uc0c8\ucf64\ud55c\uc0ac\uacfc"
        },
        {
            "language": {
                "name": "zh-Hant",
                "url": "/api/v2/language/4/"
            },
            "name": "\u9178\u9178\u860b\u679c"
        },
        {
            "language": {
                "name": "fr",
                "url": "/api/v2/language/5/"
            },
            "name": "Pomme Acidul\u00e9e"
        },
        {
            "language": {
                "name": "de",
                "url": "/api/v2/language/6/"
            },
            "name": "Saurer Apfel"
        },
        {
            "language": {
                "name": "es",
                "url": "/api/v2/language/7/"
            },
            "name": "Manzana \u00c1cida"
        },
        {
            "language": {
                "name": "it",
                "url": "/api/v2/language/8/"
            },
            "name": "Aspropomo"
        },
        {
            "language": {
                "name": "en",
                "url": "/api/v2/language/9/"
            },
            "name": "Tart Apple"
        },
        {
            "language": {
                "name": "ja",
                "url": "/api/v2/language/11/"
            },
            "name": "\u3059\u3063\u3071\u3044\u308a\u3093\u3054"
        },
        {
            "language": {
                "name": "zh-Hans",
                "url": "/api/v2/language/12/"
            },
            "name": "\u9178\u9178\u82f9\u679c"
        }
    ],
    "sprites": {
        "default": null
    }
}