{
    "attributes": [],
    "baby_trigger_for": null,
    "category": {
        "name": "loot",
        "url": "/api/v2/item-category/24/"
    },
    "cost": 300,
    "effect_entries": [],
    "flavor_text_entries": [
        {
            "language": {
                "name": "ja-Hrkt",
                "url": "/api/v2/language/1/"
            },
            "text": "\u307e\u3093\u307e\u308b\u306e\u3000\u30ac\u30e9\u30b9\u3060\u307e\u3002\n\u3068\u3046\u3081\u3044\u306a\u3000\u305f\u307e\u306e\u3000\u306a\u304b\u306b\n\u3044\u308d\u30ac\u30e9\u30b9\u306e\u3000\u3082\u3088\u3046\u304c\u3000\u307f\u3048\u308b\u3002",
            "version_group": {
                "name": "lets-go-pikachu-lets-go-eevee",
                "url": "/api/v2/version-group/19/"
            }
        },
        {
            "language": {
                "name": "ko",
                "url": "/api/v2/language/3/"
            },
            "text": "\ub3d9\uae00\ub3d9\uae00\ud55c \uc720\ub9ac\uad6c\uc2ac.\n\ud22c\uba85\ud55c \uad6c\uc2ac \uc548\uc5d0\n\uc0c9\uc720\ub9ac\uc758 \ubb34\ub2ac\uac00 \ube44\uce5c\ub2e4.",
            "version_group": {
                "name": "lets-go-pikachu-lets-go-eevee",
                "url": "/api/v2/version-group/19/"
            }
        },
        {
            "language": {
                "name": "zh-Hant",
                "url": "/api/v2/language/4/"
            },
            "text": "\u5713\u6efe\u6efe\u7684\u73bb\u7483\u5f48\u73e0\u3002\n\u5728\u900f\u660e\u7684\u5f48\u73e0\u4e2d\n\u80fd\u770b\u898b\u5f69\u8272\u73bb\u7483\u7684\u82b1\u7d0b\u3002",
            "version_group": {
                "name": "lets-go-pikachu-lets-go-eevee",
                "url": "/api/v2/version-group/19/"
            }
        },
        {
            "language": {
                "name": "fr",
                "url": "/api/v2/language/5/"
            },
            "text": "Une bille de verre transparente avec un motif color\u00e9\n\u00e0 l\u2019int\u00e9rieur.",
            "version_group": {
                "name": "lets-go-pikachu-lets-go-eevee",
                "url": "/api/v2/version-group/19/"
            }
        },
        {
            "language": {
                "name": "de",
                "url": "/api/v2/language/6/"
            },
            "text": "Eine runde, durchsichtige Kugel aus Glas. In ihrer Mitte\nbefinden sich Muster in verschiedensten Farben.",
            "version_group": {
                "name": "lets-go-pikachu-lets-go-eevee",
                "url": "/api/v2/version-group/19/"
            }
        },
        {
            "language": {
                "name": "es",
                "url": "/api/v2/language/7/"
            },
            "text": "Esfera de cristal transparente en cuyo interior se pueden\napreciar diferentes colores.",
            "version_group": {
                "name": "lets-go-pikachu-lets-go-eevee",
                "url": "/api/v2/version-group/19/"
            }
        },
        {
            "language": {
                "name": "it",
                "url": "/api/v2/language/8/"
            },
            "text": "Una biglia di vetro perfettamente rotonda. Al suo\ninterno si vede in trasparenza del vetro colorato.",
            "version_group": {
                "name": "lets-go-pikachu-lets-go-eevee",
                "url": "/api/v2/version-group/19/"
            }
        },
        {
            "language": {
                "name": "en",
                "url": "/api/v2/language/9/"
            },
            "text": "A round glass marble. You can see colored glass\ninside the transparent marble.",
            "version_group": {
                "name": "lets-go-pikachu-lets-go-eevee",
                "url": "/api/v2/version-group/19/"
            }
        },
        {
            "language": {
                "name": "ja",
                "url": "/api/v2/language/11/"
            },
            "text": "\u307e\u3093\u307e\u308b\u306e\u3000\u30ac\u30e9\u30b9\u7389\u3002\n\u900f\u660e\u306a\u3000\u7389\u306e\u3000\u4e2d\u306b\n\u8272\u30ac\u30e9\u30b9\u306e\u3000\u6a21\u69d8\u304c\u3000\u898b\u3048\u308b\u3002",
            "version_group": {
                "name": "lets-go-pikachu-lets-go-eevee",
                "url": "/api/v2/version-group/19/"
            }
        },
        {
            "language": {
                "name": "zh-Hans",
                "url": "/api/v2/language/12/"
            },
            "text": "\u975e\u5e38\u5706\u6da6\u7684\u73bb\u7483\u7403\u3002\n\u80fd\u5728\u900f\u660e\u7684\u7403\u4f53\u4e2d\n\u770b\u89c1\u5f69\u8272\u73bb\u7483\u7684\u82b1\u7eb9\u3002",
            "version_group": {
                "name": "lets-go-pikachu-lets-go-eevee",
                "url": "/api/v2/version-group/19/"
            }
        },
        {
            "language": {
                "name": "ja-Hrkt",
                "url": "/api/v2/language/1/"
            },
            "text": "\u307e\u3093\u307e\u308b\u306e\u3000\u30ac\u30e9\u30b9\u3060\u307e\u3002\n\u3068\u3046\u3081\u3044\u306a\u3000\u305f\u307e\u306e\u3000\u306a\u304b\u306b\n\u3044\u308d\u30ac\u30e9\u30b9\u306e\u3000\u3082\u3088\u3046\u304c\u3000\u307f\u3048\u308b\u3002",
            "version_group": {
                "name": "sword-shield",
                "url": "/api/v2/version-group/20/"
            }
        },
        {
            "language": {
                "name": "ko",
                "url": "/api/v2/language/3/"
            },
            "text": "\ub3d9\uae00\ub3d9\uae00\ud55c \uc720\ub9ac\uad6c\uc2ac.\n\ud22c\uba85\ud55c \uad6c\uc2ac \uc548\uc5d0\n\uc0c9\uc720\ub9ac\uc758 \ubb34\ub2ac\uac00 \ube44\uce5c\ub2e4.",
            "version_group": {
                "name": "sword-shield",
                "url": "/api/v2/version-group/20/"
            }
        },
        {
            "language": {
                "name": "zh-Hant",
                "url": "/api/v2/language/4/"
            },
            "text": "\u5713\u6efe\u6efe\u7684\u73bb\u7483\u5f48\u73e0\u3002\n\u5728\u900f\u660e\u7684\u5f48\u73e0\u4e2d\n\u80fd\u770b\u898b\u5f69\u8272\u73bb\u7483\u7684\u82b1\u7d0b\u3002",
            "version_group": {
                "name": "sword-shield",
                "url": "/api/v2/version-group/20/"
            }
        },
        {
            "language": {
                "name": "fr",
                "url": "/api/v2/language/5/"
            },
            "text": "Une bille de verre transparente avec un motif color\u00e9\n\u00e0 l\u2019int\u00e9rieur.",
            "version_group": {
                "name": "sword-shield",
                "url": "/api/v2/version-group/20/"
            }
        },
        {
            "language": {
                "name": "de",
                "url": "/api/v2/language/6/"
            },
            "text": "Eine runde, durchsichtige Kugel aus Glas. In ihrer Mitte\nbefinden sich Muster in verschiedensten Farben.",
            "version_group": {
                "name": "sword-shield",
                "url": "/api/v2/version-group/20/"
            }
        },
        {
            "language": {
                "name": "es",
                "url": "/api/v2/language/7/"
            },
            "text": "Esfera de cristal transparente en cuyo interior se\npueden apreciar diferentes colores.",
            "version_group": {
                "name": "sword-shield",
                "url": "/api/v2/version-group/20/"
            }
        },
        {
            "language": {
                "name": "it",
                "url": "/api/v2/language/8/"
            },
            "text": "Una biglia di vetro perfettamente rotonda. Al suo\ninterno si vede in trasparenza del vetro colorato.",
            "version_group": {
                "name": "sword-shield",
                "url": "/api/v2/version-group/20/"
            }
        },
        {
            "language": {
                "name": "en",
                "url": "/api/v2/language/9/"
            },
            "text": "A round glass marble. You can see colored glass\ninside the transparent marble.",
            "version_group": {
                "name": "sword-shield",
                "url": "/api/v2/version-group/20/"
            }
        },
        {
            "language": {
                "name": "ja",
                "url": "/api/v2/language/11/"
            },
            "text": "\u307e\u3093\u307e\u308b\u306e\u3000\u30ac\u30e9\u30b9\u7389\u3002\n\u900f\u660e\u306a\u3000\u7389\u306e\u3000\u4e2d\u306b\n\u8272\u30ac\u30e9\u30b9\u306e\u3000\u6a21\u69d8\u304c\u3000\u898b\u3048\u308b\u3002",
            "version_group": {
                "name": "sword-shield",
                "url": "/api/v2/version-group/20/"
            }
        },
        {
            "language": {
                "name": "zh-Hans",
                "url": "/api/v2/language/12/"
            },
            "text": "\u975e\u5e38\u5706\u6da6\u7684\u73bb\u7483\u7403\u3002\n\u80fd\u5728\u900f\u660e\u7684\u7403\u4f53\u4e2d\n\u770b\u89c1\u5f69\u8272\u73bb\u7483\u7684\u82b1\u7eb9\u3002",
            "version_group": {
                "name": "sword-shield",
                "url": "/api/v2/version-group/20/"
            }
        }
    ],
    "fling_effect": null,
    "fling_power": 30,
    "game_indices": [
        {
            "game_index": 887,
            "generation": {
                "name": "generation-vii",
                "url": "/api/v2/generation/7/"
            }
        },
        {
            "game_index": 887,
            "generation": {
                "name": "generation-viii",
                "url": "/api/v2/generation/8/"
            }
        }
    ],
    "held_by_pokemon": [],
    "id": 1026,
    "machines": [],
    "name": "marble",
    "names": [
        {
            "language": {
                "name": "ja-Hrkt",
                "url": "/api/v2/language/1/"
            },
            "name": "\u30d3\u30fc\u3060\u307e"
        },
        {
            "language": {
                "name": "ko",
                "url": "/api/v2/language/3/"
            },
            "name": "\uc720\ub9ac\uad6c\uc2ac"
        },
        {
            "language": {
                "name": "zh-Hant",
                "url": "/api/v2/language/4/"
            },
            "name": "\u5f48\u73e0"
        },
        {
            "language": {
                "name": "fr",
                "url": "/api/v2/language/5/"
            },
            "name": "Bille"
        },
        {
            "language": {
                "name": "de",
                "url": "/api/v2/language/6/"
            },
            "name": "Glasmurmel"
        },
        {
            "language": {
                "name": "es",
                "url": "/api/v2/language/7/"
            },
            "name": "Canica"
        },
        {
            "language": {
                "name": "it",
                "url": "/api/v2/language/8/"
            },
            "name": "Biglia"
        },
        {
            "language": {
                "name": "en",
                "url": "/api/v2/language/9/"
            },
            "name": "Marble"
        },
        {
            "language": {
                "name": "ja",
                "url": "/api/v2/language/11/"
            },
            "name": "\u30d3\u30fc\u3060\u307e"
        },
        {
            "language": {
                "name": "zh-Hans",
                "url": "/api/v2/language/12/"
            },
            "name": "\u5f39\u73e0"
        }
    ],
    "sprites": {
        "default": null
    }
}