{
    "attributes": [],
    "baby_trigger_for": null,
    "category": {
        "name": "curry-ingredients",
        "url": "/api/v2/item-category/51/"
    },
    "cost": 950,
    "effect_entries": [],
    "flavor_text_entries": [
        {
            "language": {
                "name": "ja-Hrkt",
                "url": "/api/v2/language/1/"
            },
            "text": "\u30ad\u30e3\u30f3\u30d7\u306e\u3000\u308a\u3087\u3046\u308a\u306b\u3000\u3064\u304b\u3046\n\u3057\u3087\u304f\u3056\u3044\u306e\u3000\u3044\u3063\u3057\u3085\u3002\u304b\u3089\u3044\u3000\u30ab\u30ec\u30fc\u306b\n\u30db\u30a4\u30c3\u30d7\u3092\u3000\u305f\u3059\u3053\u3068\u3067\u3000\u3042\u307e\u304f\u3059\u308b\u3002",
            "version_group": {
                "name": "sword-shield",
                "url": "/api/v2/version-group/20/"
            }
        },
        {
            "language": {
                "name": "ko",
                "url": "/api/v2/language/3/"
            },
            "text": "\ucea0\ud504 \uc694\ub9ac\uc5d0 \uc0ac\uc6a9\ub418\ub294\n\uc2dd\uc7ac\ub8cc \uc911 \ud558\ub098. \ub9e4\uc6b4 \uce74\ub808\uc5d0\n\ud718\ud551\ud06c\ub9bc\uc744 \ub123\uc73c\uba74 \ub2ec\ucf64\ud574\uc9c4\ub2e4.",
            "version_group": {
                "name": "sword-shield",
                "url": "/api/v2/version-group/20/"
            }
        },
        {
            "language": {
                "name": "zh-Hant",
                "url": "/api/v2/language/4/"
            },
            "text": "\u88fd\u4f5c\u9732\u71df\u6599\u7406\u6642\u4f7f\u7528\u7684\u98df\u6750\u4e4b\u4e00\u3002\n\u8f9b\u8fa3\u7684\u5496\u54e9\u4e2d\u52a0\u5165\u9bae\u5976\u6cb9\uff0c\n\u80fd\u4f7f\u5473\u9053\u8b8a\u5f97\u9999\u751c\u3002",
            "version_group": {
                "name": "sword-shield",
                "url": "/api/v2/version-group/20/"
            }
        },
        {
            "language": {
                "name": "fr",
                "url": "/api/v2/language/5/"
            },
            "text": "Un ingr\u00e9dient de cuisine pour le camping.\nEn fouettant cette cr\u00e8me, elle peut \u00eatre ajout\u00e9e\n\u00e0 un curry pour y apporter de la douceur.",
            "version_group": {
                "name": "sword-shield",
                "url": "/api/v2/version-group/20/"
            }
        },
        {
            "language": {
                "name": "de",
                "url": "/api/v2/language/6/"
            },
            "text": "Eine Zutat f\u00fcr Pok\u00e9Camping-Mahlzeiten. Gibt man in\nein pikantes Curry ein bisschen Schlagsahne, wird es\ndadurch cremig und s\u00fc\u00df.",
            "version_group": {
                "name": "sword-shield",
                "url": "/api/v2/version-group/20/"
            }
        },
        {
            "language": {
                "name": "es",
                "url": "/api/v2/language/7/"
            },
            "text": "Un ingrediente para cocinar en el campamento. La nata\nda un toque dulce a la salsa picante del curri.",
            "version_group": {
                "name": "sword-shield",
                "url": "/api/v2/version-group/20/"
            }
        },
        {
            "language": {
                "name": "it",
                "url": "/api/v2/language/8/"
            },
            "text": "Uno degli ingredienti che puoi usare per cucinare\nin campeggio. Si pu\u00f2 aggiungere a un curry\npiccante per renderlo pi\u00f9 dolce.",
            "version_group": {
                "name": "sword-shield",
                "url": "/api/v2/version-group/20/"
            }
        },
        {
            "language": {
                "name": "en",
                "url": "/api/v2/language/9/"
            },
            "text": "One of the many ingredients that can be used for\ncooking at your camp. Add some whipped cream to a\nspicy curry to give it some sweetness.",
            "version_group": {
                "name": "sword-shield",
                "url": "/api/v2/version-group/20/"
            }
        },
        {
            "language": {
                "name": "ja",
                "url": "/api/v2/language/11/"
            },
            "text": "\u30ad\u30e3\u30f3\u30d7\u306e\u3000\u6599\u7406\u306b\u3000\u4f7f\u3046\n\u98df\u6750\u306e\u3000\u4e00\u7a2e\u3002\u8f9b\u3044\u3000\u30ab\u30ec\u30fc\u306b\n\u30db\u30a4\u30c3\u30d7\u3092\u3000\u8db3\u3059\u3053\u3068\u3067\u3000\u7518\u304f\u3059\u308b\u3002",
            "version_group": {
                "name": "sword-shield",
                "url": "/api/v2/version-group/20/"
            }
        },
        {
            "language": {
                "name": "zh-Hans",
                "url": "/api/v2/language/12/"
            },
            "text": "\u5728\u9732\u8425\u8425\u5730\u5236\u4f5c\u6599\u7406\u65f6\u4f1a\u4f7f\u7528\u7684\n\u4e00\u79cd\u98df\u6750\u3002\u5728\u8fa3\u5473\u7684\u5496\u55b1\u4e2d\n\u52a0\u5165\u5976\u6cb9\uff0c\u4f7f\u6ecb\u5473\u53d8\u5f97\u9999\u751c\u53ef\u53e3\u3002",
            "version_group": {
                "name": "sword-shield",
                "url": "/api/v2/version-group/20/"
            }
        }
    ],
    "fling_effect": null,
    "fling_power": 10,
    "game_indices": [
        {
            "game_index": 1259,
            "generation": {
                "name": "generation-viii",
                "url": "/api/v2/generation/8/"
            }
        }
    ],
    "held_by_pokemon": [],
    "id": 1317,
    "machines": [],
    "name": "fresh-cream",
    "names": [
        {
            "language": {
                "name": "ja-Hrkt",
                "url": "/api/v2/language/1/"
            },
            "name": "\u3057\u3093\u305b\u3093\u30af\u30ea\u30fc\u30e0"
        },
        {
            "language": {
                "name": "ko",
                "url": "/api/v2/language/3/"
            },
            "name": "\uc2e0\uc120\ud55c\ud06c\ub9bc"
        },
        {
            "language": {
                "name": "zh-Hant",
                "url": "/api/v2/language/4/"
            },
            "name": "\u9bae\u9bae\u5976\u6cb9"
        },
        {
            "language": {
                "name": "fr",
                "url": "/api/v2/language/5/"
            },
            "name": "Cr\u00e8me Fra\u00eeche"
        },
        {
            "language": {
                "name": "de",
                "url": "/api/v2/language/6/"
            },
            "name": "Frische Sahne"
        },
        {
            "language": {
                "name": "es",
                "url": "/api/v2/language/7/"
            },
            "name": "Nata Fresca"
        },
        {
            "language": {
                "name": "it",
                "url": "/api/v2/language/8/"
            },
            "name": "Panna da cucina"
        },
        {
            "language": {
                "name": "en",
                "url": "/api/v2/language/9/"
            },
            "name": "Fresh Cream"
        },
        {
            "language": {
                "name": "ja",
                "url": "/api/v2/language/11/"
            },
            "name": "\u3057\u3093\u305b\u3093\u30af\u30ea\u30fc\u30e0"
        },
        {
            "language": {
                "name": "zh-Hans",
                "url": "/api/v2/language/12/"
            },
            "name": "\u9c9c\u9c9c\u5976\u6cb9"
        }
    ],
    "sprites": {
        "default": null
    }
}