{
    "attributes": [],
    "baby_trigger_for": null,
    "category": {
        "name": "all-machines",
        "url": "/api/v2/item-category/37/"
    },
    "cost": 4000,
    "effect_entries": [],
    "flavor_text_entries": [
        {
            "language": {
                "name": "ja-Hrkt",
                "url": "/api/v2/language/1/"
            },
            "text": "\u305f\u305f\u304b\u3044\u306e\u307e\u3044\u3092\u3000\u306f\u3052\u3057\u304f\u3000\u304a\u3069\u3063\u3066\n\u304d\u3042\u3044\u3092\u3000\u305f\u304b\u3081\u308b\u3002\n\u3058\u3076\u3093\u306e\u3000\u3053\u3046\u3052\u304d\u3092\u3000\u3050\u30fc\u3093\u3068\u3000\u3042\u3052\u308b\u3002",
            "version_group": {
                "name": "sword-shield",
                "url": "/api/v2/version-group/20/"
            }
        },
        {
            "language": {
                "name": "ko",
                "url": "/api/v2/language/3/"
            },
            "text": "\uc2f8\uc6c0\uc758 \ucda4\uc744 \uaca9\ub82c\ud558\uac8c \ucdb0\uc11c\n\uae30\uc138\ub97c \ub192\uc778\ub2e4.\n\uc790\uc2e0\uc758 \uacf5\uaca9\uc744 \ud06c\uac8c \uc62c\ub9b0\ub2e4.",
            "version_group": {
                "name": "sword-shield",
                "url": "/api/v2/version-group/20/"
            }
        },
        {
            "language": {
                "name": "zh-Hant",
                "url": "/api/v2/language/4/"
            },
            "text": "\u6fc0\u70c8\u5730\u8df3\u8d77\u6230\u821e\u63d0\u5347\u6c23\u52e2\uff0c\n\u5927\u5e45\u63d0\u9ad8\u81ea\u5df1\u7684\u653b\u64ca\u3002",
            "version_group": {
                "name": "sword-shield",
                "url": "/api/v2/version-group/20/"
            }
        },
        {
            "language": {
                "name": "fr",
                "url": "/api/v2/language/5/"
            },
            "text": "Une danse fr\u00e9n\u00e9tique qui exalte l\u2019esprit combatif.\nAugmente beaucoup l\u2019Attaque du lanceur.",
            "version_group": {
                "name": "sword-shield",
                "url": "/api/v2/version-group/20/"
            }
        },
        {
            "language": {
                "name": "de",
                "url": "/api/v2/language/6/"
            },
            "text": "Ein wilder Tanz, der den Kampfgeist wecken soll.\nDer Angriffs-Wert des Anwenders wird stark erh\u00f6ht.",
            "version_group": {
                "name": "sword-shield",
                "url": "/api/v2/version-group/20/"
            }
        },
        {
            "language": {
                "name": "es",
                "url": "/api/v2/language/7/"
            },
            "text": "Baile fren\u00e9tico que aumenta mucho el Ataque.",
            "version_group": {
                "name": "sword-shield",
                "url": "/api/v2/version-group/20/"
            }
        },
        {
            "language": {
                "name": "it",
                "url": "/api/v2/language/8/"
            },
            "text": "Danza frenetica che incrementa lo spirito\ncombattivo. Chi la usa aumenta di molto\nil suo Attacco.",
            "version_group": {
                "name": "sword-shield",
                "url": "/api/v2/version-group/20/"
            }
        },
        {
            "language": {
                "name": "en",
                "url": "/api/v2/language/9/"
            },
            "text": "A frenetic dance to uplift the fighting spirit.\nThis sharply raises the user\u2019s Attack stat.",
            "version_group": {
                "name": "sword-shield",
                "url": "/api/v2/version-group/20/"
            }
        },
        {
            "language": {
                "name": "ja",
                "url": "/api/v2/language/11/"
            },
            "text": "\u6226\u3044\u306e\u821e\u3092\u3000\u6fc0\u3057\u304f\u3000\u304a\u3069\u3063\u3066\n\u6c17\u5408\u3092\u3000\u9ad8\u3081\u308b\u3002\n\u81ea\u5206\u306e\u3000\u653b\u6483\u3092\u3000\u3050\u30fc\u3093\u3068\u3000\u3042\u3052\u308b\u3002",
            "version_group": {
                "name": "sword-shield",
                "url": "/api/v2/version-group/20/"
            }
        },
        {
            "language": {
                "name": "zh-Hans",
                "url": "/api/v2/language/12/"
            },
            "text": "\u6fc0\u70c8\u5730\u8df3\u8d77\u6218\u821e\u63d0\u9ad8\u6c14\u52bf\u3002\n\u5927\u5e45\u63d0\u9ad8\u81ea\u5df1\u7684\u653b\u51fb\u3002",
            "version_group": {
                "name": "sword-shield",
                "url": "/api/v2/version-group/20/"
            }
        }
    ],
    "fling_effect": null,
    "fling_power": 10,
    "game_indices": [
        {
            "game_index": 1130,
            "generation": {
                "name": "generation-viii",
                "url": "/api/v2/generation/8/"
            }
        }
    ],
    "held_by_pokemon": [],
    "id": 1188,
    "machines": [
        {
            "machine": {
                "url": "/api/v2/machine/1477/"
            },
            "version_group": {
                "name": "sword-shield",
                "url": "/api/v2/version-group/20/"
            }
        }
    ],
    "name": "tr00",
    "names": [
        {
            "language": {
                "name": "ja-Hrkt",
                "url": "/api/v2/language/1/"
            },
            "name": "\u308f\u3056\u30ec\u30b3\u30fc\u30c9\uff10\uff10"
        },
        {
            "language": {
                "name": "ko",
                "url": "/api/v2/language/3/"
            },
            "name": "\uae30\uc220\ub808\ucf54\ub4dc00"
        },
        {
            "language": {
                "name": "zh-Hant",
                "url": "/api/v2/language/4/"
            },
            "name": "\u62db\u5f0f\u7d00\u9304\uff10\uff10"
        },
        {
            "language": {
                "name": "fr",
                "url": "/api/v2/language/5/"
            },
            "name": "DT00"
        },
        {
            "language": {
                "name": "de",
                "url": "/api/v2/language/6/"
            },
            "name": "TP00"
        },
        {
            "language": {
                "name": "es",
                "url": "/api/v2/language/7/"
            },
            "name": "DT00"
        },
        {
            "language": {
                "name": "it",
                "url": "/api/v2/language/8/"
            },
            "name": "DT00"
        },
        {
            "language": {
                "name": "en",
                "url": "/api/v2/language/9/"
            },
            "name": "TR00"
        },
        {
            "language": {
                "name": "ja",
                "url": "/api/v2/language/11/"
            },
            "name": "\u308f\u3056\u30ec\u30b3\u30fc\u30c9\uff10\uff10"
        },
        {
            "language": {
                "name": "zh-Hans",
                "url": "/api/v2/language/12/"
            },
            "name": "\u62db\u5f0f\u8bb0\u5f55\uff10\uff10"
        }
    ],
    "sprites": {
        "default": null
    }
}