{
    "attributes": [],
    "baby_trigger_for": null,
    "category": {
        "name": "all-machines",
        "url": "/api/v2/item-category/37/"
    },
    "cost": 16000,
    "effect_entries": [],
    "flavor_text_entries": [
        {
            "language": {
                "name": "ja-Hrkt",
                "url": "/api/v2/language/1/"
            },
            "text": "\u3060\u3044\u306e\u3058\u306e\u3000\u307b\u306e\u304a\u3067\n\u3042\u3044\u3066\u3092\u3000\u3084\u304d\u3064\u304f\u3059\u3002\n\u3084\u3051\u3069\u3000\u3058\u3087\u3046\u305f\u3044\u306b\u3000\u3059\u308b\u3053\u3068\u304c\u3000\u3042\u308b\u3002",
            "version_group": {
                "name": "sword-shield",
                "url": "/api/v2/version-group/20/"
            }
        },
        {
            "language": {
                "name": "ko",
                "url": "/api/v2/language/3/"
            },
            "text": "\ud070 \ub300\uc790\uc758 \ubd88\uaf43\uc73c\ub85c\n\uc0c1\ub300\ub97c \ubd88\ud0dc\uc6b4\ub2e4.\n\ud654\uc0c1 \uc0c1\ud0dc\ub85c \ub9cc\ub4e4 \ub54c\uac00 \uc788\ub2e4.",
            "version_group": {
                "name": "sword-shield",
                "url": "/api/v2/version-group/20/"
            }
        },
        {
            "language": {
                "name": "zh-Hant",
                "url": "/api/v2/language/4/"
            },
            "text": "\u7528\u5927\u5b57\u5f62\u72c0\u7684\u706b\u7130\u71d2\u76e1\u5c0d\u624b\u3002\n\u6709\u6642\u6703\u8b93\u5c0d\u624b\u9677\u5165\u707c\u50b7\u72c0\u614b\u3002",
            "version_group": {
                "name": "sword-shield",
                "url": "/api/v2/version-group/20/"
            }
        },
        {
            "language": {
                "name": "fr",
                "url": "/api/v2/language/5/"
            },
            "text": "Un d\u00e9luge de flammes ardentes submerge l\u2019ennemi.\nPeut aussi le br\u00fbler.",
            "version_group": {
                "name": "sword-shield",
                "url": "/api/v2/version-group/20/"
            }
        },
        {
            "language": {
                "name": "de",
                "url": "/api/v2/language/6/"
            },
            "text": "Feuersbrunst, die das Ziel versengt und ihm eventuell\neine Verbrennung zuf\u00fcgt.",
            "version_group": {
                "name": "sword-shield",
                "url": "/api/v2/version-group/20/"
            }
        },
        {
            "language": {
                "name": "es",
                "url": "/api/v2/language/7/"
            },
            "text": "Llama intensa que chamusca y puede causar\nquemaduras.",
            "version_group": {
                "name": "sword-shield",
                "url": "/api/v2/version-group/20/"
            }
        },
        {
            "language": {
                "name": "it",
                "url": "/api/v2/language/8/"
            },
            "text": "Investe il bersaglio con un\u2019intensa fiammata\nche fa terra bruciata. Pu\u00f2 anche scottarlo.",
            "version_group": {
                "name": "sword-shield",
                "url": "/api/v2/version-group/20/"
            }
        },
        {
            "language": {
                "name": "en",
                "url": "/api/v2/language/9/"
            },
            "text": "The target is attacked with an intense blast of\nall-consuming fire. This may also leave the target\nwith a burn.",
            "version_group": {
                "name": "sword-shield",
                "url": "/api/v2/version-group/20/"
            }
        },
        {
            "language": {
                "name": "ja",
                "url": "/api/v2/language/11/"
            },
            "text": "\u5927\u306e\u5b57\u306e\u3000\u708e\u3067\n\u76f8\u624b\u3092\u3000\u713c\u304d\u3064\u304f\u3059\u3002\n\u3084\u3051\u3069\u72b6\u614b\u306b\u3000\u3059\u308b\u3053\u3068\u304c\u3000\u3042\u308b\u3002",
            "version_group": {
                "name": "sword-shield",
                "url": "/api/v2/version-group/20/"
            }
        },
        {
            "language": {
                "name": "zh-Hans",
                "url": "/api/v2/language/12/"
            },
            "text": "\u7528\u5927\u5b57\u5f62\u72b6\u7684\u706b\u7130\u70e7\u5c3d\u5bf9\u624b\u3002\n\u6709\u65f6\u4f1a\u8ba9\u5bf9\u624b\u9677\u5165\u707c\u4f24\u72b6\u6001\u3002",
            "version_group": {
                "name": "sword-shield",
                "url": "/api/v2/version-group/20/"
            }
        }
    ],
    "fling_effect": null,
    "fling_power": 110,
    "game_indices": [
        {
            "game_index": 1145,
            "generation": {
                "name": "generation-viii",
                "url": "/api/v2/generation/8/"
            }
        }
    ],
    "held_by_pokemon": [],
    "id": 1203,
    "machines": [
        {
            "machine": {
                "url": "/api/v2/machine/1604/"
            },
            "version_group": {
                "name": "sword-shield",
                "url": "/api/v2/version-group/20/"
            }
        }
    ],
    "name": "tr15",
    "names": [
        {
            "language": {
                "name": "ja-Hrkt",
                "url": "/api/v2/language/1/"
            },
            "name": "\u308f\u3056\u30ec\u30b3\u30fc\u30c9\uff11\uff15"
        },
        {
            "language": {
                "name": "ko",
                "url": "/api/v2/language/3/"
            },
            "name": "\uae30\uc220\ub808\ucf54\ub4dc15"
        },
        {
            "language": {
                "name": "zh-Hant",
                "url": "/api/v2/language/4/"
            },
            "name": "\u62db\u5f0f\u7d00\u9304\uff11\uff15"
        },
        {
            "language": {
                "name": "fr",
                "url": "/api/v2/language/5/"
            },
            "name": "DT15"
        },
        {
            "language": {
                "name": "de",
                "url": "/api/v2/language/6/"
            },
            "name": "TP15"
        },
        {
            "language": {
                "name": "es",
                "url": "/api/v2/language/7/"
            },
            "name": "DT15"
        },
        {
            "language": {
                "name": "it",
                "url": "/api/v2/language/8/"
            },
            "name": "DT15"
        },
        {
            "language": {
                "name": "en",
                "url": "/api/v2/language/9/"
            },
            "name": "TR15"
        },
        {
            "language": {
                "name": "ja",
                "url": "/api/v2/language/11/"
            },
            "name": "\u308f\u3056\u30ec\u30b3\u30fc\u30c9\uff11\uff15"
        },
        {
            "language": {
                "name": "zh-Hans",
                "url": "/api/v2/language/12/"
            },
            "name": "\u62db\u5f0f\u8bb0\u5f55\uff11\uff15"
        }
    ],
    "sprites": {
        "default": null
    }
}