{
    "attributes": [],
    "baby_trigger_for": null,
    "category": {
        "name": "all-machines",
        "url": "/api/v2/item-category/37/"
    },
    "cost": 10000,
    "effect_entries": [],
    "flavor_text_entries": [
        {
            "language": {
                "name": "ja-Hrkt",
                "url": "/api/v2/language/1/"
            },
            "text": "\u3057\u3093\u3069\u3046\u3067\u3000\u304a\u3093\u3071\u3092\u3000\u304a\u3053\u3057\u3066\n\u3053\u3046\u3052\u304d\u3059\u308b\u3002\u3042\u3044\u3066\u306e\u3000\u3068\u304f\u307c\u3046\u3092\n\u3055\u3052\u308b\u3053\u3068\u304c\u3000\u3042\u308b\u3002",
            "version_group": {
                "name": "sword-shield",
                "url": "/api/v2/version-group/20/"
            }
        },
        {
            "language": {
                "name": "ko",
                "url": "/api/v2/language/3/"
            },
            "text": "\uc9c4\ub3d9\uc73c\ub85c \uc74c\ud30c\ub97c \uc77c\uc73c\ucf1c\uc11c\n\uacf5\uaca9\ud55c\ub2e4. \uc0c1\ub300\uc758 \ud2b9\uc218\ubc29\uc5b4\ub97c\n\ub5a8\uc5b4\ub728\ub9b4 \ub54c\uac00 \uc788\ub2e4.",
            "version_group": {
                "name": "sword-shield",
                "url": "/api/v2/version-group/20/"
            }
        },
        {
            "language": {
                "name": "zh-Hant",
                "url": "/api/v2/language/4/"
            },
            "text": "\u5229\u7528\u632f\u52d5\u7522\u751f\u51fa\u7684\u97f3\u6ce2\u9032\u884c\u653b\u64ca\u3002\n\u6709\u6642\u6703\u964d\u4f4e\u5c0d\u624b\u7684\u7279\u9632\u3002",
            "version_group": {
                "name": "sword-shield",
                "url": "/api/v2/version-group/20/"
            }
        },
        {
            "language": {
                "name": "fr",
                "url": "/api/v2/language/5/"
            },
            "text": "Le lanceur fait vibrer son corps pour lancer une vague\nsonique. Peut aussi baisser la D\u00e9fense Sp\u00e9ciale\nde l\u2019ennemi.",
            "version_group": {
                "name": "sword-shield",
                "url": "/api/v2/version-group/20/"
            }
        },
        {
            "language": {
                "name": "de",
                "url": "/api/v2/language/6/"
            },
            "text": "Anwender erzeugt Schallwellen, die beim Ziel Schaden\nverursachen und eventuell dessen Spezial-Verteidigung\nsenken.",
            "version_group": {
                "name": "sword-shield",
                "url": "/api/v2/version-group/20/"
            }
        },
        {
            "language": {
                "name": "es",
                "url": "/api/v2/language/7/"
            },
            "text": "El usuario crea una onda s\u00f3nica da\u00f1ina moviendo su\ncuerpo que tambi\u00e9n puede disminuir la Defensa\nEspecial del objetivo.",
            "version_group": {
                "name": "sword-shield",
                "url": "/api/v2/version-group/20/"
            }
        },
        {
            "language": {
                "name": "it",
                "url": "/api/v2/language/8/"
            },
            "text": "Chi la usa crea un\u2019onda sonora che infligge danni.\nPu\u00f2 anche ridurre la Difesa Speciale del bersaglio.",
            "version_group": {
                "name": "sword-shield",
                "url": "/api/v2/version-group/20/"
            }
        },
        {
            "language": {
                "name": "en",
                "url": "/api/v2/language/9/"
            },
            "text": "The user generates a damaging sound wave by\nvibration. This may also lower the target\u2019s\nSp. Def stat.",
            "version_group": {
                "name": "sword-shield",
                "url": "/api/v2/version-group/20/"
            }
        },
        {
            "language": {
                "name": "ja",
                "url": "/api/v2/language/11/"
            },
            "text": "\u632f\u52d5\u3067\u3000\u97f3\u6ce2\u3092\u3000\u304a\u3053\u3057\u3066\n\u653b\u6483\u3059\u308b\u3002\u76f8\u624b\u306e\u3000\u7279\u9632\u3092\n\u3055\u3052\u308b\u3053\u3068\u304c\u3000\u3042\u308b\u3002",
            "version_group": {
                "name": "sword-shield",
                "url": "/api/v2/version-group/20/"
            }
        },
        {
            "language": {
                "name": "zh-Hans",
                "url": "/api/v2/language/12/"
            },
            "text": "\u5229\u7528\u632f\u52a8\u53d1\u51fa\u97f3\u6ce2\u8fdb\u884c\u653b\u51fb\u3002\n\u6709\u65f6\u4f1a\u964d\u4f4e\u5bf9\u624b\u7684\u7279\u9632\u3002",
            "version_group": {
                "name": "sword-shield",
                "url": "/api/v2/version-group/20/"
            }
        }
    ],
    "fling_effect": null,
    "fling_power": 90,
    "game_indices": [
        {
            "game_index": 1191,
            "generation": {
                "name": "generation-viii",
                "url": "/api/v2/generation/8/"
            }
        }
    ],
    "held_by_pokemon": [],
    "id": 1249,
    "machines": [
        {
            "machine": {
                "url": "/api/v2/machine/1650/"
            },
            "version_group": {
                "name": "sword-shield",
                "url": "/api/v2/version-group/20/"
            }
        }
    ],
    "name": "tr61",
    "names": [
        {
            "language": {
                "name": "ja-Hrkt",
                "url": "/api/v2/language/1/"
            },
            "name": "\u308f\u3056\u30ec\u30b3\u30fc\u30c9\uff16\uff11"
        },
        {
            "language": {
                "name": "ko",
                "url": "/api/v2/language/3/"
            },
            "name": "\uae30\uc220\ub808\ucf54\ub4dc61"
        },
        {
            "language": {
                "name": "zh-Hant",
                "url": "/api/v2/language/4/"
            },
            "name": "\u62db\u5f0f\u7d00\u9304\uff16\uff11"
        },
        {
            "language": {
                "name": "fr",
                "url": "/api/v2/language/5/"
            },
            "name": "DT61"
        },
        {
            "language": {
                "name": "de",
                "url": "/api/v2/language/6/"
            },
            "name": "TP61"
        },
        {
            "language": {
                "name": "es",
                "url": "/api/v2/language/7/"
            },
            "name": "DT61"
        },
        {
            "language": {
                "name": "it",
                "url": "/api/v2/language/8/"
            },
            "name": "DT61"
        },
        {
            "language": {
                "name": "en",
                "url": "/api/v2/language/9/"
            },
            "name": "TR61"
        },
        {
            "language": {
                "name": "ja",
                "url": "/api/v2/language/11/"
            },
            "name": "\u308f\u3056\u30ec\u30b3\u30fc\u30c9\uff16\uff11"
        },
        {
            "language": {
                "name": "zh-Hans",
                "url": "/api/v2/language/12/"
            },
            "name": "\u62db\u5f0f\u8bb0\u5f55\uff16\uff11"
        }
    ],
    "sprites": {
        "default": null
    }
}