{
    "attributes": [],
    "baby_trigger_for": null,
    "category": {
        "name": "catching-bonus",
        "url": "/api/v2/item-category/48/"
    },
    "cost": 5000,
    "effect_entries": [],
    "flavor_text_entries": [
        {
            "language": {
                "name": "ja-Hrkt",
                "url": "/api/v2/language/1/"
            },
            "text": "\u30dd\u30b1\u30e2\u30f3\u3092\u3000\u3064\u304b\u307e\u3048\u308b\u3000\u3068\u304d\u306b\n\u3042\u305f\u3048\u308b\u3068\u3000\u304b\u306a\u308a\u3000\u304a\u3061\u3064\u304f\u3000\u304d\u306e\u307f\u3002",
            "version_group": {
                "name": "lets-go-pikachu-lets-go-eevee",
                "url": "/api/v2/version-group/19/"
            }
        },
        {
            "language": {
                "name": "ko",
                "url": "/api/v2/language/3/"
            },
            "text": "\ud3ec\ucf13\ubaac\uc744 \uc7a1\uc744 \ub54c \uc8fc\uba74\n\uc0c1\ub2f9\ud788 \uc58c\uc804\ud574\uc9c0\ub294 \ub098\ubb34\uc5f4\ub9e4.",
            "version_group": {
                "name": "lets-go-pikachu-lets-go-eevee",
                "url": "/api/v2/version-group/19/"
            }
        },
        {
            "language": {
                "name": "zh-Hant",
                "url": "/api/v2/language/4/"
            },
            "text": "\u5728\u6355\u6349\u6642\u628a\u9019\u500b\u6a39\u679c\u9935\u7d66\u5bf6\u53ef\u5922\uff0c\n\u5c31\u80fd\u8b93\u7260\u5011\u7684\u60c5\u7dd2\u5927\u5e45\u7a69\u5b9a\u4e0b\u4f86\u3002",
            "version_group": {
                "name": "lets-go-pikachu-lets-go-eevee",
                "url": "/api/v2/version-group/19/"
            }
        },
        {
            "language": {
                "name": "fr",
                "url": "/api/v2/language/5/"
            },
            "text": "Une Baie \u00e0 donner \u00e0 un Pok\u00e9mon sauvage au moment\nde la capture pour le calmer durablement.",
            "version_group": {
                "name": "lets-go-pikachu-lets-go-eevee",
                "url": "/api/v2/version-group/19/"
            }
        },
        {
            "language": {
                "name": "de",
                "url": "/api/v2/language/6/"
            },
            "text": "Gibst du diese Beere einem Pok\u00e9mon zu essen,\nwird es w\u00e4hrend des Fangversuchs viel ruhiger.",
            "version_group": {
                "name": "lets-go-pikachu-lets-go-eevee",
                "url": "/api/v2/version-group/19/"
            }
        },
        {
            "language": {
                "name": "es",
                "url": "/api/v2/language/7/"
            },
            "text": "Una baya que puedes lanzar a un Pok\u00e9mon salvaje\npara tranquilizarlo mucho.",
            "version_group": {
                "name": "lets-go-pikachu-lets-go-eevee",
                "url": "/api/v2/version-group/19/"
            }
        },
        {
            "language": {
                "name": "it",
                "url": "/api/v2/language/8/"
            },
            "text": "Bacca che calma molto il Pok\u00e9mon selvatico\na cui viene data.",
            "version_group": {
                "name": "lets-go-pikachu-lets-go-eevee",
                "url": "/api/v2/version-group/19/"
            }
        },
        {
            "language": {
                "name": "en",
                "url": "/api/v2/language/9/"
            },
            "text": "A Berry that calms wild Pok\u00e9mon you\u2019re trying to catch\ndrastically when given to them.",
            "version_group": {
                "name": "lets-go-pikachu-lets-go-eevee",
                "url": "/api/v2/version-group/19/"
            }
        },
        {
            "language": {
                "name": "ja",
                "url": "/api/v2/language/11/"
            },
            "text": "\u30dd\u30b1\u30e2\u30f3\u3092\u3000\u6355\u307e\u3048\u308b\u3000\u3068\u304d\u306b\n\u3042\u305f\u3048\u308b\u3068\u3000\u304b\u306a\u308a\u3000\u843d\u3061\u7740\u304f\u3000\u304d\u306e\u307f\u3002",
            "version_group": {
                "name": "lets-go-pikachu-lets-go-eevee",
                "url": "/api/v2/version-group/19/"
            }
        },
        {
            "language": {
                "name": "zh-Hans",
                "url": "/api/v2/language/12/"
            },
            "text": "\u6355\u6349\u5b9d\u53ef\u68a6\u65f6\uff0c\n\u628a\u8fd9\u6811\u679c\u4ea4\u7ed9\u5b9d\u53ef\u68a6\n\u5c31\u80fd\u6709\u6548\u5730\u5e73\u590d\u5bf9\u65b9\u7684\u60c5\u7eea\u3002",
            "version_group": {
                "name": "lets-go-pikachu-lets-go-eevee",
                "url": "/api/v2/version-group/19/"
            }
        },
        {
            "language": {
                "name": "ja-Hrkt",
                "url": "/api/v2/language/1/"
            },
            "text": "\u30dd\u30b1\u30e2\u30f3\u3092\u3000\u3064\u304b\u307e\u3048\u308b\u3000\u3068\u304d\u306b\n\u3042\u305f\u3048\u308b\u3068\u3000\u304b\u306a\u308a\u3000\u304a\u3061\u3064\u304f\u3000\u304d\u306e\u307f\u3002",
            "version_group": {
                "name": "sword-shield",
                "url": "/api/v2/version-group/20/"
            }
        },
        {
            "language": {
                "name": "ko",
                "url": "/api/v2/language/3/"
            },
            "text": "\ud3ec\ucf13\ubaac\uc744 \uc7a1\uc744 \ub54c \uc8fc\uba74\n\uc0c1\ub2f9\ud788 \uc58c\uc804\ud574\uc9c0\ub294 \ub098\ubb34\uc5f4\ub9e4.",
            "version_group": {
                "name": "sword-shield",
                "url": "/api/v2/version-group/20/"
            }
        },
        {
            "language": {
                "name": "zh-Hant",
                "url": "/api/v2/language/4/"
            },
            "text": "\u5728\u6355\u6349\u6642\u628a\u9019\u500b\u6a39\u679c\u9935\u7d66\u5bf6\u53ef\u5922\uff0c\n\u5c31\u80fd\u8b93\u7260\u5011\u7684\u60c5\u7dd2\u5927\u5e45\u7a69\u5b9a\u4e0b\u4f86\u3002",
            "version_group": {
                "name": "sword-shield",
                "url": "/api/v2/version-group/20/"
            }
        },
        {
            "language": {
                "name": "fr",
                "url": "/api/v2/language/5/"
            },
            "text": "Une Baie \u00e0 donner \u00e0 un Pok\u00e9mon sauvage au moment\nde la capture pour le calmer durablement.",
            "version_group": {
                "name": "sword-shield",
                "url": "/api/v2/version-group/20/"
            }
        },
        {
            "language": {
                "name": "de",
                "url": "/api/v2/language/6/"
            },
            "text": "Gibst du diese Beere einem Pok\u00e9mon zu essen,\nwird es w\u00e4hrend des Fangversuchs viel ruhiger.",
            "version_group": {
                "name": "sword-shield",
                "url": "/api/v2/version-group/20/"
            }
        },
        {
            "language": {
                "name": "es",
                "url": "/api/v2/language/7/"
            },
            "text": "Una baya que puedes lanzar a un Pok\u00e9mon salvaje\npara tranquilizarlo mucho.",
            "version_group": {
                "name": "sword-shield",
                "url": "/api/v2/version-group/20/"
            }
        },
        {
            "language": {
                "name": "it",
                "url": "/api/v2/language/8/"
            },
            "text": "Bacca che calma molto il Pok\u00e9mon selvatico\na cui viene data.",
            "version_group": {
                "name": "sword-shield",
                "url": "/api/v2/version-group/20/"
            }
        },
        {
            "language": {
                "name": "en",
                "url": "/api/v2/language/9/"
            },
            "text": "A Berry that calms wild Pok\u00e9mon you\u2019re trying to catch\ndrastically when given to them.",
            "version_group": {
                "name": "sword-shield",
                "url": "/api/v2/version-group/20/"
            }
        },
        {
            "language": {
                "name": "ja",
                "url": "/api/v2/language/11/"
            },
            "text": "\u30dd\u30b1\u30e2\u30f3\u3092\u3000\u6355\u307e\u3048\u308b\u3000\u3068\u304d\u306b\n\u3042\u305f\u3048\u308b\u3068\u3000\u304b\u306a\u308a\u3000\u843d\u3061\u7740\u304f\u3000\u304d\u306e\u307f\u3002",
            "version_group": {
                "name": "sword-shield",
                "url": "/api/v2/version-group/20/"
            }
        },
        {
            "language": {
                "name": "zh-Hans",
                "url": "/api/v2/language/12/"
            },
            "text": "\u6355\u6349\u5b9d\u53ef\u68a6\u65f6\uff0c\n\u628a\u8fd9\u6811\u679c\u4ea4\u7ed9\u5b9d\u53ef\u68a6\n\u5c31\u80fd\u6709\u6548\u5730\u5e73\u590d\u5bf9\u65b9\u7684\u60c5\u7eea\u3002",
            "version_group": {
                "name": "sword-shield",
                "url": "/api/v2/version-group/20/"
            }
        }
    ],
    "fling_effect": null,
    "fling_power": 10,
    "game_indices": [
        {
            "game_index": 864,
            "generation": {
                "name": "generation-vii",
                "url": "/api/v2/generation/7/"
            }
        },
        {
            "game_index": 864,
            "generation": {
                "name": "generation-viii",
                "url": "/api/v2/generation/8/"
            }
        }
    ],
    "held_by_pokemon": [],
    "id": 1017,
    "machines": [],
    "name": "golden-nanab-berry",
    "names": [
        {
            "language": {
                "name": "ja-Hrkt",
                "url": "/api/v2/language/1/"
            },
            "name": "\u304d\u3093\u306e\u30ca\u30ca\u306e\u307f"
        },
        {
            "language": {
                "name": "ko",
                "url": "/api/v2/language/3/"
            },
            "name": "\ud669\uae08 \ub098\ub098\uc5f4\ub9e4"
        },
        {
            "language": {
                "name": "zh-Hant",
                "url": "/api/v2/language/4/"
            },
            "name": "\u91d1\u8272\u8549\u9999\u679c"
        },
        {
            "language": {
                "name": "fr",
                "url": "/api/v2/language/5/"
            },
            "name": "Baie Nanab dor\u00e9e"
        },
        {
            "language": {
                "name": "de",
                "url": "/api/v2/language/6/"
            },
            "name": "Goldene Nanabbeere"
        },
        {
            "language": {
                "name": "es",
                "url": "/api/v2/language/7/"
            },
            "name": "Baya Latano Dorada"
        },
        {
            "language": {
                "name": "it",
                "url": "/api/v2/language/8/"
            },
            "name": "Baccabana dorata"
        },
        {
            "language": {
                "name": "en",
                "url": "/api/v2/language/9/"
            },
            "name": "Golden Nanab Berry"
        },
        {
            "language": {
                "name": "ja",
                "url": "/api/v2/language/11/"
            },
            "name": "\u304d\u3093\u306e\u30ca\u30ca\u306e\u307f"
        },
        {
            "language": {
                "name": "zh-Hans",
                "url": "/api/v2/language/12/"
            },
            "name": "\u91d1\u8272\u8549\u9999\u679c"
        }
    ],
    "sprites": {
        "default": null
    }
}