{
    "attributes": [],
    "baby_trigger_for": null,
    "category": {
        "name": "all-machines",
        "url": "/api/v2/item-category/37/"
    },
    "cost": 4000,
    "effect_entries": [],
    "flavor_text_entries": [
        {
            "language": {
                "name": "ja-Hrkt",
                "url": "/api/v2/language/1/"
            },
            "text": "\u3061\u304f\u305b\u304d\u3000\u3055\u308c\u305f\u3000\u30d1\u30ef\u30fc\u3067\u3000\u3042\u3044\u3066\u3092\n\u3053\u3046\u3052\u304d\u3059\u308b\u3002\u3058\u3076\u3093\u306e\u3000\u306e\u3046\u308a\u3087\u304f\u304c\n\u3042\u304c\u3063\u3066\u3000\u3044\u308b\u307b\u3069\u3000\u3044\u308a\u3087\u304f\u304c\u3000\u3042\u304c\u308b\u3002",
            "version_group": {
                "name": "sword-shield",
                "url": "/api/v2/version-group/20/"
            }
        },
        {
            "language": {
                "name": "ko",
                "url": "/api/v2/language/3/"
            },
            "text": "\ucd95\uc801\ub41c \ud30c\uc6cc\ub85c \uc0c1\ub300\ub97c\n\uacf5\uaca9\ud55c\ub2e4. \uc790\uc2e0\uc758 \ub2a5\ub825\uc774\n\uc62c\ub77c\uac00 \uc788\ub294 \ub9cc\ud07c \uc704\ub825\uc774 \uc624\ub978\ub2e4.",
            "version_group": {
                "name": "sword-shield",
                "url": "/api/v2/version-group/20/"
            }
        },
        {
            "language": {
                "name": "zh-Hant",
                "url": "/api/v2/language/4/"
            },
            "text": "\u7528\u84c4\u7a4d\u7684\u529b\u91cf\u653b\u64ca\u5c0d\u624b\u3002\n\u81ea\u5df1\u7684\u80fd\u529b\u63d0\u9ad8\u8d8a\u591a\uff0c\n\u62db\u5f0f\u7684\u5a01\u529b\u8d8a\u5927\u3002",
            "version_group": {
                "name": "sword-shield",
                "url": "/api/v2/version-group/20/"
            }
        },
        {
            "language": {
                "name": "fr",
                "url": "/api/v2/language/5/"
            },
            "text": "Le lanceur attaque l\u2019ennemi avec une force accumul\u00e9e.\nPlus les stats du lanceur sont augment\u00e9es,\nplus le coup est efficace.",
            "version_group": {
                "name": "sword-shield",
                "url": "/api/v2/version-group/20/"
            }
        },
        {
            "language": {
                "name": "de",
                "url": "/api/v2/language/6/"
            },
            "text": "Angriff mit angesparter Energie. Je st\u00e4rker die\nStatuswerte des Anwenders erh\u00f6ht wurden, desto mehr\nSchaden richtet diese Attacke an.",
            "version_group": {
                "name": "sword-shield",
                "url": "/api/v2/version-group/20/"
            }
        },
        {
            "language": {
                "name": "es",
                "url": "/api/v2/language/7/"
            },
            "text": "Acumula poder para golpear. Cuanto m\u00e1s suban las\ncaracter\u00edsticas del usuario, mayor ser\u00e1 el da\u00f1o.",
            "version_group": {
                "name": "sword-shield",
                "url": "/api/v2/version-group/20/"
            }
        },
        {
            "language": {
                "name": "it",
                "url": "/api/v2/language/8/"
            },
            "text": "Attacca il bersaglio con l\u2019energia accumulata.\nPi\u00f9 sono state aumentate le statistiche, maggiore\n\u00e8 il danno inflitto.",
            "version_group": {
                "name": "sword-shield",
                "url": "/api/v2/version-group/20/"
            }
        },
        {
            "language": {
                "name": "en",
                "url": "/api/v2/language/9/"
            },
            "text": "The user attacks the target with stored power.\nThe more the user\u2019s stats are raised, the greater\nthe move\u2019s power.",
            "version_group": {
                "name": "sword-shield",
                "url": "/api/v2/version-group/20/"
            }
        },
        {
            "language": {
                "name": "ja",
                "url": "/api/v2/language/11/"
            },
            "text": "\u84c4\u7a4d\u3055\u308c\u305f\u3000\u30d1\u30ef\u30fc\u3067\u3000\u76f8\u624b\u3092\n\u653b\u6483\u3059\u308b\u3002\u81ea\u5206\u306e\u3000\u80fd\u529b\u304c\n\u3042\u304c\u3063\u3066\u3044\u308b\u307b\u3069\u3000\u5a01\u529b\u304c\u3000\u3042\u304c\u308b\u3002",
            "version_group": {
                "name": "sword-shield",
                "url": "/api/v2/version-group/20/"
            }
        },
        {
            "language": {
                "name": "zh-Hans",
                "url": "/api/v2/language/12/"
            },
            "text": "\u7528\u84c4\u79ef\u8d77\u6765\u7684\u529b\u91cf\u653b\u51fb\u5bf9\u624b\u3002\n\u81ea\u5df1\u7684\u80fd\u529b\u63d0\u9ad8\u5f97\u8d8a\u591a\uff0c\u5a01\u529b\u5c31\u8d8a\u5927\u3002",
            "version_group": {
                "name": "sword-shield",
                "url": "/api/v2/version-group/20/"
            }
        }
    ],
    "fling_effect": null,
    "fling_power": 20,
    "game_indices": [
        {
            "game_index": 1212,
            "generation": {
                "name": "generation-viii",
                "url": "/api/v2/generation/8/"
            }
        }
    ],
    "held_by_pokemon": [],
    "id": 1270,
    "machines": [
        {
            "machine": {
                "url": "/api/v2/machine/1671/"
            },
            "version_group": {
                "name": "sword-shield",
                "url": "/api/v2/version-group/20/"
            }
        }
    ],
    "name": "tr82",
    "names": [
        {
            "language": {
                "name": "ja-Hrkt",
                "url": "/api/v2/language/1/"
            },
            "name": "\u308f\u3056\u30ec\u30b3\u30fc\u30c9\uff18\uff12"
        },
        {
            "language": {
                "name": "ko",
                "url": "/api/v2/language/3/"
            },
            "name": "\uae30\uc220\ub808\ucf54\ub4dc82"
        },
        {
            "language": {
                "name": "zh-Hant",
                "url": "/api/v2/language/4/"
            },
            "name": "\u62db\u5f0f\u7d00\u9304\uff18\uff12"
        },
        {
            "language": {
                "name": "fr",
                "url": "/api/v2/language/5/"
            },
            "name": "DT82"
        },
        {
            "language": {
                "name": "de",
                "url": "/api/v2/language/6/"
            },
            "name": "TP82"
        },
        {
            "language": {
                "name": "es",
                "url": "/api/v2/language/7/"
            },
            "name": "DT82"
        },
        {
            "language": {
                "name": "it",
                "url": "/api/v2/language/8/"
            },
            "name": "DT82"
        },
        {
            "language": {
                "name": "en",
                "url": "/api/v2/language/9/"
            },
            "name": "TR82"
        },
        {
            "language": {
                "name": "ja",
                "url": "/api/v2/language/11/"
            },
            "name": "\u308f\u3056\u30ec\u30b3\u30fc\u30c9\uff18\uff12"
        },
        {
            "language": {
                "name": "zh-Hans",
                "url": "/api/v2/language/12/"
            },
            "name": "\u62db\u5f0f\u8bb0\u5f55\uff18\uff12"
        }
    ],
    "sprites": {
        "default": null
    }
}