{
    "attributes": [],
    "baby_trigger_for": null,
    "category": {
        "name": "all-machines",
        "url": "/api/v2/item-category/37/"
    },
    "cost": 4000,
    "effect_entries": [],
    "flavor_text_entries": [
        {
            "language": {
                "name": "ja-Hrkt",
                "url": "/api/v2/language/1/"
            },
            "text": "\u3072\u3075\u3092\u3000\u3066\u3064\u306e\u3088\u3046\u306b\n\u304b\u305f\u304f\u3059\u308b\u3000\u3053\u3068\u3067\n\u3058\u3076\u3093\u306e\u3000\u307c\u3046\u304e\u3087\u3092\u3000\u3050\u30fc\u3093\u3068\u3000\u3042\u3052\u308b\u3002",
            "version_group": {
                "name": "sword-shield",
                "url": "/api/v2/version-group/20/"
            }
        },
        {
            "language": {
                "name": "ko",
                "url": "/api/v2/language/3/"
            },
            "text": "\ud53c\ubd80\ub97c \uc1e0\ucc98\ub7fc\n\ub2e8\ub2e8\ud558\uac8c \ub9cc\ub4e6\uc73c\ub85c\uc368\n\uc790\uc2e0\uc758 \ubc29\uc5b4\ub97c \ud06c\uac8c \uc62c\ub9b0\ub2e4.",
            "version_group": {
                "name": "sword-shield",
                "url": "/api/v2/version-group/20/"
            }
        },
        {
            "language": {
                "name": "zh-Hant",
                "url": "/api/v2/language/4/"
            },
            "text": "\u5c07\u76ae\u819a\u8b8a\u5f97\u5805\u786c\u5982\u9435\uff0c\n\u5927\u5e45\u63d0\u9ad8\u81ea\u5df1\u7684\u9632\u79a6\u3002",
            "version_group": {
                "name": "sword-shield",
                "url": "/api/v2/version-group/20/"
            }
        },
        {
            "language": {
                "name": "fr",
                "url": "/api/v2/language/5/"
            },
            "text": "L\u2019\u00e9piderme du lanceur devient dur comme du fer,\nce qui augmente beaucoup sa D\u00e9fense.",
            "version_group": {
                "name": "sword-shield",
                "url": "/api/v2/version-group/20/"
            }
        },
        {
            "language": {
                "name": "de",
                "url": "/api/v2/language/6/"
            },
            "text": "Anwender st\u00e4rkt den K\u00f6rper, um den\nVerteidigungs-Wert stark zu erh\u00f6hen.",
            "version_group": {
                "name": "sword-shield",
                "url": "/api/v2/version-group/20/"
            }
        },
        {
            "language": {
                "name": "es",
                "url": "/api/v2/language/7/"
            },
            "text": "Fortalece el cuerpo como si fuera de hierro y sube\nmucho la Defensa.",
            "version_group": {
                "name": "sword-shield",
                "url": "/api/v2/version-group/20/"
            }
        },
        {
            "language": {
                "name": "it",
                "url": "/api/v2/language/8/"
            },
            "text": "Il corpo di chi la usa si indurisce come il ferro,\nfacendone salire di molto la Difesa.",
            "version_group": {
                "name": "sword-shield",
                "url": "/api/v2/version-group/20/"
            }
        },
        {
            "language": {
                "name": "en",
                "url": "/api/v2/language/9/"
            },
            "text": "The user hardens its body\u2019s surface like iron,\nsharply raising its Defense stat.",
            "version_group": {
                "name": "sword-shield",
                "url": "/api/v2/version-group/20/"
            }
        },
        {
            "language": {
                "name": "ja",
                "url": "/api/v2/language/11/"
            },
            "text": "\u76ae\u819a\u3092\u3000\u9244\u306e\u3088\u3046\u306b\n\u786c\u304f\u3059\u308b\u3000\u3053\u3068\u3067\n\u81ea\u5206\u306e\u3000\u9632\u5fa1\u3092\u3000\u3050\u30fc\u3093\u3068\u3000\u3042\u3052\u308b\u3002",
            "version_group": {
                "name": "sword-shield",
                "url": "/api/v2/version-group/20/"
            }
        },
        {
            "language": {
                "name": "zh-Hans",
                "url": "/api/v2/language/12/"
            },
            "text": "\u5c06\u76ae\u80a4\u53d8\u5f97\u575a\u786c\u5982\u94c1\uff0c\n\u4ece\u800c\u5927\u5e45\u63d0\u9ad8\u81ea\u5df1\u7684\u9632\u5fa1\u3002",
            "version_group": {
                "name": "sword-shield",
                "url": "/api/v2/version-group/20/"
            }
        }
    ],
    "fling_effect": null,
    "fling_power": 10,
    "game_indices": [
        {
            "game_index": 1176,
            "generation": {
                "name": "generation-viii",
                "url": "/api/v2/generation/8/"
            }
        }
    ],
    "held_by_pokemon": [],
    "id": 1234,
    "machines": [
        {
            "machine": {
                "url": "/api/v2/machine/1635/"
            },
            "version_group": {
                "name": "sword-shield",
                "url": "/api/v2/version-group/20/"
            }
        }
    ],
    "name": "tr46",
    "names": [
        {
            "language": {
                "name": "ja-Hrkt",
                "url": "/api/v2/language/1/"
            },
            "name": "\u308f\u3056\u30ec\u30b3\u30fc\u30c9\uff14\uff16"
        },
        {
            "language": {
                "name": "ko",
                "url": "/api/v2/language/3/"
            },
            "name": "\uae30\uc220\ub808\ucf54\ub4dc46"
        },
        {
            "language": {
                "name": "zh-Hant",
                "url": "/api/v2/language/4/"
            },
            "name": "\u62db\u5f0f\u7d00\u9304\uff14\uff16"
        },
        {
            "language": {
                "name": "fr",
                "url": "/api/v2/language/5/"
            },
            "name": "DT46"
        },
        {
            "language": {
                "name": "de",
                "url": "/api/v2/language/6/"
            },
            "name": "TP46"
        },
        {
            "language": {
                "name": "es",
                "url": "/api/v2/language/7/"
            },
            "name": "DT46"
        },
        {
            "language": {
                "name": "it",
                "url": "/api/v2/language/8/"
            },
            "name": "DT46"
        },
        {
            "language": {
                "name": "en",
                "url": "/api/v2/language/9/"
            },
            "name": "TR46"
        },
        {
            "language": {
                "name": "ja",
                "url": "/api/v2/language/11/"
            },
            "name": "\u308f\u3056\u30ec\u30b3\u30fc\u30c9\uff14\uff16"
        },
        {
            "language": {
                "name": "zh-Hans",
                "url": "/api/v2/language/12/"
            },
            "name": "\u62db\u5f0f\u8bb0\u5f55\uff14\uff16"
        }
    ],
    "sprites": {
        "default": null
    }
}