{
    "attributes": [],
    "baby_trigger_for": null,
    "category": {
        "name": "evolution",
        "url": "/api/v2/item-category/10/"
    },
    "cost": 500,
    "effect_entries": [],
    "flavor_text_entries": [
        {
            "language": {
                "name": "ja-Hrkt",
                "url": "/api/v2/language/1/"
            },
            "text": "\u3044\u3061\u3054\u306e\u3000\u304b\u305f\u3061\u3092\u3000\u3057\u305f\u3000\u30a2\u30e1\u3056\u3044\u304f\u3002\n\u30de\u30db\u30df\u30eb\u306b\u3000\u3082\u305f\u305b\u3066\u3042\u3052\u308b\u3068\n\u304f\u308b\u304f\u308b\u3000\u307e\u308f\u3063\u3066\u3000\u3088\u308d\u3053\u3076\u3002",
            "version_group": {
                "name": "sword-shield",
                "url": "/api/v2/version-group/20/"
            }
        },
        {
            "language": {
                "name": "ko",
                "url": "/api/v2/language/3/"
            },
            "text": "\ub538\uae30 \ubaa8\uc591\uc758 \uc0ac\ud0d5\uacf5\uc608.\n\ub9c8\ube4c\ud06c\uc5d0\uac8c \uc9c0\ub2c8\uac8c \ud558\uba74\n\ube59\ube59 \ub3cc\uba70 \uae30\ubed0\ud55c\ub2e4.",
            "version_group": {
                "name": "sword-shield",
                "url": "/api/v2/version-group/20/"
            }
        },
        {
            "language": {
                "name": "zh-Hant",
                "url": "/api/v2/language/4/"
            },
            "text": "\u8349\u8393\u5f62\u72c0\u7684\u5de5\u85dd\u7cd6\u679c\u3002\n\u8b93\u5c0f\u4ed9\u5976\u651c\u5e36\u7684\u8a71\uff0c\n\u7260\u6703\u9ad8\u8208\u5f97\u8f49\u5708\u5708\u3002",
            "version_group": {
                "name": "sword-shield",
                "url": "/api/v2/version-group/20/"
            }
        },
        {
            "language": {
                "name": "fr",
                "url": "/api/v2/language/5/"
            },
            "text": "Un bonbon en forme de fraise.\nQuand on le donne \u00e0 un Cr\u00e8my, il danse de bonheur.",
            "version_group": {
                "name": "sword-shield",
                "url": "/api/v2/version-group/20/"
            }
        },
        {
            "language": {
                "name": "de",
                "url": "/api/v2/language/6/"
            },
            "text": "Zuckerwerk in Form einer Erdbeere. Gibt man es\nHokumil zum Tragen, dreht es sich vor Freude im Kreis.",
            "version_group": {
                "name": "sword-shield",
                "url": "/api/v2/version-group/20/"
            }
        },
        {
            "language": {
                "name": "es",
                "url": "/api/v2/language/7/"
            },
            "text": "Figura de caramelo con forma de fresa. Al d\u00e1rselo a\nMilcery, se pone a girar rebosante de alegr\u00eda.",
            "version_group": {
                "name": "sword-shield",
                "url": "/api/v2/version-group/20/"
            }
        },
        {
            "language": {
                "name": "it",
                "url": "/api/v2/language/8/"
            },
            "text": "Bonbon a forma di fragola. Se dato a Milcery,\nil Pok\u00e9mon far\u00e0 le piroette per la felicit\u00e0.",
            "version_group": {
                "name": "sword-shield",
                "url": "/api/v2/version-group/20/"
            }
        },
        {
            "language": {
                "name": "en",
                "url": "/api/v2/language/9/"
            },
            "text": "A strawberry-shaped sweet. When a Milcery\nholds this, it will spin around happily.",
            "version_group": {
                "name": "sword-shield",
                "url": "/api/v2/version-group/20/"
            }
        },
        {
            "language": {
                "name": "ja",
                "url": "/api/v2/language/11/"
            },
            "text": "\u3044\u3061\u3054\u306e\u3000\u5f62\u3092\u3000\u3057\u305f\u3000\u30a2\u30e1\u7d30\u5de5\u3002\n\u30de\u30db\u30df\u30eb\u306b\u3000\u6301\u305f\u305b\u3066\u3042\u3052\u308b\u3068\n\u304f\u308b\u304f\u308b\u3000\u56de\u3063\u3066\u3000\u559c\u3076\u3002",
            "version_group": {
                "name": "sword-shield",
                "url": "/api/v2/version-group/20/"
            }
        },
        {
            "language": {
                "name": "zh-Hans",
                "url": "/api/v2/language/12/"
            },
            "text": "\u8349\u8393\u5f62\u72b6\u7684\u5de5\u827a\u7cd6\u679c\u3002\n\u8ba9\u5c0f\u4ed9\u5976\u643a\u5e26\u7684\u8bdd\uff0c\n\u4f1a\u9ad8\u5174\u5730\u8f6c\u5708\u5708\u3002",
            "version_group": {
                "name": "sword-shield",
                "url": "/api/v2/version-group/20/"
            }
        }
    ],
    "fling_effect": null,
    "fling_power": 10,
    "game_indices": [
        {
            "game_index": 1109,
            "generation": {
                "name": "generation-viii",
                "url": "/api/v2/generation/8/"
            }
        }
    ],
    "held_by_pokemon": [],
    "id": 1167,
    "machines": [],
    "name": "strawberry-sweet",
    "names": [
        {
            "language": {
                "name": "ja-Hrkt",
                "url": "/api/v2/language/1/"
            },
            "name": "\u3044\u3061\u3054\u30a2\u30e1\u3056\u3044\u304f"
        },
        {
            "language": {
                "name": "ko",
                "url": "/api/v2/language/3/"
            },
            "name": "\ub538\uae30\uc0ac\ud0d5\uacf5\uc608"
        },
        {
            "language": {
                "name": "zh-Hant",
                "url": "/api/v2/language/4/"
            },
            "name": "\u8349\u8393\u7cd6\u98fe"
        },
        {
            "language": {
                "name": "fr",
                "url": "/api/v2/language/5/"
            },
            "name": "Fraise en Sucre"
        },
        {
            "language": {
                "name": "de",
                "url": "/api/v2/language/6/"
            },
            "name": "Zucker-Erdbeere"
        },
        {
            "language": {
                "name": "es",
                "url": "/api/v2/language/7/"
            },
            "name": "Confite Fresa"
        },
        {
            "language": {
                "name": "it",
                "url": "/api/v2/language/8/"
            },
            "name": "Bonbonfragola"
        },
        {
            "language": {
                "name": "en",
                "url": "/api/v2/language/9/"
            },
            "name": "Strawberry Sweet"
        },
        {
            "language": {
                "name": "ja",
                "url": "/api/v2/language/11/"
            },
            "name": "\u3044\u3061\u3054\u30a2\u30e1\u3056\u3044\u304f"
        },
        {
            "language": {
                "name": "zh-Hans",
                "url": "/api/v2/language/12/"
            },
            "name": "\u8349\u8393\u7cd6\u9970"
        }
    ],
    "sprites": {
        "default": null
    }
}