{
    "attributes": [],
    "baby_trigger_for": null,
    "category": {
        "name": "species-specific",
        "url": "/api/v2/item-category/18/"
    },
    "cost": 0,
    "effect_entries": [],
    "flavor_text_entries": [
        {
            "language": {
                "name": "ja-Hrkt",
                "url": "/api/v2/language/1/"
            },
            "text": "\u304a\u304a\u3080\u304b\u3057\u306e\u3000\u3048\u3044\u3086\u3046\u304c\u3000\u3055\u3044\u3084\u304f\u3092\n\u3046\u3061\u306f\u3089\u3063\u305f\u3068\u3000\u3064\u305f\u3048\u3089\u308c\u308b\u3000\u305f\u3066\u3000\u3060\u304c\n\u3044\u307e\u306f\u3000\u3055\u3073\u3066\u3000\u30dc\u30ed\u30dc\u30ed\u306b\u3000\u306a\u3063\u3066\u3044\u308b\u3002",
            "version_group": {
                "name": "sword-shield",
                "url": "/api/v2/version-group/20/"
            }
        },
        {
            "language": {
                "name": "ko",
                "url": "/api/v2/language/3/"
            },
            "text": "\uba3c \uc61b\ub0a0\uc758 \uc601\uc6c5\uc774 \uc7ac\uc559\uc744 \ub9c9\ub294 \ub370\n\uc0ac\uc6a9\ud588\ub2e4\uace0 \uc804\ud574\uc9c0\ub294 \ubc29\ud328\uc9c0\ub9cc\n\uc9c0\uae08\uc740 \ub179\uc774 \uc2ac\uace0 \ub2f3\uc544\ubc84\ub838\ub2e4.",
            "version_group": {
                "name": "sword-shield",
                "url": "/api/v2/version-group/20/"
            }
        },
        {
            "language": {
                "name": "zh-Hant",
                "url": "/api/v2/language/4/"
            },
            "text": "\u64da\u8aaa\u5728\u5f88\u4e45\u4ee5\u524d\uff0c\u82f1\u96c4\u5c31\u662f\n\u7528\u9019\u9762\u76fe\u4f86\u64ca\u9000\u707d\u5384\u3002\n\u4f46\u73fe\u5728\u5df2\u7d93\u751f\u93fd\uff0c\u8b8a\u5f97\u7834\u721b\u4e0d\u582a\u3002",
            "version_group": {
                "name": "sword-shield",
                "url": "/api/v2/version-group/20/"
            }
        },
        {
            "language": {
                "name": "fr",
                "url": "/api/v2/language/5/"
            },
            "text": "On raconte que ce bouclier fut jadis utilis\u00e9\npar un h\u00e9ros pour vaincre une calamit\u00e9.\n\u00c0 pr\u00e9sent, il est tout us\u00e9 et rouill\u00e9.",
            "version_group": {
                "name": "sword-shield",
                "url": "/api/v2/version-group/20/"
            }
        },
        {
            "language": {
                "name": "de",
                "url": "/api/v2/language/6/"
            },
            "text": "Mit diesem Schild soll ein Held einstmals gro\u00dfes Unheil\nabgewendet haben. Rost sowie der Zahn der Zeit haben\njedoch ihre Spuren hinterlassen.",
            "version_group": {
                "name": "sword-shield",
                "url": "/api/v2/version-group/20/"
            }
        },
        {
            "language": {
                "name": "es",
                "url": "/api/v2/language/7/"
            },
            "text": "Cuenta una antigua leyenda que un valiente h\u00e9roe\nasi\u00f3 este escudo para hacer frente a un cataclismo,\npero ahora est\u00e1 oxidado y en un estado lamentable.",
            "version_group": {
                "name": "sword-shield",
                "url": "/api/v2/version-group/20/"
            }
        },
        {
            "language": {
                "name": "it",
                "url": "/api/v2/language/8/"
            },
            "text": "Si racconta che in passato un eroe riusc\u00ec a respingere\nla calamit\u00e0 servendosi di questo scudo. Ora \u00e8 tutto\narrugginito e rovinato.",
            "version_group": {
                "name": "sword-shield",
                "url": "/api/v2/version-group/20/"
            }
        },
        {
            "language": {
                "name": "en",
                "url": "/api/v2/language/9/"
            },
            "text": "It is said that a hero used this shield to halt a terrible\ndisaster in ancient times. But it\u2019s grown rusty and worn.",
            "version_group": {
                "name": "sword-shield",
                "url": "/api/v2/version-group/20/"
            }
        },
        {
            "language": {
                "name": "ja",
                "url": "/api/v2/language/11/"
            },
            "text": "\u5927\u6614\u306e\u3000\u82f1\u96c4\u304c\u3000\u707d\u5384\u3092\n\u8a0e\u3061\u6255\u3063\u305f\u3068\u3000\u4f1d\u3048\u3089\u308c\u308b\u3000\u76fe\u3000\u3060\u304c\n\u3044\u307e\u306f\u3000\u3055\u3073\u3066\u3000\u30dc\u30ed\u30dc\u30ed\u306b\u3000\u306a\u3063\u3066\u3044\u308b\u3002",
            "version_group": {
                "name": "sword-shield",
                "url": "/api/v2/version-group/20/"
            }
        },
        {
            "language": {
                "name": "zh-Hans",
                "url": "/api/v2/language/12/"
            },
            "text": "\u636e\u8bf4\u5f88\u4e45\u4ee5\u524d\uff0c\u82f1\u96c4\u5c31\u662f\n\u62ff\u7740\u8fd9\u9762\u76fe\u9a71\u8d70\u4e86\u707e\u5384\u3002\n\u800c\u73b0\u5728\u65e9\u5df2\u53d8\u5f97\u9508\u8ff9\u6591\u6591\u3002",
            "version_group": {
                "name": "sword-shield",
                "url": "/api/v2/version-group/20/"
            }
        }
    ],
    "fling_effect": null,
    "fling_power": null,
    "game_indices": [
        {
            "game_index": 1104,
            "generation": {
                "name": "generation-viii",
                "url": "/api/v2/generation/8/"
            }
        }
    ],
    "held_by_pokemon": [],
    "id": 1162,
    "machines": [],
    "name": "rusted-shield",
    "names": [
        {
            "language": {
                "name": "ja-Hrkt",
                "url": "/api/v2/language/1/"
            },
            "name": "\u304f\u3061\u305f\u305f\u3066"
        },
        {
            "language": {
                "name": "ko",
                "url": "/api/v2/language/3/"
            },
            "name": "\ub179\uc2a8\ubc29\ud328"
        },
        {
            "language": {
                "name": "zh-Hant",
                "url": "/api/v2/language/4/"
            },
            "name": "\u8150\u673d\u7684\u76fe"
        },
        {
            "language": {
                "name": "fr",
                "url": "/api/v2/language/5/"
            },
            "name": "Bouclier Rouill\u00e9"
        },
        {
            "language": {
                "name": "de",
                "url": "/api/v2/language/6/"
            },
            "name": "Rostiger Schild"
        },
        {
            "language": {
                "name": "es",
                "url": "/api/v2/language/7/"
            },
            "name": "Escudo Oxidado"
        },
        {
            "language": {
                "name": "it",
                "url": "/api/v2/language/8/"
            },
            "name": "Scudo rovinato"
        },
        {
            "language": {
                "name": "en",
                "url": "/api/v2/language/9/"
            },
            "name": "Rusted Shield"
        },
        {
            "language": {
                "name": "ja",
                "url": "/api/v2/language/11/"
            },
            "name": "\u304f\u3061\u305f\u305f\u3066"
        },
        {
            "language": {
                "name": "zh-Hans",
                "url": "/api/v2/language/12/"
            },
            "name": "\u8150\u673d\u7684\u76fe"
        }
    ],
    "sprites": {
        "default": null
    }
}