{
    "attributes": [
        {
            "name": "holdable-active",
            "url": "/api/v2/item-attribute/7/"
        }
    ],
    "baby_trigger_for": null,
    "category": {
        "name": "medicine",
        "url": "/api/v2/item-category/3/"
    },
    "cost": 80,
    "effect_entries": [
        {
            "effect": "Held in battle\n:   When the holder is asleep, it consumes this item to wake up.\n\nUsed on a party Pok\u00e9mon\n:   Cures sleep.",
            "language": {
                "name": "en",
                "url": "/api/v2/language/9/"
            },
            "short_effect": "Held: Consumed when asleep to cure sleep."
        }
    ],
    "flavor_text_entries": [
        {
            "language": {
                "name": "en",
                "url": "/api/v2/language/9/"
            },
            "text": "A hold item that\nawakens POK\u00e9MON\nin battle.",
            "version_group": {
                "name": "ruby-sapphire",
                "url": "/api/v2/version-group/5/"
            }
        },
        {
            "language": {
                "name": "en",
                "url": "/api/v2/language/9/"
            },
            "text": "A hold item that\nawakens POK\u00e9MON\nin battle.",
            "version_group": {
                "name": "emerald",
                "url": "/api/v2/version-group/6/"
            }
        },
        {
            "language": {
                "name": "en",
                "url": "/api/v2/language/9/"
            },
            "text": "When held by a POK\u00e9MON, it will be\nused in battle to wake up.",
            "version_group": {
                "name": "firered-leafgreen",
                "url": "/api/v2/version-group/7/"
            }
        },
        {
            "language": {
                "name": "en",
                "url": "/api/v2/language/9/"
            },
            "text": "A Poffin ingredient. It may be used\nor held by a Pok\u00e9mon to recover from\nsleep.",
            "version_group": {
                "name": "diamond-pearl",
                "url": "/api/v2/version-group/8/"
            }
        },
        {
            "language": {
                "name": "en",
                "url": "/api/v2/language/9/"
            },
            "text": "A Poffin ingredient. It may be used\nor held by a Pok\u00e9mon to recover from\nsleep.",
            "version_group": {
                "name": "platinum",
                "url": "/api/v2/version-group/9/"
            }
        },
        {
            "language": {
                "name": "en",
                "url": "/api/v2/language/9/"
            },
            "text": "It may be used or held by a Pok\u00e9mon to\nrecover from sleep.",
            "version_group": {
                "name": "heartgold-soulsilver",
                "url": "/api/v2/version-group/10/"
            }
        },
        {
            "language": {
                "name": "fr",
                "url": "/api/v2/language/5/"
            },
            "text": "Baie qui soigne le sommeil lorsqu\u2019elle\nest tenue par un Pok\u00e9mon.",
            "version_group": {
                "name": "black-white",
                "url": "/api/v2/version-group/11/"
            }
        },
        {
            "language": {
                "name": "en",
                "url": "/api/v2/language/9/"
            },
            "text": "If held by a Pok\u00e9mon,\nit recovers from sleep.",
            "version_group": {
                "name": "black-white",
                "url": "/api/v2/version-group/11/"
            }
        },
        {
            "language": {
                "name": "en",
                "url": "/api/v2/language/9/"
            },
            "text": "If held by a Pok\u00e9mon,\nit recovers from sleep.",
            "version_group": {
                "name": "black-2-white-2",
                "url": "/api/v2/version-group/14/"
            }
        },
        {
            "language": {
                "name": "ja-Hrkt",
                "url": "/api/v2/language/1/"
            },
            "text": "\u30dd\u30b1\u30e2\u30f3\u306b\u3000\u3082\u305f\u305b\u308b\u3068\n\u306d\u3080\u308a\u3092\u3000\u304b\u3044\u3075\u304f\u3059\u308b\u3002\n",
            "version_group": {
                "name": "x-y",
                "url": "/api/v2/version-group/15/"
            }
        },
        {
            "language": {
                "name": "ko",
                "url": "/api/v2/language/3/"
            },
            "text": "\ud3ec\ucf13\ubaac\uc5d0\uac8c \uc9c0\ub2c8\uac8c \ud558\uba74\n\uc7a0\ub4e6\uc744 \ud68c\ubcf5\ud55c\ub2e4.",
            "version_group": {
                "name": "x-y",
                "url": "/api/v2/version-group/15/"
            }
        },
        {
            "language": {
                "name": "fr",
                "url": "/api/v2/language/5/"
            },
            "text": "Une Baie qui soigne le sommeil lorsqu\u2019elle est\ntenue par un Pok\u00e9mon.",
            "version_group": {
                "name": "x-y",
                "url": "/api/v2/version-group/15/"
            }
        },
        {
            "language": {
                "name": "de",
                "url": "/api/v2/language/6/"
            },
            "text": "Gibst du die Beere einem Pok\u00e9mon zum Tragen,\nerwacht es dadurch aus dem Schlaf.",
            "version_group": {
                "name": "x-y",
                "url": "/api/v2/version-group/15/"
            }
        },
        {
            "language": {
                "name": "es",
                "url": "/api/v2/language/7/"
            },
            "text": "Una baya muy rara en la regi\u00f3n de Teselia.",
            "version_group": {
                "name": "x-y",
                "url": "/api/v2/version-group/15/"
            }
        },
        {
            "language": {
                "name": "it",
                "url": "/api/v2/language/8/"
            },
            "text": "Se un Pok\u00e9mon ha questa bacca, si risveglia\ndal sonno.",
            "version_group": {
                "name": "x-y",
                "url": "/api/v2/version-group/15/"
            }
        },
        {
            "language": {
                "name": "en",
                "url": "/api/v2/language/9/"
            },
            "text": "A Berry to be consumed by Pok\u00e9mon.\nIf a Pok\u00e9mon holds one, it can recover\nfrom sleep on its own in battle.",
            "version_group": {
                "name": "x-y",
                "url": "/api/v2/version-group/15/"
            }
        },
        {
            "language": {
                "name": "ja",
                "url": "/api/v2/language/11/"
            },
            "text": "\u30dd\u30b1\u30e2\u30f3\u306b\u3000\u6301\u305f\u305b\u308b\u3068\n\u7720\u308a\u3092\u3000\u56de\u5fa9\u3059\u308b\u3002\n",
            "version_group": {
                "name": "x-y",
                "url": "/api/v2/version-group/15/"
            }
        },
        {
            "language": {
                "name": "ja-Hrkt",
                "url": "/api/v2/language/1/"
            },
            "text": "\u30dd\u30b1\u30e2\u30f3\u306b\u3000\u3082\u305f\u305b\u308b\u3068\n\u306d\u3080\u308a\u3092\u3000\u304b\u3044\u3075\u304f\u3059\u308b\u3002\n",
            "version_group": {
                "name": "sun-moon",
                "url": "/api/v2/version-group/17/"
            }
        },
        {
            "language": {
                "name": "ko",
                "url": "/api/v2/language/3/"
            },
            "text": "\ud3ec\ucf13\ubaac\uc5d0\uac8c \uc9c0\ub2c8\uac8c \ud558\uba74\n\uc7a0\ub4e6\uc744 \ud68c\ubcf5\ud55c\ub2e4.",
            "version_group": {
                "name": "sun-moon",
                "url": "/api/v2/version-group/17/"
            }
        },
        {
            "language": {
                "name": "zh-Hant",
                "url": "/api/v2/language/4/"
            },
            "text": "\u8b93\u5bf6\u53ef\u5922\u651c\u5e36\u5f8c\uff0c\n\u53ef\u4ee5\u6cbb\u7652\u7761\u7720\u3002",
            "version_group": {
                "name": "sun-moon",
                "url": "/api/v2/version-group/17/"
            }
        },
        {
            "language": {
                "name": "fr",
                "url": "/api/v2/language/5/"
            },
            "text": "Une Baie qui soigne le sommeil lorsqu\u2019elle est\ntenue par un Pok\u00e9mon.",
            "version_group": {
                "name": "sun-moon",
                "url": "/api/v2/version-group/17/"
            }
        },
        {
            "language": {
                "name": "de",
                "url": "/api/v2/language/6/"
            },
            "text": "Gibst du die Beere einem Pok\u00e9mon zum Tragen,\nerwacht es dadurch aus dem Schlaf.",
            "version_group": {
                "name": "sun-moon",
                "url": "/api/v2/version-group/17/"
            }
        },
        {
            "language": {
                "name": "es",
                "url": "/api/v2/language/7/"
            },
            "text": "Los Pok\u00e9mon pueden llevarla o usarla para\ndespertar del sue\u00f1o.",
            "version_group": {
                "name": "sun-moon",
                "url": "/api/v2/version-group/17/"
            }
        },
        {
            "language": {
                "name": "it",
                "url": "/api/v2/language/8/"
            },
            "text": "Se un Pok\u00e9mon ha questa bacca, si risveglia\ndal sonno.",
            "version_group": {
                "name": "sun-moon",
                "url": "/api/v2/version-group/17/"
            }
        },
        {
            "language": {
                "name": "en",
                "url": "/api/v2/language/9/"
            },
            "text": "A Berry to be consumed by Pok\u00e9mon. If a Pok\u00e9mon\nholds one, it can recover from sleep on its own\nin battle.",
            "version_group": {
                "name": "sun-moon",
                "url": "/api/v2/version-group/17/"
            }
        },
        {
            "language": {
                "name": "ja",
                "url": "/api/v2/language/11/"
            },
            "text": "\u30dd\u30b1\u30e2\u30f3\u306b\u3000\u6301\u305f\u305b\u308b\u3068\n\u7720\u308a\u3092\u3000\u56de\u5fa9\u3059\u308b\u3002\n",
            "version_group": {
                "name": "sun-moon",
                "url": "/api/v2/version-group/17/"
            }
        },
        {
            "language": {
                "name": "zh-Hans",
                "url": "/api/v2/language/12/"
            },
            "text": "\u8ba9\u5b9d\u53ef\u68a6\u643a\u5e26\u540e\uff0c\n\u53ef\u4ee5\u6cbb\u6108\u7761\u7720\u3002",
            "version_group": {
                "name": "sun-moon",
                "url": "/api/v2/version-group/17/"
            }
        },
        {
            "language": {
                "name": "ja-Hrkt",
                "url": "/api/v2/language/1/"
            },
            "text": "\u30dd\u30b1\u30e2\u30f3\u306b\u3000\u3082\u305f\u305b\u308b\u3068\n\u306d\u3080\u308a\u3092\u3000\u304b\u3044\u3075\u304f\u3059\u308b\u3002\n",
            "version_group": {
                "name": "ultra-sun-ultra-moon",
                "url": "/api/v2/version-group/18/"
            }
        },
        {
            "language": {
                "name": "ko",
                "url": "/api/v2/language/3/"
            },
            "text": "\ud3ec\ucf13\ubaac\uc5d0\uac8c \uc9c0\ub2c8\uac8c \ud558\uba74\n\uc7a0\ub4e6\uc744 \ud68c\ubcf5\ud55c\ub2e4.",
            "version_group": {
                "name": "ultra-sun-ultra-moon",
                "url": "/api/v2/version-group/18/"
            }
        },
        {
            "language": {
                "name": "zh-Hant",
                "url": "/api/v2/language/4/"
            },
            "text": "\u8b93\u5bf6\u53ef\u5922\u651c\u5e36\u5f8c\uff0c\n\u53ef\u4ee5\u6cbb\u7652\u7761\u7720\u3002",
            "version_group": {
                "name": "ultra-sun-ultra-moon",
                "url": "/api/v2/version-group/18/"
            }
        },
        {
            "language": {
                "name": "fr",
                "url": "/api/v2/language/5/"
            },
            "text": "Une Baie qui soigne le sommeil lorsqu\u2019elle est\ntenue par un Pok\u00e9mon.",
            "version_group": {
                "name": "ultra-sun-ultra-moon",
                "url": "/api/v2/version-group/18/"
            }
        },
        {
            "language": {
                "name": "de",
                "url": "/api/v2/language/6/"
            },
            "text": "Gibst du die Beere einem Pok\u00e9mon zum Tragen,\nerwacht es dadurch aus dem Schlaf.",
            "version_group": {
                "name": "ultra-sun-ultra-moon",
                "url": "/api/v2/version-group/18/"
            }
        },
        {
            "language": {
                "name": "es",
                "url": "/api/v2/language/7/"
            },
            "text": "Los Pok\u00e9mon pueden llevarla o usarla para\ndespertar del sue\u00f1o.",
            "version_group": {
                "name": "ultra-sun-ultra-moon",
                "url": "/api/v2/version-group/18/"
            }
        },
        {
            "language": {
                "name": "it",
                "url": "/api/v2/language/8/"
            },
            "text": "Se un Pok\u00e9mon ha questa bacca, si risveglia\ndal sonno.",
            "version_group": {
                "name": "ultra-sun-ultra-moon",
                "url": "/api/v2/version-group/18/"
            }
        },
        {
            "language": {
                "name": "en",
                "url": "/api/v2/language/9/"
            },
            "text": "A Berry to be consumed by Pok\u00e9mon. If a Pok\u00e9mon\nholds one, it can recover from sleep on its own\nin battle.",
            "version_group": {
                "name": "ultra-sun-ultra-moon",
                "url": "/api/v2/version-group/18/"
            }
        },
        {
            "language": {
                "name": "ja",
                "url": "/api/v2/language/11/"
            },
            "text": "\u30dd\u30b1\u30e2\u30f3\u306b\u3000\u6301\u305f\u305b\u308b\u3068\n\u7720\u308a\u3092\u3000\u56de\u5fa9\u3059\u308b\u3002\n",
            "version_group": {
                "name": "ultra-sun-ultra-moon",
                "url": "/api/v2/version-group/18/"
            }
        },
        {
            "language": {
                "name": "zh-Hans",
                "url": "/api/v2/language/12/"
            },
            "text": "\u8ba9\u5b9d\u53ef\u68a6\u643a\u5e26\u540e\uff0c\n\u53ef\u4ee5\u6cbb\u6108\u7761\u7720\u3002",
            "version_group": {
                "name": "ultra-sun-ultra-moon",
                "url": "/api/v2/version-group/18/"
            }
        },
        {
            "language": {
                "name": "ja-Hrkt",
                "url": "/api/v2/language/1/"
            },
            "text": "\u30dd\u30b1\u30e2\u30f3\u306b\u3000\u3082\u305f\u305b\u308b\u3068\n\u306d\u3080\u308a\u3092\u3000\u304b\u3044\u3075\u304f\u3059\u308b\u3002\n",
            "version_group": {
                "name": "lets-go-pikachu-lets-go-eevee",
                "url": "/api/v2/version-group/19/"
            }
        },
        {
            "language": {
                "name": "ko",
                "url": "/api/v2/language/3/"
            },
            "text": "\ud3ec\ucf13\ubaac\uc5d0\uac8c \uc9c0\ub2c8\uac8c \ud558\uba74\n\uc7a0\ub4e6\uc744 \ud68c\ubcf5\ud55c\ub2e4.",
            "version_group": {
                "name": "lets-go-pikachu-lets-go-eevee",
                "url": "/api/v2/version-group/19/"
            }
        },
        {
            "language": {
                "name": "zh-Hant",
                "url": "/api/v2/language/4/"
            },
            "text": "\u8b93\u5bf6\u53ef\u5922\u651c\u5e36\u5f8c\uff0c\n\u53ef\u4ee5\u6cbb\u7652\u7761\u7720\u3002",
            "version_group": {
                "name": "lets-go-pikachu-lets-go-eevee",
                "url": "/api/v2/version-group/19/"
            }
        },
        {
            "language": {
                "name": "fr",
                "url": "/api/v2/language/5/"
            },
            "text": "Une Baie qui soigne le sommeil lorsqu\u2019elle est tenue\npar un Pok\u00e9mon.",
            "version_group": {
                "name": "lets-go-pikachu-lets-go-eevee",
                "url": "/api/v2/version-group/19/"
            }
        },
        {
            "language": {
                "name": "de",
                "url": "/api/v2/language/6/"
            },
            "text": "Gibst du die Beere einem Pok\u00e9mon zum Tragen,\nerwacht es dadurch aus dem Schlaf.",
            "version_group": {
                "name": "lets-go-pikachu-lets-go-eevee",
                "url": "/api/v2/version-group/19/"
            }
        },
        {
            "language": {
                "name": "es",
                "url": "/api/v2/language/7/"
            },
            "text": "Los Pok\u00e9mon pueden llevarla o usarla para despertar\ndel sue\u00f1o.",
            "version_group": {
                "name": "lets-go-pikachu-lets-go-eevee",
                "url": "/api/v2/version-group/19/"
            }
        },
        {
            "language": {
                "name": "it",
                "url": "/api/v2/language/8/"
            },
            "text": "Se un Pok\u00e9mon ha questa bacca, si risveglia\ndal sonno.",
            "version_group": {
                "name": "lets-go-pikachu-lets-go-eevee",
                "url": "/api/v2/version-group/19/"
            }
        },
        {
            "language": {
                "name": "en",
                "url": "/api/v2/language/9/"
            },
            "text": "A Berry to be consumed by Pok\u00e9mon. If a Pok\u00e9mon\nholds one, it can recover from sleep on its own\nin battle.",
            "version_group": {
                "name": "lets-go-pikachu-lets-go-eevee",
                "url": "/api/v2/version-group/19/"
            }
        },
        {
            "language": {
                "name": "ja",
                "url": "/api/v2/language/11/"
            },
            "text": "\u30dd\u30b1\u30e2\u30f3\u306b\u3000\u6301\u305f\u305b\u308b\u3068\n\u7720\u308a\u3092\u3000\u56de\u5fa9\u3059\u308b\u3002\n",
            "version_group": {
                "name": "lets-go-pikachu-lets-go-eevee",
                "url": "/api/v2/version-group/19/"
            }
        },
        {
            "language": {
                "name": "zh-Hans",
                "url": "/api/v2/language/12/"
            },
            "text": "\u8ba9\u5b9d\u53ef\u68a6\u643a\u5e26\u540e\uff0c\n\u53ef\u4ee5\u6cbb\u6108\u7761\u7720\u3002",
            "version_group": {
                "name": "lets-go-pikachu-lets-go-eevee",
                "url": "/api/v2/version-group/19/"
            }
        },
        {
            "language": {
                "name": "ja-Hrkt",
                "url": "/api/v2/language/1/"
            },
            "text": "\u30dd\u30b1\u30e2\u30f3\u306b\u3000\u3082\u305f\u305b\u308b\u3068\n\u306d\u3080\u308a\u3092\u3000\u304b\u3044\u3075\u304f\u3059\u308b\u3002\n",
            "version_group": {
                "name": "sword-shield",
                "url": "/api/v2/version-group/20/"
            }
        },
        {
            "language": {
                "name": "ko",
                "url": "/api/v2/language/3/"
            },
            "text": "\ud3ec\ucf13\ubaac\uc5d0\uac8c \uc9c0\ub2c8\uac8c \ud558\uba74\n\uc7a0\ub4e6\uc744 \ud68c\ubcf5\ud55c\ub2e4.",
            "version_group": {
                "name": "sword-shield",
                "url": "/api/v2/version-group/20/"
            }
        },
        {
            "language": {
                "name": "zh-Hant",
                "url": "/api/v2/language/4/"
            },
            "text": "\u8b93\u5bf6\u53ef\u5922\u651c\u5e36\u5f8c\uff0c\n\u53ef\u4ee5\u6cbb\u7652\u7761\u7720\u3002",
            "version_group": {
                "name": "sword-shield",
                "url": "/api/v2/version-group/20/"
            }
        },
        {
            "language": {
                "name": "fr",
                "url": "/api/v2/language/5/"
            },
            "text": "Une Baie qui soigne le sommeil lorsqu\u2019elle est tenue\npar un Pok\u00e9mon.",
            "version_group": {
                "name": "sword-shield",
                "url": "/api/v2/version-group/20/"
            }
        },
        {
            "language": {
                "name": "de",
                "url": "/api/v2/language/6/"
            },
            "text": "Gibst du die Beere einem Pok\u00e9mon zum Tragen,\nerwacht es dadurch aus dem Schlaf.",
            "version_group": {
                "name": "sword-shield",
                "url": "/api/v2/version-group/20/"
            }
        },
        {
            "language": {
                "name": "es",
                "url": "/api/v2/language/7/"
            },
            "text": "Los Pok\u00e9mon pueden llevarla o usarla para despertar\ndel sue\u00f1o.",
            "version_group": {
                "name": "sword-shield",
                "url": "/api/v2/version-group/20/"
            }
        },
        {
            "language": {
                "name": "it",
                "url": "/api/v2/language/8/"
            },
            "text": "Se un Pok\u00e9mon ha questa bacca, si risveglia\ndal sonno.",
            "version_group": {
                "name": "sword-shield",
                "url": "/api/v2/version-group/20/"
            }
        },
        {
            "language": {
                "name": "en",
                "url": "/api/v2/language/9/"
            },
            "text": "A Berry to be consumed by Pok\u00e9mon. If a Pok\u00e9mon\nholds one, it can recover from sleep on its own\nin battle.",
            "version_group": {
                "name": "sword-shield",
                "url": "/api/v2/version-group/20/"
            }
        },
        {
            "language": {
                "name": "ja",
                "url": "/api/v2/language/11/"
            },
            "text": "\u30dd\u30b1\u30e2\u30f3\u306b\u3000\u6301\u305f\u305b\u308b\u3068\n\u7720\u308a\u3092\u3000\u56de\u5fa9\u3059\u308b\u3002\n",
            "version_group": {
                "name": "sword-shield",
                "url": "/api/v2/version-group/20/"
            }
        },
        {
            "language": {
                "name": "zh-Hans",
                "url": "/api/v2/language/12/"
            },
            "text": "\u8ba9\u5b9d\u53ef\u68a6\u643a\u5e26\u540e\uff0c\n\u53ef\u4ee5\u6cbb\u6108\u7761\u7720\u3002",
            "version_group": {
                "name": "sword-shield",
                "url": "/api/v2/version-group/20/"
            }
        }
    ],
    "fling_effect": {
        "name": "berry-effect",
        "url": "/api/v2/item-fling-effect/3/"
    },
    "fling_power": 10,
    "game_indices": [
        {
            "game_index": 134,
            "generation": {
                "name": "generation-iii",
                "url": "/api/v2/generation/3/"
            }
        },
        {
            "game_index": 150,
            "generation": {
                "name": "generation-iv",
                "url": "/api/v2/generation/4/"
            }
        },
        {
            "game_index": 150,
            "generation": {
                "name": "generation-v",
                "url": "/api/v2/generation/5/"
            }
        },
        {
            "game_index": 150,
            "generation": {
                "name": "generation-vi",
                "url": "/api/v2/generation/6/"
            }
        },
        {
            "game_index": 150,
            "generation": {
                "name": "generation-vii",
                "url": "/api/v2/generation/7/"
            }
        },
        {
            "game_index": 150,
            "generation": {
                "name": "generation-viii",
                "url": "/api/v2/generation/8/"
            }
        }
    ],
    "held_by_pokemon": [
        {
            "pokemon": {
                "name": "snorlax",
                "url": "/api/v2/pokemon/143/"
            },
            "version_details": [
                {
                    "rarity": 100,
                    "version": {
                        "name": "firered",
                        "url": "/api/v2/version/10/"
                    }
                },
                {
                    "rarity": 100,
                    "version": {
                        "name": "leafgreen",
                        "url": "/api/v2/version/11/"
                    }
                }
            ]
        },
        {
            "pokemon": {
                "name": "whismur",
                "url": "/api/v2/pokemon/293/"
            },
            "version_details": [
                {
                    "rarity": 5,
                    "version": {
                        "name": "ruby",
                        "url": "/api/v2/version/7/"
                    }
                },
                {
                    "rarity": 5,
                    "version": {
                        "name": "sapphire",
                        "url": "/api/v2/version/8/"
                    }
                },
                {
                    "rarity": 5,
                    "version": {
                        "name": "emerald",
                        "url": "/api/v2/version/9/"
                    }
                },
                {
                    "rarity": 5,
                    "version": {
                        "name": "firered",
                        "url": "/api/v2/version/10/"
                    }
                },
                {
                    "rarity": 5,
                    "version": {
                        "name": "leafgreen",
                        "url": "/api/v2/version/11/"
                    }
                },
                {
                    "rarity": 5,
                    "version": {
                        "name": "diamond",
                        "url": "/api/v2/version/12/"
                    }
                },
                {
                    "rarity": 5,
                    "version": {
                        "name": "pearl",
                        "url": "/api/v2/version/13/"
                    }
                },
                {
                    "rarity": 5,
                    "version": {
                        "name": "platinum",
                        "url": "/api/v2/version/14/"
                    }
                },
                {
                    "rarity": 5,
                    "version": {
                        "name": "heartgold",
                        "url": "/api/v2/version/15/"
                    }
                },
                {
                    "rarity": 5,
                    "version": {
                        "name": "soulsilver",
                        "url": "/api/v2/version/16/"
                    }
                },
                {
                    "rarity": 5,
                    "version": {
                        "name": "black",
                        "url": "/api/v2/version/17/"
                    }
                },
                {
                    "rarity": 5,
                    "version": {
                        "name": "white",
                        "url": "/api/v2/version/18/"
                    }
                },
                {
                    "rarity": 5,
                    "version": {
                        "name": "black-2",
                        "url": "/api/v2/version/21/"
                    }
                },
                {
                    "rarity": 5,
                    "version": {
                        "name": "white-2",
                        "url": "/api/v2/version/22/"
                    }
                }
            ]
        },
        {
            "pokemon": {
                "name": "loudred",
                "url": "/api/v2/pokemon/294/"
            },
            "version_details": [
                {
                    "rarity": 5,
                    "version": {
                        "name": "ruby",
                        "url": "/api/v2/version/7/"
                    }
                },
                {
                    "rarity": 5,
                    "version": {
                        "name": "sapphire",
                        "url": "/api/v2/version/8/"
                    }
                },
                {
                    "rarity": 5,
                    "version": {
                        "name": "emerald",
                        "url": "/api/v2/version/9/"
                    }
                },
                {
                    "rarity": 5,
                    "version": {
                        "name": "firered",
                        "url": "/api/v2/version/10/"
                    }
                },
                {
                    "rarity": 5,
                    "version": {
                        "name": "leafgreen",
                        "url": "/api/v2/version/11/"
                    }
                },
                {
                    "rarity": 5,
                    "version": {
                        "name": "diamond",
                        "url": "/api/v2/version/12/"
                    }
                },
                {
                    "rarity": 5,
                    "version": {
                        "name": "pearl",
                        "url": "/api/v2/version/13/"
                    }
                },
                {
                    "rarity": 5,
                    "version": {
                        "name": "platinum",
                        "url": "/api/v2/version/14/"
                    }
                },
                {
                    "rarity": 5,
                    "version": {
                        "name": "heartgold",
                        "url": "/api/v2/version/15/"
                    }
                },
                {
                    "rarity": 5,
                    "version": {
                        "name": "soulsilver",
                        "url": "/api/v2/version/16/"
                    }
                },
                {
                    "rarity": 5,
                    "version": {
                        "name": "black",
                        "url": "/api/v2/version/17/"
                    }
                },
                {
                    "rarity": 5,
                    "version": {
                        "name": "white",
                        "url": "/api/v2/version/18/"
                    }
                },
                {
                    "rarity": 5,
                    "version": {
                        "name": "black-2",
                        "url": "/api/v2/version/21/"
                    }
                },
                {
                    "rarity": 5,
                    "version": {
                        "name": "white-2",
                        "url": "/api/v2/version/22/"
                    }
                }
            ]
        },
        {
            "pokemon": {
                "name": "exploud",
                "url": "/api/v2/pokemon/295/"
            },
            "version_details": [
                {
                    "rarity": 5,
                    "version": {
                        "name": "ruby",
                        "url": "/api/v2/version/7/"
                    }
                },
                {
                    "rarity": 5,
                    "version": {
                        "name": "sapphire",
                        "url": "/api/v2/version/8/"
                    }
                },
                {
                    "rarity": 5,
                    "version": {
                        "name": "emerald",
                        "url": "/api/v2/version/9/"
                    }
                },
                {
                    "rarity": 5,
                    "version": {
                        "name": "firered",
                        "url": "/api/v2/version/10/"
                    }
                },
                {
                    "rarity": 5,
                    "version": {
                        "name": "leafgreen",
                        "url": "/api/v2/version/11/"
                    }
                },
                {
                    "rarity": 5,
                    "version": {
                        "name": "diamond",
                        "url": "/api/v2/version/12/"
                    }
                },
                {
                    "rarity": 5,
                    "version": {
                        "name": "pearl",
                        "url": "/api/v2/version/13/"
                    }
                },
                {
                    "rarity": 5,
                    "version": {
                        "name": "platinum",
                        "url": "/api/v2/version/14/"
                    }
                },
                {
                    "rarity": 5,
                    "version": {
                        "name": "heartgold",
                        "url": "/api/v2/version/15/"
                    }
                },
                {
                    "rarity": 5,
                    "version": {
                        "name": "soulsilver",
                        "url": "/api/v2/version/16/"
                    }
                },
                {
                    "rarity": 5,
                    "version": {
                        "name": "black",
                        "url": "/api/v2/version/17/"
                    }
                },
                {
                    "rarity": 5,
                    "version": {
                        "name": "white",
                        "url": "/api/v2/version/18/"
                    }
                },
                {
                    "rarity": 5,
                    "version": {
                        "name": "black-2",
                        "url": "/api/v2/version/21/"
                    }
                },
                {
                    "rarity": 5,
                    "version": {
                        "name": "white-2",
                        "url": "/api/v2/version/22/"
                    }
                }
            ]
        },
        {
            "pokemon": {
                "name": "spinda",
                "url": "/api/v2/pokemon/327/"
            },
            "version_details": [
                {
                    "rarity": 5,
                    "version": {
                        "name": "ruby",
                        "url": "/api/v2/version/7/"
                    }
                },
                {
                    "rarity": 5,
                    "version": {
                        "name": "sapphire",
                        "url": "/api/v2/version/8/"
                    }
                },
                {
                    "rarity": 5,
                    "version": {
                        "name": "emerald",
                        "url": "/api/v2/version/9/"
                    }
                },
                {
                    "rarity": 5,
                    "version": {
                        "name": "firered",
                        "url": "/api/v2/version/10/"
                    }
                },
                {
                    "rarity": 5,
                    "version": {
                        "name": "leafgreen",
                        "url": "/api/v2/version/11/"
                    }
                },
                {
                    "rarity": 5,
                    "version": {
                        "name": "diamond",
                        "url": "/api/v2/version/12/"
                    }
                },
                {
                    "rarity": 5,
                    "version": {
                        "name": "pearl",
                        "url": "/api/v2/version/13/"
                    }
                },
                {
                    "rarity": 5,
                    "version": {
                        "name": "platinum",
                        "url": "/api/v2/version/14/"
                    }
                },
                {
                    "rarity": 5,
                    "version": {
                        "name": "heartgold",
                        "url": "/api/v2/version/15/"
                    }
                },
                {
                    "rarity": 5,
                    "version": {
                        "name": "soulsilver",
                        "url": "/api/v2/version/16/"
                    }
                },
                {
                    "rarity": 5,
                    "version": {
                        "name": "black",
                        "url": "/api/v2/version/17/"
                    }
                },
                {
                    "rarity": 5,
                    "version": {
                        "name": "white",
                        "url": "/api/v2/version/18/"
                    }
                },
                {
                    "rarity": 5,
                    "version": {
                        "name": "black-2",
                        "url": "/api/v2/version/21/"
                    }
                },
                {
                    "rarity": 5,
                    "version": {
                        "name": "white-2",
                        "url": "/api/v2/version/22/"
                    }
                }
            ]
        },
        {
            "pokemon": {
                "name": "minccino",
                "url": "/api/v2/pokemon/572/"
            },
            "version_details": [
                {
                    "rarity": 50,
                    "version": {
                        "name": "black",
                        "url": "/api/v2/version/17/"
                    }
                },
                {
                    "rarity": 50,
                    "version": {
                        "name": "white",
                        "url": "/api/v2/version/18/"
                    }
                },
                {
                    "rarity": 50,
                    "version": {
                        "name": "black-2",
                        "url": "/api/v2/version/21/"
                    }
                },
                {
                    "rarity": 50,
                    "version": {
                        "name": "white-2",
                        "url": "/api/v2/version/22/"
                    }
                }
            ]
        },
        {
            "pokemon": {
                "name": "cinccino",
                "url": "/api/v2/pokemon/573/"
            },
            "version_details": [
                {
                    "rarity": 50,
                    "version": {
                        "name": "black",
                        "url": "/api/v2/version/17/"
                    }
                },
                {
                    "rarity": 50,
                    "version": {
                        "name": "white",
                        "url": "/api/v2/version/18/"
                    }
                },
                {
                    "rarity": 50,
                    "version": {
                        "name": "black-2",
                        "url": "/api/v2/version/21/"
                    }
                },
                {
                    "rarity": 50,
                    "version": {
                        "name": "white-2",
                        "url": "/api/v2/version/22/"
                    }
                }
            ]
        },
        {
            "pokemon": {
                "name": "mimikyu-disguised",
                "url": "/api/v2/pokemon/778/"
            },
            "version_details": [
                {
                    "rarity": 5,
                    "version": {
                        "name": "sun",
                        "url": "/api/v2/version/27/"
                    }
                },
                {
                    "rarity": 5,
                    "version": {
                        "name": "moon",
                        "url": "/api/v2/version/28/"
                    }
                },
                {
                    "rarity": 5,
                    "version": {
                        "name": "ultra-sun",
                        "url": "/api/v2/version/29/"
                    }
                },
                {
                    "rarity": 5,
                    "version": {
                        "name": "ultra-moon",
                        "url": "/api/v2/version/30/"
                    }
                }
            ]
        },
        {
            "pokemon": {
                "name": "mimikyu-totem-disguised",
                "url": "/api/v2/pokemon/10144/"
            },
            "version_details": [
                {
                    "rarity": 5,
                    "version": {
                        "name": "sun",
                        "url": "/api/v2/version/27/"
                    }
                },
                {
                    "rarity": 5,
                    "version": {
                        "name": "moon",
                        "url": "/api/v2/version/28/"
                    }
                },
                {
                    "rarity": 5,
                    "version": {
                        "name": "ultra-sun",
                        "url": "/api/v2/version/29/"
                    }
                },
                {
                    "rarity": 5,
                    "version": {
                        "name": "ultra-moon",
                        "url": "/api/v2/version/30/"
                    }
                }
            ]
        }
    ],
    "id": 127,
    "machines": [],
    "name": "chesto-berry",
    "names": [
        {
            "language": {
                "name": "ja-Hrkt",
                "url": "/api/v2/language/1/"
            },
            "name": "\u30ab\u30b4\u306e\u307f"
        },
        {
            "language": {
                "name": "ko",
                "url": "/api/v2/language/3/"
            },
            "name": "\uc720\ub8e8\uc5f4\ub9e4"
        },
        {
            "language": {
                "name": "zh-Hant",
                "url": "/api/v2/language/4/"
            },
            "name": "\u96f6\u9918\u679c"
        },
        {
            "language": {
                "name": "fr",
                "url": "/api/v2/language/5/"
            },
            "name": "Baie Maron"
        },
        {
            "language": {
                "name": "de",
                "url": "/api/v2/language/6/"
            },
            "name": "Maronbeere"
        },
        {
            "language": {
                "name": "es",
                "url": "/api/v2/language/7/"
            },
            "name": "Baya Atania"
        },
        {
            "language": {
                "name": "it",
                "url": "/api/v2/language/8/"
            },
            "name": "Baccastagna"
        },
        {
            "language": {
                "name": "en",
                "url": "/api/v2/language/9/"
            },
            "name": "Chesto Berry"
        },
        {
            "language": {
                "name": "ja",
                "url": "/api/v2/language/11/"
            },
            "name": "\u30ab\u30b4\u306e\u307f"
        },
        {
            "language": {
                "name": "zh-Hans",
                "url": "/api/v2/language/12/"
            },
            "name": "\u96f6\u4f59\u679c"
        }
    ],
    "sprites": {
        "default": "https://raw.githubusercontent.com/PokeAPI/sprites/master/sprites/items/chesto-berry.png"
    }
}