{
    "attributes": [
        {
            "name": "countable",
            "url": "/api/v2/item-attribute/1/"
        },
        {
            "name": "consumable",
            "url": "/api/v2/item-attribute/2/"
        },
        {
            "name": "usable-in-battle",
            "url": "/api/v2/item-attribute/4/"
        },
        {
            "name": "holdable",
            "url": "/api/v2/item-attribute/5/"
        }
    ],
    "baby_trigger_for": null,
    "category": {
        "name": "special-balls",
        "url": "/api/v2/item-category/33/"
    },
    "cost": 3000,
    "effect_entries": [
        {
            "effect": "Used in battle\n:   Attempts to catch a wild Pok\u00e9mon, using a catch rate of 1\u00d7.  Whenever the caught Pok\u00e9mon's happiness increases, it increases by one extra point.\n\n    If used in a trainer battle, nothing happens and the ball is lost.",
            "language": {
                "name": "en",
                "url": "/api/v2/language/9/"
            },
            "short_effect": "Tries to catch a wild Pok\u00e9mon.  Caught Pok\u00e9mon start with 200 happiness."
        }
    ],
    "flavor_text_entries": [
        {
            "language": {
                "name": "en",
                "url": "/api/v2/language/9/"
            },
            "text": "A cozy BALL that\nmakes POK\u00e9MON\nmore friendly.",
            "version_group": {
                "name": "ruby-sapphire",
                "url": "/api/v2/version-group/5/"
            }
        },
        {
            "language": {
                "name": "en",
                "url": "/api/v2/language/9/"
            },
            "text": "A cozy BALL that\nmakes POK\u00e9MON\nmore friendly.",
            "version_group": {
                "name": "emerald",
                "url": "/api/v2/version-group/6/"
            }
        },
        {
            "language": {
                "name": "en",
                "url": "/api/v2/language/9/"
            },
            "text": "A comfortable BALL that makes a\ncaptured wild POK\u00e9MON quickly grow\nfriendly.",
            "version_group": {
                "name": "firered-leafgreen",
                "url": "/api/v2/version-group/7/"
            }
        },
        {
            "language": {
                "name": "en",
                "url": "/api/v2/language/9/"
            },
            "text": "A comfortable Pok\u00e9 Ball that makes a\ncaught wild Pok\u00e9mon quickly grow\nfriendly.",
            "version_group": {
                "name": "diamond-pearl",
                "url": "/api/v2/version-group/8/"
            }
        },
        {
            "language": {
                "name": "en",
                "url": "/api/v2/language/9/"
            },
            "text": "A comfortable Pok\u00e9 Ball that makes a\ncaught wild Pok\u00e9mon quickly grow\nfriendly.",
            "version_group": {
                "name": "platinum",
                "url": "/api/v2/version-group/9/"
            }
        },
        {
            "language": {
                "name": "en",
                "url": "/api/v2/language/9/"
            },
            "text": "A comfortable Pok\u00e9 Ball that makes a\ncaught wild Pok\u00e9mon quickly grow\nfriendly.",
            "version_group": {
                "name": "heartgold-soulsilver",
                "url": "/api/v2/version-group/10/"
            }
        },
        {
            "language": {
                "name": "fr",
                "url": "/api/v2/language/5/"
            },
            "text": "Une Pok\u00e9 Ball pratique qui permet\nde gagner rapidement l\u2019amiti\u00e9 d\u2019un\nPok\u00e9mon sauvage attrap\u00e9.",
            "version_group": {
                "name": "black-white",
                "url": "/api/v2/version-group/11/"
            }
        },
        {
            "language": {
                "name": "en",
                "url": "/api/v2/language/9/"
            },
            "text": "A comfortable Pok\u00e9 Ball that makes a\ncaught wild Pok\u00e9mon quickly grow\nfriendly.",
            "version_group": {
                "name": "black-white",
                "url": "/api/v2/version-group/11/"
            }
        },
        {
            "language": {
                "name": "en",
                "url": "/api/v2/language/9/"
            },
            "text": "A comfortable Pok\u00e9 Ball that makes a\ncaught wild Pok\u00e9mon quickly grow\nfriendly.",
            "version_group": {
                "name": "black-2-white-2",
                "url": "/api/v2/version-group/14/"
            }
        },
        {
            "language": {
                "name": "ja-Hrkt",
                "url": "/api/v2/language/1/"
            },
            "text": "\u3064\u304b\u307e\u3048\u305f\u3000\u3084\u305b\u3044\u30dd\u30b1\u30e2\u30f3\u304c\n\u3068\u3066\u3082\u3000\u306a\u3064\u304d\u3084\u3059\u304f\u306a\u308b\n\u3044\u3054\u3053\u3061\u306e\u3000\u3044\u3044\u3000\u30dc\u30fc\u30eb\u3002",
            "version_group": {
                "name": "x-y",
                "url": "/api/v2/version-group/15/"
            }
        },
        {
            "language": {
                "name": "ko",
                "url": "/api/v2/language/3/"
            },
            "text": "\uc7a1\uc740 \uc57c\uc0dd \ud3ec\ucf13\ubaac\uc774\n\ub9e4\uc6b0 \uce5c\ubc00\ud574\uc9c0\uae30 \uc26c\uc6b4\n\ud3b8\uc548\ud55c \ubcfc.",
            "version_group": {
                "name": "x-y",
                "url": "/api/v2/version-group/15/"
            }
        },
        {
            "language": {
                "name": "fr",
                "url": "/api/v2/language/5/"
            },
            "text": "Une Pok\u00e9 Ball pratique qui permet de gagner\nrapidement l\u2019amiti\u00e9 d\u2019un Pok\u00e9mon sauvage\nattrap\u00e9.",
            "version_group": {
                "name": "x-y",
                "url": "/api/v2/version-group/15/"
            }
        },
        {
            "language": {
                "name": "de",
                "url": "/api/v2/language/6/"
            },
            "text": "Ein behaglicher Ball, der Pok\u00e9mon veranlasst,\nnach dem Fang schneller freundlicher zu werden.",
            "version_group": {
                "name": "x-y",
                "url": "/api/v2/version-group/15/"
            }
        },
        {
            "language": {
                "name": "es",
                "url": "/api/v2/language/7/"
            },
            "text": "Acogedora Pok\u00e9 Ball que hace m\u00e1s amistosos a\nlos Pok\u00e9mon salvajes capturados.",
            "version_group": {
                "name": "x-y",
                "url": "/api/v2/version-group/15/"
            }
        },
        {
            "language": {
                "name": "it",
                "url": "/api/v2/language/8/"
            },
            "text": "Pok\u00e9 Ball graziosa che rende pi\u00f9 amichevoli\ni Pok\u00e9mon selvatici catturati.",
            "version_group": {
                "name": "x-y",
                "url": "/api/v2/version-group/15/"
            }
        },
        {
            "language": {
                "name": "en",
                "url": "/api/v2/language/9/"
            },
            "text": "A particularly comfortable Pok\u00e9 Ball\nthat makes a wild Pok\u00e9mon quickly\ngrow friendlier after being caught.",
            "version_group": {
                "name": "x-y",
                "url": "/api/v2/version-group/15/"
            }
        },
        {
            "language": {
                "name": "ja",
                "url": "/api/v2/language/11/"
            },
            "text": "\u6355\u307e\u3048\u305f\u3000\u91ce\u751f\u30dd\u30b1\u30e2\u30f3\u304c\n\u3068\u3066\u3082\u3000\u306a\u3064\u304d\u3084\u3059\u304f\u306a\u308b\n\u3044\u3054\u3053\u3061\u306e\u3000\u3044\u3044\u3000\u30dc\u30fc\u30eb\u3002",
            "version_group": {
                "name": "x-y",
                "url": "/api/v2/version-group/15/"
            }
        },
        {
            "language": {
                "name": "ja-Hrkt",
                "url": "/api/v2/language/1/"
            },
            "text": "\u3064\u304b\u307e\u3048\u305f\u3000\u3084\u305b\u3044\u30dd\u30b1\u30e2\u30f3\u304c\n\u3068\u3066\u3082\u3000\u306a\u3064\u304d\u3084\u3059\u304f\u306a\u308b\n\u3044\u3054\u3053\u3061\u306e\u3000\u3044\u3044\u3000\u30dc\u30fc\u30eb\u3002",
            "version_group": {
                "name": "sun-moon",
                "url": "/api/v2/version-group/17/"
            }
        },
        {
            "language": {
                "name": "ko",
                "url": "/api/v2/language/3/"
            },
            "text": "\uc7a1\uc740 \uc57c\uc0dd \ud3ec\ucf13\ubaac\uc774\n\ub9e4\uc6b0 \uce5c\ubc00\ud574\uc9c0\uae30 \uc26c\uc6b4\n\ud3b8\uc548\ud55c \ubcfc.",
            "version_group": {
                "name": "sun-moon",
                "url": "/api/v2/version-group/17/"
            }
        },
        {
            "language": {
                "name": "zh-Hant",
                "url": "/api/v2/language/4/"
            },
            "text": "\u4f4f\u8d77\u4f86\u5341\u5206\u8212\u9069\u7684\u7403\u3002\n\u6349\u5230\u7684\u91ce\u751f\u5bf6\u53ef\u5922\u6703\n\u5f88\u5bb9\u6613\u548c\u8a13\u7df4\u5bb6\u8b8a\u5f97\u89aa\u5bc6\u3002",
            "version_group": {
                "name": "sun-moon",
                "url": "/api/v2/version-group/17/"
            }
        },
        {
            "language": {
                "name": "fr",
                "url": "/api/v2/language/5/"
            },
            "text": "Une Pok\u00e9 Ball pratique qui permet de gagner\nrapidement l\u2019amiti\u00e9 d\u2019un Pok\u00e9mon sauvage\nattrap\u00e9.",
            "version_group": {
                "name": "sun-moon",
                "url": "/api/v2/version-group/17/"
            }
        },
        {
            "language": {
                "name": "de",
                "url": "/api/v2/language/6/"
            },
            "text": "Ein behaglicher Ball, der Pok\u00e9mon veranlasst,\nsich nach dem Fang schneller mit dem Trainer\nanzufreunden.",
            "version_group": {
                "name": "sun-moon",
                "url": "/api/v2/version-group/17/"
            }
        },
        {
            "language": {
                "name": "es",
                "url": "/api/v2/language/7/"
            },
            "text": "Acogedora Pok\u00e9 Ball que hace m\u00e1s amistosos a los\nPok\u00e9mon salvajes capturados.",
            "version_group": {
                "name": "sun-moon",
                "url": "/api/v2/version-group/17/"
            }
        },
        {
            "language": {
                "name": "it",
                "url": "/api/v2/language/8/"
            },
            "text": "Pok\u00e9 Ball graziosa che rende pi\u00f9 affezionati\ni Pok\u00e9mon selvatici catturati.",
            "version_group": {
                "name": "sun-moon",
                "url": "/api/v2/version-group/17/"
            }
        },
        {
            "language": {
                "name": "en",
                "url": "/api/v2/language/9/"
            },
            "text": "A particularly comfortable Pok\u00e9 Ball that makes a\nwild Pok\u00e9mon quickly grow friendlier after\nbeing caught.",
            "version_group": {
                "name": "sun-moon",
                "url": "/api/v2/version-group/17/"
            }
        },
        {
            "language": {
                "name": "ja",
                "url": "/api/v2/language/11/"
            },
            "text": "\u6355\u307e\u3048\u305f\u3000\u91ce\u751f\u30dd\u30b1\u30e2\u30f3\u304c\n\u3068\u3066\u3082\u3000\u306a\u3064\u304d\u3084\u3059\u304f\u306a\u308b\n\u3044\u3054\u3053\u3061\u306e\u3000\u3044\u3044\u3000\u30dc\u30fc\u30eb\u3002",
            "version_group": {
                "name": "sun-moon",
                "url": "/api/v2/version-group/17/"
            }
        },
        {
            "language": {
                "name": "zh-Hans",
                "url": "/api/v2/language/12/"
            },
            "text": "\u4f4f\u7740\u5341\u5206\u60ec\u610f\u7684\u7403\u3002\n\u6349\u5230\u7684\u91ce\u751f\u5b9d\u53ef\u68a6\u4f1a\n\u53d8\u5f97\u5bb9\u6613\u548c\u8bad\u7ec3\u5bb6\u4eb2\u5bc6\u3002",
            "version_group": {
                "name": "sun-moon",
                "url": "/api/v2/version-group/17/"
            }
        },
        {
            "language": {
                "name": "ja-Hrkt",
                "url": "/api/v2/language/1/"
            },
            "text": "\u3064\u304b\u307e\u3048\u305f\u3000\u3084\u305b\u3044\u30dd\u30b1\u30e2\u30f3\u304c\n\u3068\u3066\u3082\u3000\u306a\u3064\u304d\u3084\u3059\u304f\u306a\u308b\n\u3044\u3054\u3053\u3061\u306e\u3000\u3044\u3044\u3000\u30dc\u30fc\u30eb\u3002",
            "version_group": {
                "name": "ultra-sun-ultra-moon",
                "url": "/api/v2/version-group/18/"
            }
        },
        {
            "language": {
                "name": "ko",
                "url": "/api/v2/language/3/"
            },
            "text": "\uc7a1\uc740 \uc57c\uc0dd \ud3ec\ucf13\ubaac\uc774\n\ub9e4\uc6b0 \uce5c\ubc00\ud574\uc9c0\uae30 \uc26c\uc6b4\n\ud3b8\uc548\ud55c \ubcfc.",
            "version_group": {
                "name": "ultra-sun-ultra-moon",
                "url": "/api/v2/version-group/18/"
            }
        },
        {
            "language": {
                "name": "zh-Hant",
                "url": "/api/v2/language/4/"
            },
            "text": "\u4f4f\u8d77\u4f86\u5341\u5206\u8212\u9069\u7684\u7403\u3002\n\u6349\u5230\u7684\u91ce\u751f\u5bf6\u53ef\u5922\u6703\n\u5f88\u5bb9\u6613\u548c\u8a13\u7df4\u5bb6\u8b8a\u5f97\u89aa\u5bc6\u3002",
            "version_group": {
                "name": "ultra-sun-ultra-moon",
                "url": "/api/v2/version-group/18/"
            }
        },
        {
            "language": {
                "name": "fr",
                "url": "/api/v2/language/5/"
            },
            "text": "Une Pok\u00e9 Ball pratique qui permet de gagner\nrapidement l\u2019amiti\u00e9 d\u2019un Pok\u00e9mon sauvage\nattrap\u00e9.",
            "version_group": {
                "name": "ultra-sun-ultra-moon",
                "url": "/api/v2/version-group/18/"
            }
        },
        {
            "language": {
                "name": "de",
                "url": "/api/v2/language/6/"
            },
            "text": "Ein behaglicher Ball, der Pok\u00e9mon veranlasst,\nsich nach dem Fang schneller mit dem Trainer\nanzufreunden.",
            "version_group": {
                "name": "ultra-sun-ultra-moon",
                "url": "/api/v2/version-group/18/"
            }
        },
        {
            "language": {
                "name": "es",
                "url": "/api/v2/language/7/"
            },
            "text": "Acogedora Pok\u00e9 Ball que hace m\u00e1s amistosos a los\nPok\u00e9mon salvajes capturados.",
            "version_group": {
                "name": "ultra-sun-ultra-moon",
                "url": "/api/v2/version-group/18/"
            }
        },
        {
            "language": {
                "name": "it",
                "url": "/api/v2/language/8/"
            },
            "text": "Pok\u00e9 Ball graziosa che rende pi\u00f9 affezionati\ni Pok\u00e9mon selvatici catturati.",
            "version_group": {
                "name": "ultra-sun-ultra-moon",
                "url": "/api/v2/version-group/18/"
            }
        },
        {
            "language": {
                "name": "en",
                "url": "/api/v2/language/9/"
            },
            "text": "A particularly comfortable Pok\u00e9 Ball that makes a\nwild Pok\u00e9mon quickly grow friendlier after\nbeing caught.",
            "version_group": {
                "name": "ultra-sun-ultra-moon",
                "url": "/api/v2/version-group/18/"
            }
        },
        {
            "language": {
                "name": "ja",
                "url": "/api/v2/language/11/"
            },
            "text": "\u6355\u307e\u3048\u305f\u3000\u91ce\u751f\u30dd\u30b1\u30e2\u30f3\u304c\n\u3068\u3066\u3082\u3000\u306a\u3064\u304d\u3084\u3059\u304f\u306a\u308b\n\u3044\u3054\u3053\u3061\u306e\u3000\u3044\u3044\u3000\u30dc\u30fc\u30eb\u3002",
            "version_group": {
                "name": "ultra-sun-ultra-moon",
                "url": "/api/v2/version-group/18/"
            }
        },
        {
            "language": {
                "name": "zh-Hans",
                "url": "/api/v2/language/12/"
            },
            "text": "\u4f4f\u7740\u5341\u5206\u60ec\u610f\u7684\u7403\u3002\n\u6349\u5230\u7684\u91ce\u751f\u5b9d\u53ef\u68a6\u4f1a\n\u53d8\u5f97\u5bb9\u6613\u548c\u8bad\u7ec3\u5bb6\u4eb2\u5bc6\u3002",
            "version_group": {
                "name": "ultra-sun-ultra-moon",
                "url": "/api/v2/version-group/18/"
            }
        },
        {
            "language": {
                "name": "ja-Hrkt",
                "url": "/api/v2/language/1/"
            },
            "text": "\u3064\u304b\u307e\u3048\u305f\u3000\u3084\u305b\u3044\u30dd\u30b1\u30e2\u30f3\u304c\n\u3068\u3066\u3082\u3000\u306a\u3064\u304d\u3084\u3059\u304f\u306a\u308b\n\u3044\u3054\u3053\u3061\u306e\u3000\u3044\u3044\u3000\u30dc\u30fc\u30eb\u3002",
            "version_group": {
                "name": "lets-go-pikachu-lets-go-eevee",
                "url": "/api/v2/version-group/19/"
            }
        },
        {
            "language": {
                "name": "ko",
                "url": "/api/v2/language/3/"
            },
            "text": "\uc7a1\uc740 \uc57c\uc0dd \ud3ec\ucf13\ubaac\uc774\n\ub9e4\uc6b0 \uce5c\ubc00\ud574\uc9c0\uae30 \uc26c\uc6b4\n\ud3b8\uc548\ud55c \ubcfc.",
            "version_group": {
                "name": "lets-go-pikachu-lets-go-eevee",
                "url": "/api/v2/version-group/19/"
            }
        },
        {
            "language": {
                "name": "zh-Hant",
                "url": "/api/v2/language/4/"
            },
            "text": "\u4f4f\u8d77\u4f86\u5341\u5206\u8212\u9069\u7684\u7403\u3002\n\u6349\u5230\u7684\u91ce\u751f\u5bf6\u53ef\u5922\u6703\n\u5f88\u5bb9\u6613\u548c\u8a13\u7df4\u5bb6\u8b8a\u5f97\u89aa\u5bc6\u3002",
            "version_group": {
                "name": "lets-go-pikachu-lets-go-eevee",
                "url": "/api/v2/version-group/19/"
            }
        },
        {
            "language": {
                "name": "fr",
                "url": "/api/v2/language/5/"
            },
            "text": "Une Pok\u00e9 Ball pratique qui permet de gagner\nrapidement l\u2019amiti\u00e9 d\u2019un Pok\u00e9mon sauvage attrap\u00e9.",
            "version_group": {
                "name": "lets-go-pikachu-lets-go-eevee",
                "url": "/api/v2/version-group/19/"
            }
        },
        {
            "language": {
                "name": "de",
                "url": "/api/v2/language/6/"
            },
            "text": "Ein behaglicher Ball, der Pok\u00e9mon veranlasst,\nsich nach dem Fang schneller mit dem Trainer\nanzufreunden.",
            "version_group": {
                "name": "lets-go-pikachu-lets-go-eevee",
                "url": "/api/v2/version-group/19/"
            }
        },
        {
            "language": {
                "name": "es",
                "url": "/api/v2/language/7/"
            },
            "text": "Acogedora Pok\u00e9 Ball que hace m\u00e1s amistosos a los\nPok\u00e9mon salvajes capturados.",
            "version_group": {
                "name": "lets-go-pikachu-lets-go-eevee",
                "url": "/api/v2/version-group/19/"
            }
        },
        {
            "language": {
                "name": "it",
                "url": "/api/v2/language/8/"
            },
            "text": "Pok\u00e9 Ball graziosa che rende pi\u00f9 affezionati\ni Pok\u00e9mon selvatici catturati.",
            "version_group": {
                "name": "lets-go-pikachu-lets-go-eevee",
                "url": "/api/v2/version-group/19/"
            }
        },
        {
            "language": {
                "name": "en",
                "url": "/api/v2/language/9/"
            },
            "text": "A particularly comfortable Pok\u00e9 Ball that makes a\nwild Pok\u00e9mon quickly grow friendlier after\nbeing caught.",
            "version_group": {
                "name": "lets-go-pikachu-lets-go-eevee",
                "url": "/api/v2/version-group/19/"
            }
        },
        {
            "language": {
                "name": "ja",
                "url": "/api/v2/language/11/"
            },
            "text": "\u6355\u307e\u3048\u305f\u3000\u91ce\u751f\u30dd\u30b1\u30e2\u30f3\u304c\n\u3068\u3066\u3082\u3000\u306a\u3064\u304d\u3084\u3059\u304f\u306a\u308b\n\u3044\u3054\u3053\u3061\u306e\u3000\u3044\u3044\u3000\u30dc\u30fc\u30eb\u3002",
            "version_group": {
                "name": "lets-go-pikachu-lets-go-eevee",
                "url": "/api/v2/version-group/19/"
            }
        },
        {
            "language": {
                "name": "zh-Hans",
                "url": "/api/v2/language/12/"
            },
            "text": "\u4f4f\u7740\u5341\u5206\u60ec\u610f\u7684\u7403\u3002\n\u6349\u5230\u7684\u91ce\u751f\u5b9d\u53ef\u68a6\u4f1a\n\u53d8\u5f97\u5bb9\u6613\u548c\u8bad\u7ec3\u5bb6\u4eb2\u5bc6\u3002",
            "version_group": {
                "name": "lets-go-pikachu-lets-go-eevee",
                "url": "/api/v2/version-group/19/"
            }
        },
        {
            "language": {
                "name": "ja-Hrkt",
                "url": "/api/v2/language/1/"
            },
            "text": "\u3064\u304b\u307e\u3048\u305f\u3000\u3084\u305b\u3044\u30dd\u30b1\u30e2\u30f3\u304c\n\u3068\u3066\u3082\u3000\u306a\u304b\u3088\u304f\u3000\u306a\u308a\u3084\u3059\u304f\u306a\u308b\n\u3044\u3054\u3053\u3061\u306e\u3000\u3044\u3044\u3000\u30dc\u30fc\u30eb\u3002",
            "version_group": {
                "name": "sword-shield",
                "url": "/api/v2/version-group/20/"
            }
        },
        {
            "language": {
                "name": "ko",
                "url": "/api/v2/language/3/"
            },
            "text": "\uc7a1\uc740 \uc57c\uc0dd \ud3ec\ucf13\ubaac\uc774\n\ub9e4\uc6b0 \uce5c\ubc00\ud574\uc9c0\uae30 \uc26c\uc6b4\n\ud3b8\uc548\ud55c \ubcfc.",
            "version_group": {
                "name": "sword-shield",
                "url": "/api/v2/version-group/20/"
            }
        },
        {
            "language": {
                "name": "zh-Hant",
                "url": "/api/v2/language/4/"
            },
            "text": "\u4f4f\u8d77\u4f86\u5341\u5206\u8212\u9069\u7684\u7403\u3002\n\u6349\u5230\u7684\u91ce\u751f\u5bf6\u53ef\u5922\u6703\n\u975e\u5e38\u5bb9\u6613\u548c\u8a13\u7df4\u5bb6\u8b8a\u5f97\u53cb\u597d\u3002",
            "version_group": {
                "name": "sword-shield",
                "url": "/api/v2/version-group/20/"
            }
        },
        {
            "language": {
                "name": "fr",
                "url": "/api/v2/language/5/"
            },
            "text": "Une Pok\u00e9 Ball pratique qui permet de gagner\nrapidement l\u2019amiti\u00e9 d\u2019un Pok\u00e9mon sauvage attrap\u00e9.",
            "version_group": {
                "name": "sword-shield",
                "url": "/api/v2/version-group/20/"
            }
        },
        {
            "language": {
                "name": "de",
                "url": "/api/v2/language/6/"
            },
            "text": "Ein behaglicher Ball, der Pok\u00e9mon veranlasst, nach dem\nFang dem Trainer gegen\u00fcber schneller zutraulich zu\nwerden.",
            "version_group": {
                "name": "sword-shield",
                "url": "/api/v2/version-group/20/"
            }
        },
        {
            "language": {
                "name": "es",
                "url": "/api/v2/language/7/"
            },
            "text": "Acogedora Pok\u00e9 Ball que hace m\u00e1s amistosos a los\nPok\u00e9mon salvajes capturados.",
            "version_group": {
                "name": "sword-shield",
                "url": "/api/v2/version-group/20/"
            }
        },
        {
            "language": {
                "name": "it",
                "url": "/api/v2/language/8/"
            },
            "text": "Pok\u00e9 Ball graziosa che aumenta il livello di amicizia\ndei Pok\u00e9mon selvatici catturati.",
            "version_group": {
                "name": "sword-shield",
                "url": "/api/v2/version-group/20/"
            }
        },
        {
            "language": {
                "name": "en",
                "url": "/api/v2/language/9/"
            },
            "text": "A particularly comfortable Pok\u00e9 Ball that makes a\nwild Pok\u00e9mon quickly grow friendlier after\nbeing caught.",
            "version_group": {
                "name": "sword-shield",
                "url": "/api/v2/version-group/20/"
            }
        },
        {
            "language": {
                "name": "ja",
                "url": "/api/v2/language/11/"
            },
            "text": "\u6355\u307e\u3048\u305f\u3000\u91ce\u751f\u30dd\u30b1\u30e2\u30f3\u304c\n\u3068\u3066\u3082\u3000\u306a\u304b\u3088\u304f\u3000\u306a\u308a\u3084\u3059\u304f\u306a\u308b\n\u3044\u3054\u3053\u3061\u306e\u3000\u3044\u3044\u3000\u30dc\u30fc\u30eb\u3002",
            "version_group": {
                "name": "sword-shield",
                "url": "/api/v2/version-group/20/"
            }
        },
        {
            "language": {
                "name": "zh-Hans",
                "url": "/api/v2/language/12/"
            },
            "text": "\u8212\u9002\u5b9c\u5c45\u7684\u7403\u3002\n\u6349\u5230\u7684\u91ce\u751f\u5b9d\u53ef\u68a6\u4f1a\n\u53d8\u5f97\u975e\u5e38\u5bb9\u6613\u548c\u8bad\u7ec3\u5bb6\u4eb2\u5bc6\u3002",
            "version_group": {
                "name": "sword-shield",
                "url": "/api/v2/version-group/20/"
            }
        }
    ],
    "fling_effect": null,
    "fling_power": null,
    "game_indices": [
        {
            "game_index": 11,
            "generation": {
                "name": "generation-iii",
                "url": "/api/v2/generation/3/"
            }
        },
        {
            "game_index": 11,
            "generation": {
                "name": "generation-iv",
                "url": "/api/v2/generation/4/"
            }
        },
        {
            "game_index": 11,
            "generation": {
                "name": "generation-v",
                "url": "/api/v2/generation/5/"
            }
        },
        {
            "game_index": 11,
            "generation": {
                "name": "generation-vi",
                "url": "/api/v2/generation/6/"
            }
        },
        {
            "game_index": 11,
            "generation": {
                "name": "generation-vii",
                "url": "/api/v2/generation/7/"
            }
        },
        {
            "game_index": 11,
            "generation": {
                "name": "generation-viii",
                "url": "/api/v2/generation/8/"
            }
        }
    ],
    "held_by_pokemon": [],
    "id": 11,
    "machines": [],
    "name": "luxury-ball",
    "names": [
        {
            "language": {
                "name": "ja-Hrkt",
                "url": "/api/v2/language/1/"
            },
            "name": "\u30b4\u30fc\u30b8\u30e3\u30b9\u30dc\u30fc\u30eb"
        },
        {
            "language": {
                "name": "ko",
                "url": "/api/v2/language/3/"
            },
            "name": "\ub7ed\uc154\ub9ac\ubcfc"
        },
        {
            "language": {
                "name": "zh-Hant",
                "url": "/api/v2/language/4/"
            },
            "name": "\u8c6a\u83ef\u7403"
        },
        {
            "language": {
                "name": "fr",
                "url": "/api/v2/language/5/"
            },
            "name": "Luxe Ball"
        },
        {
            "language": {
                "name": "de",
                "url": "/api/v2/language/6/"
            },
            "name": "Luxusball"
        },
        {
            "language": {
                "name": "es",
                "url": "/api/v2/language/7/"
            },
            "name": "Lujo Ball"
        },
        {
            "language": {
                "name": "it",
                "url": "/api/v2/language/8/"
            },
            "name": "Chic Ball"
        },
        {
            "language": {
                "name": "en",
                "url": "/api/v2/language/9/"
            },
            "name": "Luxury Ball"
        },
        {
            "language": {
                "name": "ja",
                "url": "/api/v2/language/11/"
            },
            "name": "\u30b4\u30fc\u30b8\u30e3\u30b9\u30dc\u30fc\u30eb"
        },
        {
            "language": {
                "name": "zh-Hans",
                "url": "/api/v2/language/12/"
            },
            "name": "\u8c6a\u534e\u7403"
        }
    ],
    "sprites": {
        "default": "https://raw.githubusercontent.com/PokeAPI/sprites/master/sprites/items/luxury-ball.png"
    }
}