{
    "attributes": [],
    "baby_trigger_for": null,
    "category": {
        "name": "all-machines",
        "url": "/api/v2/item-category/37/"
    },
    "cost": 6000,
    "effect_entries": [],
    "flavor_text_entries": [
        {
            "language": {
                "name": "ja-Hrkt",
                "url": "/api/v2/language/1/"
            },
            "text": "\u3059\u308b\u3069\u3044\u3000\u306f\u3067\u3000\u3042\u3044\u3066\u3092\u3000\u304b\u307f\u304f\u3060\u3044\u3066\n\u3053\u3046\u3052\u304d\u3059\u308b\u3002\u3042\u3044\u3066\u306e\u3000\u307c\u3046\u304e\u3087\u3092\n\u3055\u3052\u308b\u3053\u3068\u304c\u3000\u3042\u308b\u3002",
            "version_group": {
                "name": "sword-shield",
                "url": "/api/v2/version-group/20/"
            }
        },
        {
            "language": {
                "name": "ko",
                "url": "/api/v2/language/3/"
            },
            "text": "\ub0a0\uce74\ub85c\uc6b4 \uc774\ube68\ub85c\n\uc0c1\ub300\ub97c \uae68\ubb3c\uc5b4 \ubd80\uc234\uc11c \uacf5\uaca9\ud55c\ub2e4.\n\uc0c1\ub300\uc758 \ubc29\uc5b4\ub97c \ub5a8\uc5b4\ub728\ub9b4 \ub54c\uac00 \uc788\ub2e4.",
            "version_group": {
                "name": "sword-shield",
                "url": "/api/v2/version-group/20/"
            }
        },
        {
            "language": {
                "name": "zh-Hant",
                "url": "/api/v2/language/4/"
            },
            "text": "\u7528\u5c16\u92b3\u7684\u7259\u9f52\u54ac\u788e\u5c0d\u624b\u9032\u884c\u653b\u64ca\u3002\n\u6709\u6642\u6703\u964d\u4f4e\u5c0d\u624b\u7684\u9632\u79a6\u3002",
            "version_group": {
                "name": "sword-shield",
                "url": "/api/v2/version-group/20/"
            }
        },
        {
            "language": {
                "name": "fr",
                "url": "/api/v2/language/5/"
            },
            "text": "Le lanceur mord l\u2019ennemi de ses crocs pointus.\nPeut aussi baisser sa D\u00e9fense.",
            "version_group": {
                "name": "sword-shield",
                "url": "/api/v2/version-group/20/"
            }
        },
        {
            "language": {
                "name": "de",
                "url": "/api/v2/language/6/"
            },
            "text": "Bei\u00dft mit scharfen Rei\u00dfz\u00e4hnen zu und senkt eventuell\ndie Verteidigung.",
            "version_group": {
                "name": "sword-shield",
                "url": "/api/v2/version-group/20/"
            }
        },
        {
            "language": {
                "name": "es",
                "url": "/api/v2/language/7/"
            },
            "text": "Tritura con afilados colmillos y puede bajar la Defensa\ndel objetivo.",
            "version_group": {
                "name": "sword-shield",
                "url": "/api/v2/version-group/20/"
            }
        },
        {
            "language": {
                "name": "it",
                "url": "/api/v2/language/8/"
            },
            "text": "Il bersaglio viene morso con denti affilati.\nPu\u00f2 anche ridurne la Difesa.",
            "version_group": {
                "name": "sword-shield",
                "url": "/api/v2/version-group/20/"
            }
        },
        {
            "language": {
                "name": "en",
                "url": "/api/v2/language/9/"
            },
            "text": "The user crunches up the target with sharp fangs.\nThis may also lower the target\u2019s Defense stat.",
            "version_group": {
                "name": "sword-shield",
                "url": "/api/v2/version-group/20/"
            }
        },
        {
            "language": {
                "name": "ja",
                "url": "/api/v2/language/11/"
            },
            "text": "\u92ed\u3044\u3000\u6b6f\u3067\n\u76f8\u624b\u3092\u3000\u304b\u307f\u304f\u3060\u3044\u3066\u3000\u653b\u6483\u3059\u308b\u3002\n\u76f8\u624b\u306e\u3000\u9632\u5fa1\u3092\u3000\u3055\u3052\u308b\u3053\u3068\u304c\u3000\u3042\u308b\u3002",
            "version_group": {
                "name": "sword-shield",
                "url": "/api/v2/version-group/20/"
            }
        },
        {
            "language": {
                "name": "zh-Hans",
                "url": "/api/v2/language/12/"
            },
            "text": "\u7528\u5229\u7259\u54ac\u788e\u5bf9\u624b\u8fdb\u884c\u653b\u51fb\u3002\n\u6709\u65f6\u4f1a\u964d\u4f4e\u5bf9\u624b\u7684\u9632\u5fa1\u3002",
            "version_group": {
                "name": "sword-shield",
                "url": "/api/v2/version-group/20/"
            }
        }
    ],
    "fling_effect": null,
    "fling_power": 80,
    "game_indices": [
        {
            "game_index": 1162,
            "generation": {
                "name": "generation-viii",
                "url": "/api/v2/generation/8/"
            }
        }
    ],
    "held_by_pokemon": [],
    "id": 1220,
    "machines": [
        {
            "machine": {
                "url": "/api/v2/machine/1621/"
            },
            "version_group": {
                "name": "sword-shield",
                "url": "/api/v2/version-group/20/"
            }
        }
    ],
    "name": "tr32",
    "names": [
        {
            "language": {
                "name": "ja-Hrkt",
                "url": "/api/v2/language/1/"
            },
            "name": "\u308f\u3056\u30ec\u30b3\u30fc\u30c9\uff13\uff12"
        },
        {
            "language": {
                "name": "ko",
                "url": "/api/v2/language/3/"
            },
            "name": "\uae30\uc220\ub808\ucf54\ub4dc32"
        },
        {
            "language": {
                "name": "zh-Hant",
                "url": "/api/v2/language/4/"
            },
            "name": "\u62db\u5f0f\u7d00\u9304\uff13\uff12"
        },
        {
            "language": {
                "name": "fr",
                "url": "/api/v2/language/5/"
            },
            "name": "DT32"
        },
        {
            "language": {
                "name": "de",
                "url": "/api/v2/language/6/"
            },
            "name": "TP32"
        },
        {
            "language": {
                "name": "es",
                "url": "/api/v2/language/7/"
            },
            "name": "DT32"
        },
        {
            "language": {
                "name": "it",
                "url": "/api/v2/language/8/"
            },
            "name": "DT32"
        },
        {
            "language": {
                "name": "en",
                "url": "/api/v2/language/9/"
            },
            "name": "TR32"
        },
        {
            "language": {
                "name": "ja",
                "url": "/api/v2/language/11/"
            },
            "name": "\u308f\u3056\u30ec\u30b3\u30fc\u30c9\uff13\uff12"
        },
        {
            "language": {
                "name": "zh-Hans",
                "url": "/api/v2/language/12/"
            },
            "name": "\u62db\u5f0f\u8bb0\u5f55\uff13\uff12"
        }
    ],
    "sprites": {
        "default": null
    }
}