{
    "attributes": [],
    "baby_trigger_for": null,
    "category": {
        "name": "all-machines",
        "url": "/api/v2/item-category/37/"
    },
    "cost": 6000,
    "effect_entries": [],
    "flavor_text_entries": [
        {
            "language": {
                "name": "ja-Hrkt",
                "url": "/api/v2/language/1/"
            },
            "text": "\u308f\u3056\u3092\u3000\u3064\u304b\u3063\u305f\u3000\uff12\u30bf\u30fc\u30f3\u3000\u3042\u3068\u306b\n\u3042\u3044\u3066\u306b\u3000\u306d\u3093\u308a\u304d\u306e\n\u304b\u305f\u307e\u308a\u3092\u3000\u304a\u304f\u3063\u3066\u3000\u3053\u3046\u3052\u304d\u3059\u308b\u3002",
            "version_group": {
                "name": "sword-shield",
                "url": "/api/v2/version-group/20/"
            }
        },
        {
            "language": {
                "name": "ko",
                "url": "/api/v2/language/3/"
            },
            "text": "\uae30\uc220\uc744 \uc0ac\uc6a9\ud55c 2\ud134 \ub4a4\uc5d0\n\uc0c1\ub300\uc5d0\uac8c \uc5fc\ub3d9\ub825\uc758\n\ub369\uc5b4\ub9ac\ub97c \ubcf4\ub0b4\uc5b4 \uacf5\uaca9\ud55c\ub2e4.",
            "version_group": {
                "name": "sword-shield",
                "url": "/api/v2/version-group/20/"
            }
        },
        {
            "language": {
                "name": "zh-Hant",
                "url": "/api/v2/language/4/"
            },
            "text": "\u4f7f\u7528\u62db\u5f0f\u7684\uff12\u56de\u5408\u5f8c\uff0c\n\u5411\u5c0d\u624b\u767c\u9001\u4e00\u5718\u5ff5\u529b\u9032\u884c\u653b\u64ca\u3002",
            "version_group": {
                "name": "sword-shield",
                "url": "/api/v2/version-group/20/"
            }
        },
        {
            "language": {
                "name": "fr",
                "url": "/api/v2/language/5/"
            },
            "text": "De l\u2019\u00e9nergie psychique vient frapper l\u2019ennemi\ndeux tours apr\u00e8s l\u2019utilisation de cette capacit\u00e9.",
            "version_group": {
                "name": "sword-shield",
                "url": "/api/v2/version-group/20/"
            }
        },
        {
            "language": {
                "name": "de",
                "url": "/api/v2/language/6/"
            },
            "text": "Zwei Runden, nachdem Seher eingesetzt wurde,\nerfolgt ein Angriff mit Psycho-Energie.",
            "version_group": {
                "name": "sword-shield",
                "url": "/api/v2/version-group/20/"
            }
        },
        {
            "language": {
                "name": "es",
                "url": "/api/v2/language/7/"
            },
            "text": "Concentra energ\u00eda ps\u00edquica para golpear al objetivo dos\nturnos despu\u00e9s.",
            "version_group": {
                "name": "sword-shield",
                "url": "/api/v2/version-group/20/"
            }
        },
        {
            "language": {
                "name": "it",
                "url": "/api/v2/language/8/"
            },
            "text": "Due turni dopo l\u2019utilizzo di questa mossa,\nil bersaglio viene attaccato con energia psichica.",
            "version_group": {
                "name": "sword-shield",
                "url": "/api/v2/version-group/20/"
            }
        },
        {
            "language": {
                "name": "en",
                "url": "/api/v2/language/9/"
            },
            "text": "Two turns after this move is used, a hunk of psychic\nenergy attacks the target.",
            "version_group": {
                "name": "sword-shield",
                "url": "/api/v2/version-group/20/"
            }
        },
        {
            "language": {
                "name": "ja",
                "url": "/api/v2/language/11/"
            },
            "text": "\u6280\u3092\u3000\u4f7f\u3063\u305f\u3000\uff12\u30bf\u30fc\u30f3\u5f8c\u306b\n\u76f8\u624b\u306b\u3000\u5ff5\u529b\u306e\n\u584a\u3092\u3000\u9001\u3063\u3066\u3000\u653b\u6483\u3059\u308b\u3002",
            "version_group": {
                "name": "sword-shield",
                "url": "/api/v2/version-group/20/"
            }
        },
        {
            "language": {
                "name": "zh-Hans",
                "url": "/api/v2/language/12/"
            },
            "text": "\u5728\u4f7f\u7528\u62db\u5f0f\uff12\u56de\u5408\u540e\uff0c\n\u5411\u5bf9\u624b\u53d1\u9001\u4e00\u56e2\u5ff5\u529b\u8fdb\u884c\u653b\u51fb\u3002",
            "version_group": {
                "name": "sword-shield",
                "url": "/api/v2/version-group/20/"
            }
        }
    ],
    "fling_effect": null,
    "fling_power": 120,
    "game_indices": [
        {
            "game_index": 1164,
            "generation": {
                "name": "generation-viii",
                "url": "/api/v2/generation/8/"
            }
        }
    ],
    "held_by_pokemon": [],
    "id": 1222,
    "machines": [
        {
            "machine": {
                "url": "/api/v2/machine/1623/"
            },
            "version_group": {
                "name": "sword-shield",
                "url": "/api/v2/version-group/20/"
            }
        }
    ],
    "name": "tr34",
    "names": [
        {
            "language": {
                "name": "ja-Hrkt",
                "url": "/api/v2/language/1/"
            },
            "name": "\u308f\u3056\u30ec\u30b3\u30fc\u30c9\uff13\uff14"
        },
        {
            "language": {
                "name": "ko",
                "url": "/api/v2/language/3/"
            },
            "name": "\uae30\uc220\ub808\ucf54\ub4dc34"
        },
        {
            "language": {
                "name": "zh-Hant",
                "url": "/api/v2/language/4/"
            },
            "name": "\u62db\u5f0f\u7d00\u9304\uff13\uff14"
        },
        {
            "language": {
                "name": "fr",
                "url": "/api/v2/language/5/"
            },
            "name": "DT34"
        },
        {
            "language": {
                "name": "de",
                "url": "/api/v2/language/6/"
            },
            "name": "TP34"
        },
        {
            "language": {
                "name": "es",
                "url": "/api/v2/language/7/"
            },
            "name": "DT34"
        },
        {
            "language": {
                "name": "it",
                "url": "/api/v2/language/8/"
            },
            "name": "DT34"
        },
        {
            "language": {
                "name": "en",
                "url": "/api/v2/language/9/"
            },
            "name": "TR34"
        },
        {
            "language": {
                "name": "ja",
                "url": "/api/v2/language/11/"
            },
            "name": "\u308f\u3056\u30ec\u30b3\u30fc\u30c9\uff13\uff14"
        },
        {
            "language": {
                "name": "zh-Hans",
                "url": "/api/v2/language/12/"
            },
            "name": "\u62db\u5f0f\u8bb0\u5f55\uff13\uff14"
        }
    ],
    "sprites": {
        "default": null
    }
}