{
    "attributes": [],
    "baby_trigger_for": null,
    "category": {
        "name": "unused",
        "url": "/api/v2/item-category/23/"
    },
    "cost": 0,
    "effect_entries": [],
    "flavor_text_entries": [
        {
            "language": {
                "name": "ja-Hrkt",
                "url": "/api/v2/language/1/"
            },
            "text": "\u30dd\u30b1\u30e2\u30f3\u3084\u3000\u30c8\u30ec\u30fc\u30ca\u30fc\u306e\n\u304d\u304c\u3048\u3092\u3000\u3044\u308c\u3089\u308c\u308b\n\u3068\u3066\u3082\u3000\u304b\u308b\u3044\u3000\u30c8\u30e9\u30f3\u30af\u3002",
            "version_group": {
                "name": "lets-go-pikachu-lets-go-eevee",
                "url": "/api/v2/version-group/19/"
            }
        },
        {
            "language": {
                "name": "ko",
                "url": "/api/v2/language/3/"
            },
            "text": "\ud3ec\ucf13\ubaac\uc774\ub098 \ud2b8\ub808\uc774\ub108\uc758\n\uc758\uc0c1\uc744 \ub123\uc744 \uc218 \uc788\ub294\n\ub9e4\uc6b0 \uac00\ubcbc\uc6b4 \ud2b8\ub801\ud06c.",
            "version_group": {
                "name": "lets-go-pikachu-lets-go-eevee",
                "url": "/api/v2/version-group/19/"
            }
        },
        {
            "language": {
                "name": "zh-Hant",
                "url": "/api/v2/language/4/"
            },
            "text": "\u5341\u5206\u8f15\u4fbf\u7684\u884c\u674e\u7bb1\u3002\n\u88e1\u9762\u53ef\u4ee5\u653e\u5bf6\u53ef\u5922\u548c\n\u8a13\u7df4\u5bb6\u7684\u66ff\u63db\u8863\u7269\u3002",
            "version_group": {
                "name": "lets-go-pikachu-lets-go-eevee",
                "url": "/api/v2/version-group/19/"
            }
        },
        {
            "language": {
                "name": "fr",
                "url": "/api/v2/language/5/"
            },
            "text": "Une malle tr\u00e8s l\u00e9g\u00e8re qui contient vos costumes\net ceux de votre partenaire.",
            "version_group": {
                "name": "lets-go-pikachu-lets-go-eevee",
                "url": "/api/v2/version-group/19/"
            }
        },
        {
            "language": {
                "name": "de",
                "url": "/api/v2/language/6/"
            },
            "text": "Ein \u00fcberraschend leichter Koffer, in dem verschiedene\nKleidungsst\u00fccke und Accessoires f\u00fcr Trainer und\nPok\u00e9mon verstaut werden k\u00f6nnen.",
            "version_group": {
                "name": "lets-go-pikachu-lets-go-eevee",
                "url": "/api/v2/version-group/19/"
            }
        },
        {
            "language": {
                "name": "es",
                "url": "/api/v2/language/7/"
            },
            "text": "Una maleta muy ligera en la que puedes guardar ropa\no accesorios para ti o tu Pok\u00e9mon.",
            "version_group": {
                "name": "lets-go-pikachu-lets-go-eevee",
                "url": "/api/v2/version-group/19/"
            }
        },
        {
            "language": {
                "name": "it",
                "url": "/api/v2/language/8/"
            },
            "text": "Una valigia leggerissima che pu\u00f2 contenere tutti i capi\nd\u2019abbigliamento di un Allenatore e del suo compagno\nd\u2019avventura.",
            "version_group": {
                "name": "lets-go-pikachu-lets-go-eevee",
                "url": "/api/v2/version-group/19/"
            }
        },
        {
            "language": {
                "name": "en",
                "url": "/api/v2/language/9/"
            },
            "text": "A very light trunk that can carry clothing for you\nand your Pok\u00e9mon.",
            "version_group": {
                "name": "lets-go-pikachu-lets-go-eevee",
                "url": "/api/v2/version-group/19/"
            }
        },
        {
            "language": {
                "name": "ja",
                "url": "/api/v2/language/11/"
            },
            "text": "\u30dd\u30b1\u30e2\u30f3\u3084\u3000\u30c8\u30ec\u30fc\u30ca\u30fc\u306e\n\u7740\u66ff\u3048\u3092\u3000\u5165\u308c\u3089\u308c\u308b\n\u3068\u3066\u3082\u3000\u8efd\u3044\u3000\u30c8\u30e9\u30f3\u30af\u3002",
            "version_group": {
                "name": "lets-go-pikachu-lets-go-eevee",
                "url": "/api/v2/version-group/19/"
            }
        },
        {
            "language": {
                "name": "zh-Hans",
                "url": "/api/v2/language/12/"
            },
            "text": "\u975e\u5e38\u8f7b\u7684\u7bb1\u5b50\u3002\n\u80fd\u585e\u5165\u5b9d\u53ef\u68a6\u6216\n\u8bad\u7ec3\u5bb6\u7684\u66ff\u6362\u8863\u7269\u3002",
            "version_group": {
                "name": "lets-go-pikachu-lets-go-eevee",
                "url": "/api/v2/version-group/19/"
            }
        },
        {
            "language": {
                "name": "ja-Hrkt",
                "url": "/api/v2/language/1/"
            },
            "text": "\u30dd\u30b1\u30e2\u30f3\u3084\u3000\u30c8\u30ec\u30fc\u30ca\u30fc\u306e\n\u304d\u304c\u3048\u3092\u3000\u3044\u308c\u3089\u308c\u308b\n\u3068\u3066\u3082\u3000\u304b\u308b\u3044\u3000\u30c8\u30e9\u30f3\u30af\u3002",
            "version_group": {
                "name": "sword-shield",
                "url": "/api/v2/version-group/20/"
            }
        },
        {
            "language": {
                "name": "ko",
                "url": "/api/v2/language/3/"
            },
            "text": "\ud3ec\ucf13\ubaac\uc774\ub098 \ud2b8\ub808\uc774\ub108\uc758\n\uc758\uc0c1\uc744 \ub123\uc744 \uc218 \uc788\ub294\n\ub9e4\uc6b0 \uac00\ubcbc\uc6b4 \ud2b8\ub801\ud06c.",
            "version_group": {
                "name": "sword-shield",
                "url": "/api/v2/version-group/20/"
            }
        },
        {
            "language": {
                "name": "zh-Hant",
                "url": "/api/v2/language/4/"
            },
            "text": "\u5341\u5206\u8f15\u4fbf\u7684\u884c\u674e\u7bb1\u3002\n\u88e1\u9762\u53ef\u4ee5\u653e\u5bf6\u53ef\u5922\u548c\n\u8a13\u7df4\u5bb6\u7684\u66ff\u63db\u8863\u7269\u3002",
            "version_group": {
                "name": "sword-shield",
                "url": "/api/v2/version-group/20/"
            }
        },
        {
            "language": {
                "name": "fr",
                "url": "/api/v2/language/5/"
            },
            "text": "Une malle tr\u00e8s l\u00e9g\u00e8re qui contient vos costumes\net ceux de votre partenaire.",
            "version_group": {
                "name": "sword-shield",
                "url": "/api/v2/version-group/20/"
            }
        },
        {
            "language": {
                "name": "de",
                "url": "/api/v2/language/6/"
            },
            "text": "Ein \u00fcberraschend leichter Koffer, in dem verschiedene\nKleidungsst\u00fccke und Accessoires f\u00fcr Trainer und\nPok\u00e9mon verstaut werden k\u00f6nnen.",
            "version_group": {
                "name": "sword-shield",
                "url": "/api/v2/version-group/20/"
            }
        },
        {
            "language": {
                "name": "es",
                "url": "/api/v2/language/7/"
            },
            "text": "Una maleta muy ligera en la que puedes guardar ropa\no accesorios para ti o tu Pok\u00e9mon.",
            "version_group": {
                "name": "sword-shield",
                "url": "/api/v2/version-group/20/"
            }
        },
        {
            "language": {
                "name": "it",
                "url": "/api/v2/language/8/"
            },
            "text": "Una valigia leggerissima che pu\u00f2 contenere tutti i capi\nd\u2019abbigliamento di un Allenatore e del suo compagno\nd\u2019avventura.",
            "version_group": {
                "name": "sword-shield",
                "url": "/api/v2/version-group/20/"
            }
        },
        {
            "language": {
                "name": "en",
                "url": "/api/v2/language/9/"
            },
            "text": "A very light trunk that can carry clothing for you\nand your Pok\u00e9mon.",
            "version_group": {
                "name": "sword-shield",
                "url": "/api/v2/version-group/20/"
            }
        },
        {
            "language": {
                "name": "ja",
                "url": "/api/v2/language/11/"
            },
            "text": "\u30dd\u30b1\u30e2\u30f3\u3084\u3000\u30c8\u30ec\u30fc\u30ca\u30fc\u306e\n\u7740\u66ff\u3048\u3092\u3000\u5165\u308c\u3089\u308c\u308b\n\u3068\u3066\u3082\u3000\u8efd\u3044\u3000\u30c8\u30e9\u30f3\u30af\u3002",
            "version_group": {
                "name": "sword-shield",
                "url": "/api/v2/version-group/20/"
            }
        },
        {
            "language": {
                "name": "zh-Hans",
                "url": "/api/v2/language/12/"
            },
            "text": "\u975e\u5e38\u8f7b\u7684\u7bb1\u5b50\u3002\n\u80fd\u585e\u5165\u5b9d\u53ef\u68a6\u6216\n\u8bad\u7ec3\u5bb6\u7684\u66ff\u6362\u8863\u7269\u3002",
            "version_group": {
                "name": "sword-shield",
                "url": "/api/v2/version-group/20/"
            }
        }
    ],
    "fling_effect": null,
    "fling_power": null,
    "game_indices": [
        {
            "game_index": 126,
            "generation": {
                "name": "generation-vii",
                "url": "/api/v2/generation/7/"
            }
        },
        {
            "game_index": 126,
            "generation": {
                "name": "generation-viii",
                "url": "/api/v2/generation/8/"
            }
        }
    ],
    "held_by_pokemon": [],
    "id": 1011,
    "machines": [],
    "name": "clothing-trunk",
    "names": [
        {
            "language": {
                "name": "ja-Hrkt",
                "url": "/api/v2/language/1/"
            },
            "name": "\u304a\u304d\u304c\u3048\u30c8\u30e9\u30f3\u30af"
        },
        {
            "language": {
                "name": "ko",
                "url": "/api/v2/language/3/"
            },
            "name": "\uc637\uac08\uc544\uc785\uae30\ud2b8\ub801\ud06c"
        },
        {
            "language": {
                "name": "zh-Hant",
                "url": "/api/v2/language/4/"
            },
            "name": "\u63db\u88dd\u7bb1"
        },
        {
            "language": {
                "name": "fr",
                "url": "/api/v2/language/5/"
            },
            "name": "Malle \u00e0 Costumes"
        },
        {
            "language": {
                "name": "de",
                "url": "/api/v2/language/6/"
            },
            "name": "Klamottenkoffer"
        },
        {
            "language": {
                "name": "es",
                "url": "/api/v2/language/7/"
            },
            "name": "Maleta"
        },
        {
            "language": {
                "name": "it",
                "url": "/api/v2/language/8/"
            },
            "name": "Valigia vestiti"
        },
        {
            "language": {
                "name": "en",
                "url": "/api/v2/language/9/"
            },
            "name": "Clothing Trunk"
        },
        {
            "language": {
                "name": "ja",
                "url": "/api/v2/language/11/"
            },
            "name": "\u304a\u304d\u304c\u3048\u30c8\u30e9\u30f3\u30af"
        },
        {
            "language": {
                "name": "zh-Hans",
                "url": "/api/v2/language/12/"
            },
            "name": "\u6362\u88c5\u7bb1"
        }
    ],
    "sprites": {
        "default": null
    }
}