{
    "attributes": [],
    "baby_trigger_for": null,
    "category": {
        "name": "catching-bonus",
        "url": "/api/v2/item-category/48/"
    },
    "cost": 5000,
    "effect_entries": [],
    "flavor_text_entries": [
        {
            "language": {
                "name": "ja-Hrkt",
                "url": "/api/v2/language/1/"
            },
            "text": "\u30dd\u30b1\u30e2\u30f3\u306b\u3000\u3042\u305f\u3048\u308b\u3068\n\u3064\u304b\u307e\u3048\u305f\u3000\u3068\u304d\u306b\u3000\u3069\u3046\u3050\u304c\n\u304b\u306a\u308a\u3000\u3066\u306b\u306f\u3044\u308a\u3000\u3084\u3059\u304f\u306a\u308b\u3000\u304d\u306e\u307f\u3002",
            "version_group": {
                "name": "lets-go-pikachu-lets-go-eevee",
                "url": "/api/v2/version-group/19/"
            }
        },
        {
            "language": {
                "name": "ko",
                "url": "/api/v2/language/3/"
            },
            "text": "\ud3ec\ucf13\ubaac\uc5d0\uac8c \uc8fc\uba74\n\uc7a1\uc558\uc744 \ub54c \ub3c4\uad6c\ub97c \uc190\uc5d0 \ub123\uae30\n\uc0c1\ub2f9\ud788 \uc26c\uc6cc\uc9c0\ub294 \ub098\ubb34\uc5f4\ub9e4.",
            "version_group": {
                "name": "lets-go-pikachu-lets-go-eevee",
                "url": "/api/v2/version-group/19/"
            }
        },
        {
            "language": {
                "name": "zh-Hant",
                "url": "/api/v2/language/4/"
            },
            "text": "\u628a\u9019\u500b\u6a39\u679c\u9935\u7d66\u5bf6\u53ef\u5922\uff0c\n\u5728\u6355\u6349\u6210\u529f\u5f8c\uff0c\n\u6703\u975e\u5e38\u5bb9\u6613\u7372\u5f97\u9053\u5177\u3002",
            "version_group": {
                "name": "lets-go-pikachu-lets-go-eevee",
                "url": "/api/v2/version-group/19/"
            }
        },
        {
            "language": {
                "name": "fr",
                "url": "/api/v2/language/5/"
            },
            "text": "Une Baie \u00e0 donner \u00e0 un Pok\u00e9mon sauvage pour avoir\nbeaucoup plus de chances d\u2019obtenir un objet apr\u00e8s\nl\u2019avoir captur\u00e9.",
            "version_group": {
                "name": "lets-go-pikachu-lets-go-eevee",
                "url": "/api/v2/version-group/19/"
            }
        },
        {
            "language": {
                "name": "de",
                "url": "/api/v2/language/6/"
            },
            "text": "Gibst du diese Beere einem Pok\u00e9mon zu essen, wird die\nChance, bei einem erfolgreichen Fangversuch ein Item\nzu erhalten, stark erh\u00f6ht.",
            "version_group": {
                "name": "lets-go-pikachu-lets-go-eevee",
                "url": "/api/v2/version-group/19/"
            }
        },
        {
            "language": {
                "name": "es",
                "url": "/api/v2/language/7/"
            },
            "text": "Una baya que puedes lanzar a un Pok\u00e9mon salvaje\npara aumentar mucho las probabilidades de conseguir\nun objeto tras capturarlo.",
            "version_group": {
                "name": "lets-go-pikachu-lets-go-eevee",
                "url": "/api/v2/version-group/19/"
            }
        },
        {
            "language": {
                "name": "it",
                "url": "/api/v2/language/8/"
            },
            "text": "Bacca che rende molto pi\u00f9 facile ottenere strumenti\nquando catturi il Pok\u00e9mon a cui l\u2019hai data.",
            "version_group": {
                "name": "lets-go-pikachu-lets-go-eevee",
                "url": "/api/v2/version-group/19/"
            }
        },
        {
            "language": {
                "name": "en",
                "url": "/api/v2/language/9/"
            },
            "text": "A Berry that makes you drastically more likely\nto get an item when given to Pok\u00e9mon you\u2019re\ntrying to catch.",
            "version_group": {
                "name": "lets-go-pikachu-lets-go-eevee",
                "url": "/api/v2/version-group/19/"
            }
        },
        {
            "language": {
                "name": "ja",
                "url": "/api/v2/language/11/"
            },
            "text": "\u30dd\u30b1\u30e2\u30f3\u306b\u3000\u3042\u305f\u3048\u308b\u3068\n\u6355\u307e\u3048\u305f\u3000\u3068\u304d\u306b\u3000\u9053\u5177\u304c\n\u304b\u306a\u308a\u3000\u624b\u306b\u306f\u3044\u308a\u3000\u3084\u3059\u304f\u306a\u308b\u3000\u304d\u306e\u307f\u3002",
            "version_group": {
                "name": "lets-go-pikachu-lets-go-eevee",
                "url": "/api/v2/version-group/19/"
            }
        },
        {
            "language": {
                "name": "zh-Hans",
                "url": "/api/v2/language/12/"
            },
            "text": "\u5982\u679c\u628a\u8fd9\u6811\u679c\u4ea4\u7ed9\u5b9d\u53ef\u68a6\uff0c\n\u90a3\u4e48\u63a5\u4e0b\u6765\u6349\u4f4f\u8be5\u5b9d\u53ef\u68a6\u65f6\uff0c\n\u4f1a\u975e\u5e38\u5bb9\u6613\u83b7\u5f97\u9053\u5177\u3002",
            "version_group": {
                "name": "lets-go-pikachu-lets-go-eevee",
                "url": "/api/v2/version-group/19/"
            }
        },
        {
            "language": {
                "name": "ja-Hrkt",
                "url": "/api/v2/language/1/"
            },
            "text": "\u30dd\u30b1\u30e2\u30f3\u306b\u3000\u3042\u305f\u3048\u308b\u3068\n\u3064\u304b\u307e\u3048\u305f\u3000\u3068\u304d\u306b\u3000\u3069\u3046\u3050\u304c\n\u304b\u306a\u308a\u3000\u3066\u306b\u306f\u3044\u308a\u3000\u3084\u3059\u304f\u306a\u308b\u3000\u304d\u306e\u307f\u3002",
            "version_group": {
                "name": "sword-shield",
                "url": "/api/v2/version-group/20/"
            }
        },
        {
            "language": {
                "name": "ko",
                "url": "/api/v2/language/3/"
            },
            "text": "\ud3ec\ucf13\ubaac\uc5d0\uac8c \uc8fc\uba74\n\uc7a1\uc558\uc744 \ub54c \ub3c4\uad6c\ub97c \uc190\uc5d0 \ub123\uae30\n\uc0c1\ub2f9\ud788 \uc26c\uc6cc\uc9c0\ub294 \ub098\ubb34\uc5f4\ub9e4.",
            "version_group": {
                "name": "sword-shield",
                "url": "/api/v2/version-group/20/"
            }
        },
        {
            "language": {
                "name": "zh-Hant",
                "url": "/api/v2/language/4/"
            },
            "text": "\u628a\u9019\u500b\u6a39\u679c\u9935\u7d66\u5bf6\u53ef\u5922\uff0c\n\u5728\u6355\u6349\u6210\u529f\u5f8c\uff0c\n\u6703\u975e\u5e38\u5bb9\u6613\u7372\u5f97\u9053\u5177\u3002",
            "version_group": {
                "name": "sword-shield",
                "url": "/api/v2/version-group/20/"
            }
        },
        {
            "language": {
                "name": "fr",
                "url": "/api/v2/language/5/"
            },
            "text": "Une Baie \u00e0 donner \u00e0 un Pok\u00e9mon sauvage pour avoir\nbeaucoup plus de chances d\u2019obtenir un objet apr\u00e8s\nl\u2019avoir captur\u00e9.",
            "version_group": {
                "name": "sword-shield",
                "url": "/api/v2/version-group/20/"
            }
        },
        {
            "language": {
                "name": "de",
                "url": "/api/v2/language/6/"
            },
            "text": "Gibst du diese Beere einem Pok\u00e9mon zu essen, wird die\nChance, bei einem erfolgreichen Fangversuch ein Item\nzu erhalten, stark erh\u00f6ht.",
            "version_group": {
                "name": "sword-shield",
                "url": "/api/v2/version-group/20/"
            }
        },
        {
            "language": {
                "name": "es",
                "url": "/api/v2/language/7/"
            },
            "text": "Una baya que puedes lanzar a un Pok\u00e9mon salvaje\npara aumentar mucho las probabilidades de conseguir\nun objeto tras capturarlo.",
            "version_group": {
                "name": "sword-shield",
                "url": "/api/v2/version-group/20/"
            }
        },
        {
            "language": {
                "name": "it",
                "url": "/api/v2/language/8/"
            },
            "text": "Bacca che rende molto pi\u00f9 facile ottenere strumenti\nquando catturi il Pok\u00e9mon a cui l\u2019hai data.",
            "version_group": {
                "name": "sword-shield",
                "url": "/api/v2/version-group/20/"
            }
        },
        {
            "language": {
                "name": "en",
                "url": "/api/v2/language/9/"
            },
            "text": "A Berry that makes you drastically more likely\nto get an item when given to Pok\u00e9mon you\u2019re\ntrying to catch.",
            "version_group": {
                "name": "sword-shield",
                "url": "/api/v2/version-group/20/"
            }
        },
        {
            "language": {
                "name": "ja",
                "url": "/api/v2/language/11/"
            },
            "text": "\u30dd\u30b1\u30e2\u30f3\u306b\u3000\u3042\u305f\u3048\u308b\u3068\n\u6355\u307e\u3048\u305f\u3000\u3068\u304d\u306b\u3000\u9053\u5177\u304c\n\u304b\u306a\u308a\u3000\u624b\u306b\u306f\u3044\u308a\u3000\u3084\u3059\u304f\u306a\u308b\u3000\u304d\u306e\u307f\u3002",
            "version_group": {
                "name": "sword-shield",
                "url": "/api/v2/version-group/20/"
            }
        },
        {
            "language": {
                "name": "zh-Hans",
                "url": "/api/v2/language/12/"
            },
            "text": "\u5982\u679c\u628a\u8fd9\u6811\u679c\u4ea4\u7ed9\u5b9d\u53ef\u68a6\uff0c\n\u90a3\u4e48\u63a5\u4e0b\u6765\u6349\u4f4f\u8be5\u5b9d\u53ef\u68a6\u65f6\uff0c\n\u4f1a\u975e\u5e38\u5bb9\u6613\u83b7\u5f97\u9053\u5177\u3002",
            "version_group": {
                "name": "sword-shield",
                "url": "/api/v2/version-group/20/"
            }
        }
    ],
    "fling_effect": null,
    "fling_power": 10,
    "game_indices": [
        {
            "game_index": 866,
            "generation": {
                "name": "generation-vii",
                "url": "/api/v2/generation/7/"
            }
        },
        {
            "game_index": 866,
            "generation": {
                "name": "generation-viii",
                "url": "/api/v2/generation/8/"
            }
        }
    ],
    "held_by_pokemon": [],
    "id": 1019,
    "machines": [],
    "name": "golden-pinap-berry",
    "names": [
        {
            "language": {
                "name": "ja-Hrkt",
                "url": "/api/v2/language/1/"
            },
            "name": "\u304d\u3093\u306e\u30d1\u30a4\u30eb\u306e\u307f"
        },
        {
            "language": {
                "name": "ko",
                "url": "/api/v2/language/3/"
            },
            "name": "\ud669\uae08 \ud30c\uc778\uc5f4\ub9e4"
        },
        {
            "language": {
                "name": "zh-Hant",
                "url": "/api/v2/language/4/"
            },
            "name": "\u91d1\u8272\u51f0\u68a8\u679c"
        },
        {
            "language": {
                "name": "fr",
                "url": "/api/v2/language/5/"
            },
            "name": "Baie Nanana dor\u00e9e"
        },
        {
            "language": {
                "name": "de",
                "url": "/api/v2/language/6/"
            },
            "name": "Goldene Sananabeere"
        },
        {
            "language": {
                "name": "es",
                "url": "/api/v2/language/7/"
            },
            "name": "Baya Pinia Dorada"
        },
        {
            "language": {
                "name": "it",
                "url": "/api/v2/language/8/"
            },
            "name": "Baccananas dorata"
        },
        {
            "language": {
                "name": "en",
                "url": "/api/v2/language/9/"
            },
            "name": "Golden Pinap Berry"
        },
        {
            "language": {
                "name": "ja",
                "url": "/api/v2/language/11/"
            },
            "name": "\u304d\u3093\u306e\u30d1\u30a4\u30eb\u306e\u307f"
        },
        {
            "language": {
                "name": "zh-Hans",
                "url": "/api/v2/language/12/"
            },
            "name": "\u91d1\u8272\u51f0\u68a8\u679c"
        }
    ],
    "sprites": {
        "default": null
    }
}