{
    "attributes": [],
    "baby_trigger_for": null,
    "category": {
        "name": "curry-ingredients",
        "url": "/api/v2/item-category/51/"
    },
    "cost": 400,
    "effect_entries": [],
    "flavor_text_entries": [
        {
            "language": {
                "name": "ja-Hrkt",
                "url": "/api/v2/language/1/"
            },
            "text": "\u30ad\u30e3\u30f3\u30d7\u306e\u3000\u308a\u3087\u3046\u308a\u306b\u3000\u3064\u304b\u3046\n\u3057\u3087\u304f\u3056\u3044\u306e\u3000\u3044\u3063\u3057\u3085\u3002\u3044\u308d\u3093\u306a\u3000\u3084\u3055\u3044\u306e\n\u3064\u3081\u3042\u308f\u305b\u3067\u3000\u3051\u3093\u3053\u3046\u306b\u3000\u3088\u3055\u305d\u3046\u3002",
            "version_group": {
                "name": "sword-shield",
                "url": "/api/v2/version-group/20/"
            }
        },
        {
            "language": {
                "name": "ko",
                "url": "/api/v2/language/3/"
            },
            "text": "\ucea0\ud504 \uc694\ub9ac\uc5d0 \uc0ac\uc6a9\ub418\ub294\n\uc2dd\uc7ac\ub8cc \uc911 \ud558\ub098. \ub2e4\uc591\ud55c \ucc44\uc18c\uac00\n\ub4e4\uc5b4 \uc788\uc5b4 \uac74\uac15\uc5d0 \uc88b\uc544 \ubcf4\uc778\ub2e4.",
            "version_group": {
                "name": "sword-shield",
                "url": "/api/v2/version-group/20/"
            }
        },
        {
            "language": {
                "name": "zh-Hant",
                "url": "/api/v2/language/4/"
            },
            "text": "\u88fd\u4f5c\u9732\u71df\u6599\u7406\u6642\u4f7f\u7528\u7684\u98df\u6750\u4e4b\u4e00\u3002\n\u88e1\u9762\u88dd\u8457\u4ec0\u9326\u852c\u83dc\uff0c\n\u770b\u8d77\u4f86\u5341\u5206\u6709\u76ca\u5065\u5eb7\u3002",
            "version_group": {
                "name": "sword-shield",
                "url": "/api/v2/version-group/20/"
            }
        },
        {
            "language": {
                "name": "fr",
                "url": "/api/v2/language/5/"
            },
            "text": "Un ingr\u00e9dient de cuisine pour le camping.\nCet assortiment de l\u00e9gumes divers permet de pr\u00e9parer\ndes plats \u00e9quilibr\u00e9s.",
            "version_group": {
                "name": "sword-shield",
                "url": "/api/v2/version-group/20/"
            }
        },
        {
            "language": {
                "name": "de",
                "url": "/api/v2/language/6/"
            },
            "text": "Eine Zutat f\u00fcr Pok\u00e9Camping-Mahlzeiten. Diese bunte\nMischung aus verschiedenen Gem\u00fcsesorten sorgt f\u00fcr\neine ausgewogene und gesunde Ern\u00e4hrung.",
            "version_group": {
                "name": "sword-shield",
                "url": "/api/v2/version-group/20/"
            }
        },
        {
            "language": {
                "name": "es",
                "url": "/api/v2/language/7/"
            },
            "text": "Un ingrediente para cocinar en el campamento. Una\nmezcla muy sana de varios tipos de verduras.",
            "version_group": {
                "name": "sword-shield",
                "url": "/api/v2/version-group/20/"
            }
        },
        {
            "language": {
                "name": "it",
                "url": "/api/v2/language/8/"
            },
            "text": "Uno degli ingredienti che puoi usare per cucinare\nin campeggio. Un assortimento di ortaggi dall\u2019aria\nmolto salutare.",
            "version_group": {
                "name": "sword-shield",
                "url": "/api/v2/version-group/20/"
            }
        },
        {
            "language": {
                "name": "en",
                "url": "/api/v2/language/9/"
            },
            "text": "One of the many ingredients that can be used for\ncooking at your camp. The assortment of vegetables\nlooks quite appealing and healthy.",
            "version_group": {
                "name": "sword-shield",
                "url": "/api/v2/version-group/20/"
            }
        },
        {
            "language": {
                "name": "ja",
                "url": "/api/v2/language/11/"
            },
            "text": "\u30ad\u30e3\u30f3\u30d7\u306e\u3000\u6599\u7406\u306b\u3000\u4f7f\u3046\n\u98df\u6750\u306e\u3000\u4e00\u7a2e\u3002\u3044\u308d\u3093\u306a\u3000\u91ce\u83dc\u306e\n\u8a70\u3081\u3042\u308f\u305b\u3067\u3000\u5065\u5eb7\u306b\u3000\u3088\u3055\u305d\u3046\u3002",
            "version_group": {
                "name": "sword-shield",
                "url": "/api/v2/version-group/20/"
            }
        },
        {
            "language": {
                "name": "zh-Hans",
                "url": "/api/v2/language/12/"
            },
            "text": "\u5728\u9732\u8425\u8425\u5730\u5236\u4f5c\u6599\u7406\u65f6\u4f1a\u4f7f\u7528\u7684\n\u4e00\u79cd\u98df\u6750\u3002\u5c06\u5404\u79cd\u852c\u83dc\u642d\u914d\u5230\u4e00\u8d77\uff0c\n\u770b\u4e0a\u53bb\u5c31\u975e\u5e38\u6709\u76ca\u5065\u5eb7\u3002",
            "version_group": {
                "name": "sword-shield",
                "url": "/api/v2/version-group/20/"
            }
        }
    ],
    "fling_effect": null,
    "fling_power": 10,
    "game_indices": [
        {
            "game_index": 1097,
            "generation": {
                "name": "generation-viii",
                "url": "/api/v2/generation/8/"
            }
        }
    ],
    "held_by_pokemon": [],
    "id": 1157,
    "machines": [],
    "name": "salad-mix",
    "names": [
        {
            "language": {
                "name": "ja-Hrkt",
                "url": "/api/v2/language/1/"
            },
            "name": "\u3084\u3055\u3044\u30d1\u30c3\u30af"
        },
        {
            "language": {
                "name": "ko",
                "url": "/api/v2/language/3/"
            },
            "name": "\ucc44\uc18c\ud329"
        },
        {
            "language": {
                "name": "zh-Hant",
                "url": "/api/v2/language/4/"
            },
            "name": "\u888b\u88dd\u852c\u83dc"
        },
        {
            "language": {
                "name": "fr",
                "url": "/api/v2/language/5/"
            },
            "name": "L\u00e9gumes"
        },
        {
            "language": {
                "name": "de",
                "url": "/api/v2/language/6/"
            },
            "name": "Gem\u00fcse"
        },
        {
            "language": {
                "name": "es",
                "url": "/api/v2/language/7/"
            },
            "name": "Verduras"
        },
        {
            "language": {
                "name": "it",
                "url": "/api/v2/language/8/"
            },
            "name": "Verdure"
        },
        {
            "language": {
                "name": "en",
                "url": "/api/v2/language/9/"
            },
            "name": "Salad Mix"
        },
        {
            "language": {
                "name": "ja",
                "url": "/api/v2/language/11/"
            },
            "name": "\u3084\u3055\u3044\u30d1\u30c3\u30af"
        },
        {
            "language": {
                "name": "zh-Hans",
                "url": "/api/v2/language/12/"
            },
            "name": "\u888b\u88c5\u852c\u83dc"
        }
    ],
    "sprites": {
        "default": null
    }
}