{
    "attributes": [
        {
            "name": "countable",
            "url": "/api/v2/item-attribute/1/"
        },
        {
            "name": "consumable",
            "url": "/api/v2/item-attribute/2/"
        },
        {
            "name": "usable-in-battle",
            "url": "/api/v2/item-attribute/4/"
        },
        {
            "name": "holdable",
            "url": "/api/v2/item-attribute/5/"
        }
    ],
    "baby_trigger_for": null,
    "category": {
        "name": "special-balls",
        "url": "/api/v2/item-category/33/"
    },
    "cost": 1000,
    "effect_entries": [
        {
            "effect": "Used in battle\n:   Attempts to catch a wild Pok\u00e9mon.  If it's currently nighttime or the wild Pok\u00e9mon was encountered while walking in a cave, this ball has a catch rate of 3.5\u00d7.  Otherwise, it has a catch rate of 1\u00d7.\n\n    If used in a trainer battle, nothing happens and the ball is lost.",
            "language": {
                "name": "en",
                "url": "/api/v2/language/9/"
            },
            "short_effect": "Tries to catch a wild Pok\u00e9mon.  Success rate is 3.5\u00d7 at night and in caves."
        }
    ],
    "flavor_text_entries": [
        {
            "language": {
                "name": "en",
                "url": "/api/v2/language/9/"
            },
            "text": "A somewhat different Pok\u00e9 Ball that\nmakes it easier to catch wild Pok\u00e9mon\nat night or in dark places like caves.",
            "version_group": {
                "name": "diamond-pearl",
                "url": "/api/v2/version-group/8/"
            }
        },
        {
            "language": {
                "name": "en",
                "url": "/api/v2/language/9/"
            },
            "text": "A somewhat different Pok\u00e9 Ball that\nmakes it easier to catch wild Pok\u00e9mon\nat night or in dark places like caves.",
            "version_group": {
                "name": "platinum",
                "url": "/api/v2/version-group/9/"
            }
        },
        {
            "language": {
                "name": "en",
                "url": "/api/v2/language/9/"
            },
            "text": "A somewhat different Pok\u00e9 Ball that\nmakes it easier to catch wild Pok\u00e9mon\nat night or in dark places like caves.",
            "version_group": {
                "name": "heartgold-soulsilver",
                "url": "/api/v2/version-group/10/"
            }
        },
        {
            "language": {
                "name": "fr",
                "url": "/api/v2/language/5/"
            },
            "text": "Une Pok\u00e9 Ball efficace pour attraper\nles Pok\u00e9mon de nuit ou dans des\nendroits sombres tels que les grottes.",
            "version_group": {
                "name": "black-white",
                "url": "/api/v2/version-group/11/"
            }
        },
        {
            "language": {
                "name": "en",
                "url": "/api/v2/language/9/"
            },
            "text": "A somewhat different Pok\u00e9 Ball that\nmakes it easier to catch wild Pok\u00e9mon\nat night or in dark places like caves.",
            "version_group": {
                "name": "black-white",
                "url": "/api/v2/version-group/11/"
            }
        },
        {
            "language": {
                "name": "en",
                "url": "/api/v2/language/9/"
            },
            "text": "A somewhat different Pok\u00e9 Ball that\nmakes it easier to catch wild Pok\u00e9mon\nat night or in dark places like caves.",
            "version_group": {
                "name": "black-2-white-2",
                "url": "/api/v2/version-group/14/"
            }
        },
        {
            "language": {
                "name": "ja-Hrkt",
                "url": "/api/v2/language/1/"
            },
            "text": "\u3088\u308b\u3084\u3000\u3069\u3046\u304f\u3064\u306a\u3069\u3000\u304f\u3089\u3044\u3068\u3053\u308d\u3067\n\u30dd\u30b1\u30e2\u30f3\u304c\u3000\u3064\u304b\u307e\u3048\u3084\u3059\u304f\u306a\u308b\n\u3061\u3087\u3063\u3068\u3000\u304b\u308f\u3063\u305f\u3000\u30dc\u30fc\u30eb\u3002",
            "version_group": {
                "name": "x-y",
                "url": "/api/v2/version-group/15/"
            }
        },
        {
            "language": {
                "name": "ko",
                "url": "/api/v2/language/3/"
            },
            "text": "\ubc24\uc774\ub098 \ub3d9\uad74 \ub4f1 \uc5b4\ub450\uc6b4 \uacf3\uc5d0\uc11c\n\ud3ec\ucf13\ubaac\uc744 \uc7a1\uae30 \uc26c\uc6b4\n\uc870\uae08 \ud2b9\uc774\ud55c \ubcfc.",
            "version_group": {
                "name": "x-y",
                "url": "/api/v2/version-group/15/"
            }
        },
        {
            "language": {
                "name": "fr",
                "url": "/api/v2/language/5/"
            },
            "text": "Une Pok\u00e9 Ball efficace de nuit ou dans les\nendroits sombres, tels que les grottes.",
            "version_group": {
                "name": "x-y",
                "url": "/api/v2/version-group/15/"
            }
        },
        {
            "language": {
                "name": "de",
                "url": "/api/v2/language/6/"
            },
            "text": "Ein mysteri\u00f6ser Ball, geeignet f\u00fcr Eins\u00e4tze in der\nNacht oder an dunklen Orten.",
            "version_group": {
                "name": "x-y",
                "url": "/api/v2/version-group/15/"
            }
        },
        {
            "language": {
                "name": "es",
                "url": "/api/v2/language/7/"
            },
            "text": "Es algo particular. Hace que sea m\u00e1s f\u00e1cil\ncapturar a los Pok\u00e9mon salvajes por la noche\no en lugares oscuros.",
            "version_group": {
                "name": "x-y",
                "url": "/api/v2/version-group/15/"
            }
        },
        {
            "language": {
                "name": "it",
                "url": "/api/v2/language/8/"
            },
            "text": "Pok\u00e9 Ball un po\u2019 diversa che rende pi\u00f9 facile\ncatturare Pok\u00e9mon selvatici di notte o in luoghi\nbui come le grotte.",
            "version_group": {
                "name": "x-y",
                "url": "/api/v2/version-group/15/"
            }
        },
        {
            "language": {
                "name": "en",
                "url": "/api/v2/language/9/"
            },
            "text": "A somewhat different Pok\u00e9 Ball that\nmakes it easier to catch wild Pok\u00e9mon\nat night or in dark places like caves.",
            "version_group": {
                "name": "x-y",
                "url": "/api/v2/version-group/15/"
            }
        },
        {
            "language": {
                "name": "ja",
                "url": "/api/v2/language/11/"
            },
            "text": "\u591c\u3084\u3000\u3069\u3046\u304f\u3064\u306a\u3069\u3000\u6697\u3044\u3068\u3053\u308d\u3067\n\u30dd\u30b1\u30e2\u30f3\u304c\u3000\u6355\u307e\u3048\u3084\u3059\u304f\u306a\u308b\n\u3061\u3087\u3063\u3068\u3000\u5909\u308f\u3063\u305f\u3000\u30dc\u30fc\u30eb\u3002",
            "version_group": {
                "name": "x-y",
                "url": "/api/v2/version-group/15/"
            }
        },
        {
            "language": {
                "name": "ja-Hrkt",
                "url": "/api/v2/language/1/"
            },
            "text": "\u3088\u308b\u3084\u3000\u3069\u3046\u304f\u3064\u306a\u3069\u3000\u304f\u3089\u3044\u3068\u3053\u308d\u3067\n\u30dd\u30b1\u30e2\u30f3\u304c\u3000\u3064\u304b\u307e\u3048\u3084\u3059\u304f\u306a\u308b\n\u3061\u3087\u3063\u3068\u3000\u304b\u308f\u3063\u305f\u3000\u30dc\u30fc\u30eb\u3002",
            "version_group": {
                "name": "sun-moon",
                "url": "/api/v2/version-group/17/"
            }
        },
        {
            "language": {
                "name": "ko",
                "url": "/api/v2/language/3/"
            },
            "text": "\ubc24\uc774\ub098 \ub3d9\uad74 \ub4f1 \uc5b4\ub450\uc6b4 \uacf3\uc5d0\uc11c\n\ud3ec\ucf13\ubaac\uc744 \uc7a1\uae30 \uc26c\uc6b4\n\uc870\uae08 \ud2b9\uc774\ud55c \ubcfc.",
            "version_group": {
                "name": "sun-moon",
                "url": "/api/v2/version-group/17/"
            }
        },
        {
            "language": {
                "name": "zh-Hant",
                "url": "/api/v2/language/4/"
            },
            "text": "\u6709\u9ede\u8207\u773e\u4e0d\u540c\u7684\u7403\u3002\n\u5bb9\u6613\u5728\u591c\u665a\u6216\u6d1e\u7a9f\u7b49\u9670\u6697\u7684\u5730\u65b9\n\u6349\u5230\u5bf6\u53ef\u5922\u3002",
            "version_group": {
                "name": "sun-moon",
                "url": "/api/v2/version-group/17/"
            }
        },
        {
            "language": {
                "name": "fr",
                "url": "/api/v2/language/5/"
            },
            "text": "Une Pok\u00e9 Ball efficace de nuit ou dans les\nendroits sombres, tels que les grottes.",
            "version_group": {
                "name": "sun-moon",
                "url": "/api/v2/version-group/17/"
            }
        },
        {
            "language": {
                "name": "de",
                "url": "/api/v2/language/6/"
            },
            "text": "Ein mysteri\u00f6ser Ball, geeignet f\u00fcr Eins\u00e4tze in der\nNacht oder an dunklen Orten.",
            "version_group": {
                "name": "sun-moon",
                "url": "/api/v2/version-group/17/"
            }
        },
        {
            "language": {
                "name": "es",
                "url": "/api/v2/language/7/"
            },
            "text": "Es algo particular. Hace que sea m\u00e1s f\u00e1cil capturar\na los Pok\u00e9mon salvajes por la noche o en lugares\noscuros.",
            "version_group": {
                "name": "sun-moon",
                "url": "/api/v2/version-group/17/"
            }
        },
        {
            "language": {
                "name": "it",
                "url": "/api/v2/language/8/"
            },
            "text": "Pok\u00e9 Ball un po\u2019 diversa che rende pi\u00f9 facile\ncatturare Pok\u00e9mon selvatici di notte o in luoghi\nbui come le grotte.",
            "version_group": {
                "name": "sun-moon",
                "url": "/api/v2/version-group/17/"
            }
        },
        {
            "language": {
                "name": "en",
                "url": "/api/v2/language/9/"
            },
            "text": "A somewhat different Pok\u00e9 Ball that makes it\neasier to catch wild Pok\u00e9mon at night or in dark\nplaces like caves.",
            "version_group": {
                "name": "sun-moon",
                "url": "/api/v2/version-group/17/"
            }
        },
        {
            "language": {
                "name": "ja",
                "url": "/api/v2/language/11/"
            },
            "text": "\u591c\u3084\u3000\u3069\u3046\u304f\u3064\u306a\u3069\u3000\u6697\u3044\u3068\u3053\u308d\u3067\n\u30dd\u30b1\u30e2\u30f3\u304c\u3000\u6355\u307e\u3048\u3084\u3059\u304f\u306a\u308b\n\u3061\u3087\u3063\u3068\u3000\u5909\u308f\u3063\u305f\u3000\u30dc\u30fc\u30eb\u3002",
            "version_group": {
                "name": "sun-moon",
                "url": "/api/v2/version-group/17/"
            }
        },
        {
            "language": {
                "name": "zh-Hans",
                "url": "/api/v2/language/12/"
            },
            "text": "\u6709\u70b9\u4e0e\u4f17\u4e0d\u540c\u7684\u7403\u3002\n\u80fd\u5f88\u5bb9\u6613\u5730\u5728\u591c\u665a\u6216\u6d1e\u7a9f\u7b49\n\u9634\u6697\u7684\u5730\u65b9\u6355\u6349\u5b9d\u53ef\u68a6\u3002",
            "version_group": {
                "name": "sun-moon",
                "url": "/api/v2/version-group/17/"
            }
        },
        {
            "language": {
                "name": "ja-Hrkt",
                "url": "/api/v2/language/1/"
            },
            "text": "\u3088\u308b\u3084\u3000\u3069\u3046\u304f\u3064\u306a\u3069\u3000\u304f\u3089\u3044\u3068\u3053\u308d\u3067\n\u30dd\u30b1\u30e2\u30f3\u304c\u3000\u3064\u304b\u307e\u3048\u3084\u3059\u304f\u306a\u308b\n\u3061\u3087\u3063\u3068\u3000\u304b\u308f\u3063\u305f\u3000\u30dc\u30fc\u30eb\u3002",
            "version_group": {
                "name": "ultra-sun-ultra-moon",
                "url": "/api/v2/version-group/18/"
            }
        },
        {
            "language": {
                "name": "ko",
                "url": "/api/v2/language/3/"
            },
            "text": "\ubc24\uc774\ub098 \ub3d9\uad74 \ub4f1 \uc5b4\ub450\uc6b4 \uacf3\uc5d0\uc11c\n\ud3ec\ucf13\ubaac\uc744 \uc7a1\uae30 \uc26c\uc6b4\n\uc870\uae08 \ud2b9\uc774\ud55c \ubcfc.",
            "version_group": {
                "name": "ultra-sun-ultra-moon",
                "url": "/api/v2/version-group/18/"
            }
        },
        {
            "language": {
                "name": "zh-Hant",
                "url": "/api/v2/language/4/"
            },
            "text": "\u6709\u9ede\u8207\u773e\u4e0d\u540c\u7684\u7403\u3002\n\u5bb9\u6613\u5728\u591c\u665a\u6216\u6d1e\u7a9f\u7b49\u9670\u6697\u7684\u5730\u65b9\n\u6349\u5230\u5bf6\u53ef\u5922\u3002",
            "version_group": {
                "name": "ultra-sun-ultra-moon",
                "url": "/api/v2/version-group/18/"
            }
        },
        {
            "language": {
                "name": "fr",
                "url": "/api/v2/language/5/"
            },
            "text": "Une Pok\u00e9 Ball efficace de nuit ou dans les\nendroits sombres, tels que les grottes.",
            "version_group": {
                "name": "ultra-sun-ultra-moon",
                "url": "/api/v2/version-group/18/"
            }
        },
        {
            "language": {
                "name": "de",
                "url": "/api/v2/language/6/"
            },
            "text": "Ein mysteri\u00f6ser Ball, geeignet f\u00fcr Eins\u00e4tze in der\nNacht oder an dunklen Orten.",
            "version_group": {
                "name": "ultra-sun-ultra-moon",
                "url": "/api/v2/version-group/18/"
            }
        },
        {
            "language": {
                "name": "es",
                "url": "/api/v2/language/7/"
            },
            "text": "Es algo particular. Hace que sea m\u00e1s f\u00e1cil capturar\na los Pok\u00e9mon salvajes por la noche o en lugares\noscuros.",
            "version_group": {
                "name": "ultra-sun-ultra-moon",
                "url": "/api/v2/version-group/18/"
            }
        },
        {
            "language": {
                "name": "it",
                "url": "/api/v2/language/8/"
            },
            "text": "Pok\u00e9 Ball un po\u2019 diversa che rende pi\u00f9 facile\ncatturare Pok\u00e9mon selvatici di notte o in luoghi\nbui come le grotte.",
            "version_group": {
                "name": "ultra-sun-ultra-moon",
                "url": "/api/v2/version-group/18/"
            }
        },
        {
            "language": {
                "name": "en",
                "url": "/api/v2/language/9/"
            },
            "text": "A somewhat different Pok\u00e9 Ball that makes it\neasier to catch wild Pok\u00e9mon at night or in dark\nplaces like caves.",
            "version_group": {
                "name": "ultra-sun-ultra-moon",
                "url": "/api/v2/version-group/18/"
            }
        },
        {
            "language": {
                "name": "ja",
                "url": "/api/v2/language/11/"
            },
            "text": "\u591c\u3084\u3000\u3069\u3046\u304f\u3064\u306a\u3069\u3000\u6697\u3044\u3068\u3053\u308d\u3067\n\u30dd\u30b1\u30e2\u30f3\u304c\u3000\u6355\u307e\u3048\u3084\u3059\u304f\u306a\u308b\n\u3061\u3087\u3063\u3068\u3000\u5909\u308f\u3063\u305f\u3000\u30dc\u30fc\u30eb\u3002",
            "version_group": {
                "name": "ultra-sun-ultra-moon",
                "url": "/api/v2/version-group/18/"
            }
        },
        {
            "language": {
                "name": "zh-Hans",
                "url": "/api/v2/language/12/"
            },
            "text": "\u6709\u70b9\u4e0e\u4f17\u4e0d\u540c\u7684\u7403\u3002\n\u80fd\u5f88\u5bb9\u6613\u5730\u5728\u591c\u665a\u6216\u6d1e\u7a9f\u7b49\n\u9634\u6697\u7684\u5730\u65b9\u6355\u6349\u5b9d\u53ef\u68a6\u3002",
            "version_group": {
                "name": "ultra-sun-ultra-moon",
                "url": "/api/v2/version-group/18/"
            }
        },
        {
            "language": {
                "name": "ja-Hrkt",
                "url": "/api/v2/language/1/"
            },
            "text": "\u3088\u308b\u3084\u3000\u3069\u3046\u304f\u3064\u306a\u3069\u3000\u304f\u3089\u3044\u3068\u3053\u308d\u3067\n\u30dd\u30b1\u30e2\u30f3\u304c\u3000\u3064\u304b\u307e\u3048\u3084\u3059\u304f\u306a\u308b\n\u3061\u3087\u3063\u3068\u3000\u304b\u308f\u3063\u305f\u3000\u30dc\u30fc\u30eb\u3002",
            "version_group": {
                "name": "lets-go-pikachu-lets-go-eevee",
                "url": "/api/v2/version-group/19/"
            }
        },
        {
            "language": {
                "name": "ko",
                "url": "/api/v2/language/3/"
            },
            "text": "\ubc24\uc774\ub098 \ub3d9\uad74 \ub4f1 \uc5b4\ub450\uc6b4 \uacf3\uc5d0\uc11c\n\ud3ec\ucf13\ubaac\uc744 \uc7a1\uae30 \uc26c\uc6b4\n\uc870\uae08 \ud2b9\uc774\ud55c \ubcfc.",
            "version_group": {
                "name": "lets-go-pikachu-lets-go-eevee",
                "url": "/api/v2/version-group/19/"
            }
        },
        {
            "language": {
                "name": "zh-Hant",
                "url": "/api/v2/language/4/"
            },
            "text": "\u6709\u9ede\u8207\u773e\u4e0d\u540c\u7684\u7403\u3002\n\u5bb9\u6613\u5728\u591c\u665a\u6216\u6d1e\u7a9f\u7b49\u9670\u6697\u7684\u5730\u65b9\n\u6349\u5230\u5bf6\u53ef\u5922\u3002",
            "version_group": {
                "name": "lets-go-pikachu-lets-go-eevee",
                "url": "/api/v2/version-group/19/"
            }
        },
        {
            "language": {
                "name": "fr",
                "url": "/api/v2/language/5/"
            },
            "text": "Une Pok\u00e9 Ball efficace de nuit ou dans les endroits\nsombres, tels que les grottes.",
            "version_group": {
                "name": "lets-go-pikachu-lets-go-eevee",
                "url": "/api/v2/version-group/19/"
            }
        },
        {
            "language": {
                "name": "de",
                "url": "/api/v2/language/6/"
            },
            "text": "Ein mysteri\u00f6ser Ball, geeignet f\u00fcr Eins\u00e4tze in der\nNacht oder an dunklen Orten.",
            "version_group": {
                "name": "lets-go-pikachu-lets-go-eevee",
                "url": "/api/v2/version-group/19/"
            }
        },
        {
            "language": {
                "name": "es",
                "url": "/api/v2/language/7/"
            },
            "text": "Es algo particular. Hace que sea m\u00e1s f\u00e1cil capturar\na los Pok\u00e9mon salvajes por la noche o en lugares\noscuros.",
            "version_group": {
                "name": "lets-go-pikachu-lets-go-eevee",
                "url": "/api/v2/version-group/19/"
            }
        },
        {
            "language": {
                "name": "it",
                "url": "/api/v2/language/8/"
            },
            "text": "Pok\u00e9 Ball un po\u2019 diversa che rende pi\u00f9 facile\ncatturare Pok\u00e9mon selvatici di notte o in luoghi\nbui come le grotte.",
            "version_group": {
                "name": "lets-go-pikachu-lets-go-eevee",
                "url": "/api/v2/version-group/19/"
            }
        },
        {
            "language": {
                "name": "en",
                "url": "/api/v2/language/9/"
            },
            "text": "A somewhat different Pok\u00e9 Ball that makes it\neasier to catch wild Pok\u00e9mon at night or in dark\nplaces such as caves.",
            "version_group": {
                "name": "lets-go-pikachu-lets-go-eevee",
                "url": "/api/v2/version-group/19/"
            }
        },
        {
            "language": {
                "name": "ja",
                "url": "/api/v2/language/11/"
            },
            "text": "\u591c\u3084\u3000\u3069\u3046\u304f\u3064\u306a\u3069\u3000\u6697\u3044\u3068\u3053\u308d\u3067\n\u30dd\u30b1\u30e2\u30f3\u304c\u3000\u6355\u307e\u3048\u3084\u3059\u304f\u306a\u308b\n\u3061\u3087\u3063\u3068\u3000\u5909\u308f\u3063\u305f\u3000\u30dc\u30fc\u30eb\u3002",
            "version_group": {
                "name": "lets-go-pikachu-lets-go-eevee",
                "url": "/api/v2/version-group/19/"
            }
        },
        {
            "language": {
                "name": "zh-Hans",
                "url": "/api/v2/language/12/"
            },
            "text": "\u6709\u70b9\u4e0e\u4f17\u4e0d\u540c\u7684\u7403\u3002\n\u80fd\u5f88\u5bb9\u6613\u5730\u5728\u591c\u665a\u6216\u6d1e\u7a9f\u7b49\n\u9634\u6697\u7684\u5730\u65b9\u6355\u6349\u5b9d\u53ef\u68a6\u3002",
            "version_group": {
                "name": "lets-go-pikachu-lets-go-eevee",
                "url": "/api/v2/version-group/19/"
            }
        },
        {
            "language": {
                "name": "ja-Hrkt",
                "url": "/api/v2/language/1/"
            },
            "text": "\u3088\u308b\u3084\u3000\u3069\u3046\u304f\u3064\u306a\u3069\u3000\u304f\u3089\u3044\u3068\u3053\u308d\u3067\n\u30dd\u30b1\u30e2\u30f3\u304c\u3000\u3064\u304b\u307e\u3048\u3084\u3059\u304f\u306a\u308b\n\u3061\u3087\u3063\u3068\u3000\u304b\u308f\u3063\u305f\u3000\u30dc\u30fc\u30eb\u3002",
            "version_group": {
                "name": "sword-shield",
                "url": "/api/v2/version-group/20/"
            }
        },
        {
            "language": {
                "name": "ko",
                "url": "/api/v2/language/3/"
            },
            "text": "\ubc24\uc774\ub098 \ub3d9\uad74 \ub4f1 \uc5b4\ub450\uc6b4 \uacf3\uc5d0\uc11c\n\ud3ec\ucf13\ubaac\uc744 \uc7a1\uae30 \uc26c\uc6b4\n\uc870\uae08 \ud2b9\uc774\ud55c \ubcfc.",
            "version_group": {
                "name": "sword-shield",
                "url": "/api/v2/version-group/20/"
            }
        },
        {
            "language": {
                "name": "zh-Hant",
                "url": "/api/v2/language/4/"
            },
            "text": "\u6709\u9ede\u8207\u773e\u4e0d\u540c\u7684\u7403\u3002\n\u5bb9\u6613\u5728\u591c\u665a\u6216\u6d1e\u7a9f\u7b49\u9670\u6697\u7684\u5730\u65b9\n\u6349\u5230\u5bf6\u53ef\u5922\u3002",
            "version_group": {
                "name": "sword-shield",
                "url": "/api/v2/version-group/20/"
            }
        },
        {
            "language": {
                "name": "fr",
                "url": "/api/v2/language/5/"
            },
            "text": "Une Pok\u00e9 Ball efficace de nuit ou dans les endroits\nsombres, tels que les grottes.",
            "version_group": {
                "name": "sword-shield",
                "url": "/api/v2/version-group/20/"
            }
        },
        {
            "language": {
                "name": "de",
                "url": "/api/v2/language/6/"
            },
            "text": "Ein mysteri\u00f6ser Ball, geeignet f\u00fcr Eins\u00e4tze in der Nacht\noder an dunklen Orten.",
            "version_group": {
                "name": "sword-shield",
                "url": "/api/v2/version-group/20/"
            }
        },
        {
            "language": {
                "name": "es",
                "url": "/api/v2/language/7/"
            },
            "text": "Es algo particular. Hace que sea m\u00e1s f\u00e1cil capturar a los\nPok\u00e9mon salvajes por la noche o en lugares oscuros.",
            "version_group": {
                "name": "sword-shield",
                "url": "/api/v2/version-group/20/"
            }
        },
        {
            "language": {
                "name": "it",
                "url": "/api/v2/language/8/"
            },
            "text": "Pok\u00e9 Ball un po\u2019 diversa che rende pi\u00f9 facile\ncatturare Pok\u00e9mon selvatici di notte o in luoghi\nbui come le grotte.",
            "version_group": {
                "name": "sword-shield",
                "url": "/api/v2/version-group/20/"
            }
        },
        {
            "language": {
                "name": "en",
                "url": "/api/v2/language/9/"
            },
            "text": "A somewhat different Pok\u00e9 Ball that makes it\neasier to catch wild Pok\u00e9mon at night or in dark\nplaces such as caves.",
            "version_group": {
                "name": "sword-shield",
                "url": "/api/v2/version-group/20/"
            }
        },
        {
            "language": {
                "name": "ja",
                "url": "/api/v2/language/11/"
            },
            "text": "\u591c\u3084\u3000\u3069\u3046\u304f\u3064\u306a\u3069\u3000\u6697\u3044\u3068\u3053\u308d\u3067\n\u30dd\u30b1\u30e2\u30f3\u304c\u3000\u6355\u307e\u3048\u3084\u3059\u304f\u306a\u308b\n\u3061\u3087\u3063\u3068\u3000\u5909\u308f\u3063\u305f\u3000\u30dc\u30fc\u30eb\u3002",
            "version_group": {
                "name": "sword-shield",
                "url": "/api/v2/version-group/20/"
            }
        },
        {
            "language": {
                "name": "zh-Hans",
                "url": "/api/v2/language/12/"
            },
            "text": "\u6709\u70b9\u4e0e\u4f17\u4e0d\u540c\u7684\u7403\u3002\n\u80fd\u5f88\u5bb9\u6613\u5730\u5728\u591c\u665a\u6216\u6d1e\u7a9f\u7b49\n\u9634\u6697\u7684\u5730\u65b9\u6355\u6349\u5b9d\u53ef\u68a6\u3002",
            "version_group": {
                "name": "sword-shield",
                "url": "/api/v2/version-group/20/"
            }
        }
    ],
    "fling_effect": null,
    "fling_power": null,
    "game_indices": [
        {
            "game_index": 13,
            "generation": {
                "name": "generation-iv",
                "url": "/api/v2/generation/4/"
            }
        },
        {
            "game_index": 13,
            "generation": {
                "name": "generation-v",
                "url": "/api/v2/generation/5/"
            }
        },
        {
            "game_index": 13,
            "generation": {
                "name": "generation-vi",
                "url": "/api/v2/generation/6/"
            }
        },
        {
            "game_index": 13,
            "generation": {
                "name": "generation-vii",
                "url": "/api/v2/generation/7/"
            }
        },
        {
            "game_index": 13,
            "generation": {
                "name": "generation-viii",
                "url": "/api/v2/generation/8/"
            }
        }
    ],
    "held_by_pokemon": [],
    "id": 13,
    "machines": [],
    "name": "dusk-ball",
    "names": [
        {
            "language": {
                "name": "ja-Hrkt",
                "url": "/api/v2/language/1/"
            },
            "name": "\u30c0\u30fc\u30af\u30dc\u30fc\u30eb"
        },
        {
            "language": {
                "name": "ko",
                "url": "/api/v2/language/3/"
            },
            "name": "\ub2e4\ud06c\ubcfc"
        },
        {
            "language": {
                "name": "zh-Hant",
                "url": "/api/v2/language/4/"
            },
            "name": "\u9ed1\u6697\u7403"
        },
        {
            "language": {
                "name": "fr",
                "url": "/api/v2/language/5/"
            },
            "name": "Sombre Ball"
        },
        {
            "language": {
                "name": "de",
                "url": "/api/v2/language/6/"
            },
            "name": "Finsterball"
        },
        {
            "language": {
                "name": "es",
                "url": "/api/v2/language/7/"
            },
            "name": "Ocaso Ball"
        },
        {
            "language": {
                "name": "it",
                "url": "/api/v2/language/8/"
            },
            "name": "Scuro Ball"
        },
        {
            "language": {
                "name": "en",
                "url": "/api/v2/language/9/"
            },
            "name": "Dusk Ball"
        },
        {
            "language": {
                "name": "ja",
                "url": "/api/v2/language/11/"
            },
            "name": "\u30c0\u30fc\u30af\u30dc\u30fc\u30eb"
        },
        {
            "language": {
                "name": "zh-Hans",
                "url": "/api/v2/language/12/"
            },
            "name": "\u9ed1\u6697\u7403"
        }
    ],
    "sprites": {
        "default": "https://raw.githubusercontent.com/PokeAPI/sprites/master/sprites/items/dusk-ball.png"
    }
}