{
    "attributes": [],
    "baby_trigger_for": null,
    "category": {
        "name": "gameplay",
        "url": "/api/v2/item-category/21/"
    },
    "cost": 0,
    "effect_entries": [],
    "flavor_text_entries": [
        {
            "language": {
                "name": "ja-Hrkt",
                "url": "/api/v2/language/1/"
            },
            "text": "\u30dd\u30b1\u30e2\u30f3\u306e\u3000\u30ed\u30c8\u30e0\u304c\n\u30e2\u30fc\u30bf\u30fc\u306b\u3000\u306f\u3044\u3063\u305f\u3053\u3068\u3067\n\u30bf\u30fc\u30dc\u304c\u3000\u3067\u304d\u308b\u3088\u3046\u306b\u306a\u3063\u305f\u3000\u3058\u3066\u3093\u3057\u3083\u3002",
            "version_group": {
                "name": "sword-shield",
                "url": "/api/v2/version-group/20/"
            }
        },
        {
            "language": {
                "name": "ko",
                "url": "/api/v2/language/3/"
            },
            "text": "\ud3ec\ucf13\ubaac \ub85c\ud1a0\ubb34\uac00\n\ubaa8\ud130\uc5d0 \ub4e4\uc5b4\uac00\uc11c\n\ud130\ubcf4\ub97c \uc0ac\uc6a9\ud560 \uc218 \uc788\uac8c \ub41c \uc790\uc804\uac70.",
            "version_group": {
                "name": "sword-shield",
                "url": "/api/v2/version-group/20/"
            }
        },
        {
            "language": {
                "name": "zh-Hant",
                "url": "/api/v2/language/4/"
            },
            "text": "\u7531\u65bc\u5bf6\u53ef\u5922\u6d1b\u6258\u59c6\n\u9032\u5165\u4e86\u9019\u8f1b\u81ea\u884c\u8eca\u7684\u99ac\u9054\u4e2d\uff0c\n\u4f7f\u5f97\u5b83\u8b8a\u5f97\u53ef\u4ee5\u9032\u884c\u6e26\u8f2a\u52a0\u901f\u3002",
            "version_group": {
                "name": "sword-shield",
                "url": "/api/v2/version-group/20/"
            }
        },
        {
            "language": {
                "name": "fr",
                "url": "/api/v2/language/5/"
            },
            "text": "Motisma est entr\u00e9 dans le moteur de cette bicyclette\n\u00e0 assistance \u00e9lectrique et permet d\u00e9sormais de mettre\nle turbo.",
            "version_group": {
                "name": "sword-shield",
                "url": "/api/v2/version-group/20/"
            }
        },
        {
            "language": {
                "name": "de",
                "url": "/api/v2/language/6/"
            },
            "text": "Ein Fahrrad mit einem Motor, in dem sich ein Rotom\nbefindet. Dank des Rotom-Turbos erreicht das Rad\nabsolute Spitzengeschwindigkeiten.",
            "version_group": {
                "name": "sword-shield",
                "url": "/api/v2/version-group/20/"
            }
        },
        {
            "language": {
                "name": "es",
                "url": "/api/v2/language/7/"
            },
            "text": "Una bicicleta en la que puede activarse el turbo, al\nllevar al Pok\u00e9mon Rotom incorporado en el motor.",
            "version_group": {
                "name": "sword-shield",
                "url": "/api/v2/version-group/20/"
            }
        },
        {
            "language": {
                "name": "it",
                "url": "/api/v2/language/8/"
            },
            "text": "Una bicicletta che permette di mettere il turbo\ngrazie al Rotom che \u00e8 entrato nel suo motore.",
            "version_group": {
                "name": "sword-shield",
                "url": "/api/v2/version-group/20/"
            }
        },
        {
            "language": {
                "name": "en",
                "url": "/api/v2/language/9/"
            },
            "text": "This bike can be combined with the Pok\u00e9mon Rotom to\nuse a turbo boost.",
            "version_group": {
                "name": "sword-shield",
                "url": "/api/v2/version-group/20/"
            }
        },
        {
            "language": {
                "name": "ja",
                "url": "/api/v2/language/11/"
            },
            "text": "\u30dd\u30b1\u30e2\u30f3\u306e\u3000\u30ed\u30c8\u30e0\u304c\n\u30e2\u30fc\u30bf\u30fc\u306b\u3000\u5165\u3063\u305f\u3053\u3068\u3067\n\u30bf\u30fc\u30dc\u304c\u3000\u3067\u304d\u308b\u3088\u3046\u306b\u306a\u3063\u305f\u3000\u3058\u3066\u3093\u3057\u3083\u3002",
            "version_group": {
                "name": "sword-shield",
                "url": "/api/v2/version-group/20/"
            }
        },
        {
            "language": {
                "name": "zh-Hans",
                "url": "/api/v2/language/12/"
            },
            "text": "\u5b9d\u53ef\u68a6\u6d1b\u6258\u59c6\u6f5c\u5165\u9a6c\u8fbe\u540e\uff0c\n\u8fd9\u8f86\u81ea\u884c\u8f66\u53d8\u5f97\u53ef\u4ee5\n\u901a\u8fc7\u6da1\u8f6e\u53d1\u52a8\u673a\u52a0\u901f\u4e86\u3002",
            "version_group": {
                "name": "sword-shield",
                "url": "/api/v2/version-group/20/"
            }
        }
    ],
    "fling_effect": null,
    "fling_power": null,
    "game_indices": [
        {
            "game_index": 1081,
            "generation": {
                "name": "generation-viii",
                "url": "/api/v2/generation/8/"
            }
        }
    ],
    "held_by_pokemon": [],
    "id": 1143,
    "machines": [],
    "name": "rotom-bike",
    "names": [
        {
            "language": {
                "name": "ja-Hrkt",
                "url": "/api/v2/language/1/"
            },
            "name": "\u30ed\u30c8\u30e0\u3058\u3066\u3093\u3057\u3083"
        },
        {
            "language": {
                "name": "ko",
                "url": "/api/v2/language/3/"
            },
            "name": "\ub85c\ud1a0\ubb34\uc790\uc804\uac70"
        },
        {
            "language": {
                "name": "zh-Hant",
                "url": "/api/v2/language/4/"
            },
            "name": "\u6d1b\u6258\u59c6\u81ea\u884c\u8eca"
        },
        {
            "language": {
                "name": "fr",
                "url": "/api/v2/language/5/"
            },
            "name": "Moticyclette"
        },
        {
            "language": {
                "name": "de",
                "url": "/api/v2/language/6/"
            },
            "name": "Rotom-Rad"
        },
        {
            "language": {
                "name": "es",
                "url": "/api/v2/language/7/"
            },
            "name": "Bici Rotom"
        },
        {
            "language": {
                "name": "it",
                "url": "/api/v2/language/8/"
            },
            "name": "Bici Rotom"
        },
        {
            "language": {
                "name": "en",
                "url": "/api/v2/language/9/"
            },
            "name": "Rotom Bike"
        },
        {
            "language": {
                "name": "ja",
                "url": "/api/v2/language/11/"
            },
            "name": "\u30ed\u30c8\u30e0\u3058\u3066\u3093\u3057\u3083"
        },
        {
            "language": {
                "name": "zh-Hans",
                "url": "/api/v2/language/12/"
            },
            "name": "\u6d1b\u6258\u59c6\u81ea\u884c\u8f66"
        }
    ],
    "sprites": {
        "default": null
    }
}