{
    "attributes": [],
    "baby_trigger_for": null,
    "category": {
        "name": "all-machines",
        "url": "/api/v2/item-category/37/"
    },
    "cost": 6000,
    "effect_entries": [],
    "flavor_text_entries": [
        {
            "language": {
                "name": "ja-Hrkt",
                "url": "/api/v2/language/1/"
            },
            "text": "\uff13\u30bf\u30fc\u30f3\u306e\u3000\u3042\u3044\u3060\n\u3055\u308f\u3044\u3067\u3000\u3042\u3044\u3066\u3092\u3000\u3053\u3046\u3052\u304d\u3059\u308b\u3002\n\u305d\u306e\u3042\u3044\u3060\u306f\u3000\u3060\u308c\u3082\u3000\u306d\u3080\u308c\u306a\u304f\u3000\u306a\u308b\u3002",
            "version_group": {
                "name": "sword-shield",
                "url": "/api/v2/version-group/20/"
            }
        },
        {
            "language": {
                "name": "ko",
                "url": "/api/v2/language/3/"
            },
            "text": "3\ud134 \ub3d9\uc548\n\uc18c\ub780 \ud53c\uc6cc \uacf5\uaca9\ud55c\ub2e4.\n\uadf8\ub3d9\uc548\uc740 \uc544\ubb34\ub3c4 \uc7a0\ub4e4\uc9c0 \uc54a\uac8c \ub41c\ub2e4.",
            "version_group": {
                "name": "sword-shield",
                "url": "/api/v2/version-group/20/"
            }
        },
        {
            "language": {
                "name": "zh-Hant",
                "url": "/api/v2/language/4/"
            },
            "text": "\u5728\uff13\u56de\u5408\u5167\n\u5927\u5435\u5927\u9b27\u653b\u64ca\u5c0d\u624b\u3002\n\u5728\u6b64\u671f\u9593\u8ab0\u90fd\u7121\u6cd5\u5165\u7720\u3002",
            "version_group": {
                "name": "sword-shield",
                "url": "/api/v2/version-group/20/"
            }
        },
        {
            "language": {
                "name": "fr",
                "url": "/api/v2/language/5/"
            },
            "text": "Le lanceur attaque en rugissant durant trois tours.\nPendant ce temps, aucun Pok\u00e9mon ne peut s\u2019endormir.",
            "version_group": {
                "name": "sword-shield",
                "url": "/api/v2/version-group/20/"
            }
        },
        {
            "language": {
                "name": "de",
                "url": "/api/v2/language/6/"
            },
            "text": "Anwender greift an, indem er \u00fcber drei Runden hinweg\neinen Aufruhr erzeugt. Verhindert Schlaf.",
            "version_group": {
                "name": "sword-shield",
                "url": "/api/v2/version-group/20/"
            }
        },
        {
            "language": {
                "name": "es",
                "url": "/api/v2/language/7/"
            },
            "text": "Ataca de forma alborotada durante tres turnos. \nMantiene despiertos a todos.",
            "version_group": {
                "name": "sword-shield",
                "url": "/api/v2/version-group/20/"
            }
        },
        {
            "language": {
                "name": "it",
                "url": "/api/v2/language/8/"
            },
            "text": "Chi la usa attacca per tre turni con un frastuono\nche non fa dormire nessuno.",
            "version_group": {
                "name": "sword-shield",
                "url": "/api/v2/version-group/20/"
            }
        },
        {
            "language": {
                "name": "en",
                "url": "/api/v2/language/9/"
            },
            "text": "The user attacks in an uproar for three turns.\nDuring that time, no Pok\u00e9mon can fall asleep.",
            "version_group": {
                "name": "sword-shield",
                "url": "/api/v2/version-group/20/"
            }
        },
        {
            "language": {
                "name": "ja",
                "url": "/api/v2/language/11/"
            },
            "text": "\uff13\u30bf\u30fc\u30f3\u306e\u3000\u9593\n\u9a12\u3044\u3067\u3000\u76f8\u624b\u3092\u3000\u653b\u6483\u3059\u308b\u3002\n\u305d\u306e\u3042\u3044\u3060\u306f\u3000\u3060\u308c\u3082\u3000\u7720\u308c\u306a\u304f\u306a\u308b\u3002",
            "version_group": {
                "name": "sword-shield",
                "url": "/api/v2/version-group/20/"
            }
        },
        {
            "language": {
                "name": "zh-Hans",
                "url": "/api/v2/language/12/"
            },
            "text": "\u5728\uff13\u56de\u5408\u5185\n\u7528\u9a9a\u4e71\u653b\u51fb\u5bf9\u624b\u3002\n\u5728\u6b64\u671f\u95f4\u8c01\u90fd\u4e0d\u80fd\u5165\u7720\u3002",
            "version_group": {
                "name": "sword-shield",
                "url": "/api/v2/version-group/20/"
            }
        }
    ],
    "fling_effect": null,
    "fling_power": 90,
    "game_indices": [
        {
            "game_index": 1165,
            "generation": {
                "name": "generation-viii",
                "url": "/api/v2/generation/8/"
            }
        }
    ],
    "held_by_pokemon": [],
    "id": 1223,
    "machines": [
        {
            "machine": {
                "url": "/api/v2/machine/1624/"
            },
            "version_group": {
                "name": "sword-shield",
                "url": "/api/v2/version-group/20/"
            }
        }
    ],
    "name": "tr35",
    "names": [
        {
            "language": {
                "name": "ja-Hrkt",
                "url": "/api/v2/language/1/"
            },
            "name": "\u308f\u3056\u30ec\u30b3\u30fc\u30c9\uff13\uff15"
        },
        {
            "language": {
                "name": "ko",
                "url": "/api/v2/language/3/"
            },
            "name": "\uae30\uc220\ub808\ucf54\ub4dc35"
        },
        {
            "language": {
                "name": "zh-Hant",
                "url": "/api/v2/language/4/"
            },
            "name": "\u62db\u5f0f\u7d00\u9304\uff13\uff15"
        },
        {
            "language": {
                "name": "fr",
                "url": "/api/v2/language/5/"
            },
            "name": "DT35"
        },
        {
            "language": {
                "name": "de",
                "url": "/api/v2/language/6/"
            },
            "name": "TP35"
        },
        {
            "language": {
                "name": "es",
                "url": "/api/v2/language/7/"
            },
            "name": "DT35"
        },
        {
            "language": {
                "name": "it",
                "url": "/api/v2/language/8/"
            },
            "name": "DT35"
        },
        {
            "language": {
                "name": "en",
                "url": "/api/v2/language/9/"
            },
            "name": "TR35"
        },
        {
            "language": {
                "name": "ja",
                "url": "/api/v2/language/11/"
            },
            "name": "\u308f\u3056\u30ec\u30b3\u30fc\u30c9\uff13\uff15"
        },
        {
            "language": {
                "name": "zh-Hans",
                "url": "/api/v2/language/12/"
            },
            "name": "\u62db\u5f0f\u8bb0\u5f55\uff13\uff15"
        }
    ],
    "sprites": {
        "default": null
    }
}