{
    "attributes": [],
    "baby_trigger_for": null,
    "category": {
        "name": "all-machines",
        "url": "/api/v2/item-category/37/"
    },
    "cost": 6000,
    "effect_entries": [],
    "flavor_text_entries": [
        {
            "language": {
                "name": "ja-Hrkt",
                "url": "/api/v2/language/1/"
            },
            "text": "\u3042\u3044\u3066\u306e\u3000\u307e\u308f\u308a\u306b\u3000\u3080\u3059\u3046\u306e\u3000\u3044\u308f\u3092\n\u3046\u304b\u3079\u3066\u3000\u3053\u3046\u305f\u3044\u3067\u3000\u3067\u3066\u304d\u305f\u3000\u3042\u3044\u3066\u306e\n\u30dd\u30b1\u30e2\u30f3\u306b\u3000\u30c0\u30e1\u30fc\u30b8\u3092\u3000\u3042\u305f\u3048\u308b\u3002",
            "version_group": {
                "name": "sword-shield",
                "url": "/api/v2/version-group/20/"
            }
        },
        {
            "language": {
                "name": "ko",
                "url": "/api/v2/language/3/"
            },
            "text": "\uc0c1\ub300\uc758 \uc8fc\uc704\uc5d0 \ubb34\uc218\ud55c \ubc14\uc704\ub97c\n\ub744\uc6cc \uad50\uccb4\ud574\uc11c \ub098\uc628 \uc0c1\ub300\n\ud3ec\ucf13\ubaac\uc5d0\uac8c \ub370\ubbf8\uc9c0\ub97c \uc900\ub2e4.",
            "version_group": {
                "name": "sword-shield",
                "url": "/api/v2/version-group/20/"
            }
        },
        {
            "language": {
                "name": "zh-Hant",
                "url": "/api/v2/language/4/"
            },
            "text": "\u5728\u5c0d\u624b\u5468\u570d\u6492\u4e0b\u7121\u6578\u98c4\u6d6e\u7684\u5ca9\u77f3\uff0c\n\u8b93\u5c0d\u624b\u66ff\u63db\u51fa\u5834\u7684\u5bf6\u53ef\u5922\u53d7\u5230\u50b7\u5bb3\u3002",
            "version_group": {
                "name": "sword-shield",
                "url": "/api/v2/version-group/20/"
            }
        },
        {
            "language": {
                "name": "fr",
                "url": "/api/v2/language/5/"
            },
            "text": "Lance des pierres flottantes autour de l\u2019ennemi,\nqui blessent tout adversaire entrant au combat.",
            "version_group": {
                "name": "sword-shield",
                "url": "/api/v2/version-group/20/"
            }
        },
        {
            "language": {
                "name": "de",
                "url": "/api/v2/language/6/"
            },
            "text": "Der Anwender legt eine Falle aus schwebenden Steinen\naus, die gegnerische Pok\u00e9mon verletzen, die in den\nKampf gerufen werden.",
            "version_group": {
                "name": "sword-shield",
                "url": "/api/v2/version-group/20/"
            }
        },
        {
            "language": {
                "name": "es",
                "url": "/api/v2/language/7/"
            },
            "text": "Una trampa de rocas que flota en el aire y da\u00f1a a los\nobjetivos que entran en combate.",
            "version_group": {
                "name": "sword-shield",
                "url": "/api/v2/version-group/20/"
            }
        },
        {
            "language": {
                "name": "it",
                "url": "/api/v2/language/8/"
            },
            "text": "Chi la usa piazza una trappola di rocce sospese\nche danneggia i nemici che entrano in campo.",
            "version_group": {
                "name": "sword-shield",
                "url": "/api/v2/version-group/20/"
            }
        },
        {
            "language": {
                "name": "en",
                "url": "/api/v2/language/9/"
            },
            "text": "The user lays a trap of levitating stones around the\nopposing team. The trap hurts opposing Pok\u00e9mon\nthat switch into battle.",
            "version_group": {
                "name": "sword-shield",
                "url": "/api/v2/version-group/20/"
            }
        },
        {
            "language": {
                "name": "ja",
                "url": "/api/v2/language/11/"
            },
            "text": "\u76f8\u624b\u306e\u3000\u5468\u308a\u306b\u3000\u7121\u6570\u306e\u3000\u5ca9\u3092\n\u6d6e\u304b\u3079\u3066\u3000\u4ea4\u4ee3\u3067\u3000\u3067\u3066\u304d\u305f\u3000\u76f8\u624b\u306e\n\u30dd\u30b1\u30e2\u30f3\u306b\u3000\u30c0\u30e1\u30fc\u30b8\u3092\u3000\u4e0e\u3048\u308b\u3002",
            "version_group": {
                "name": "sword-shield",
                "url": "/api/v2/version-group/20/"
            }
        },
        {
            "language": {
                "name": "zh-Hans",
                "url": "/api/v2/language/12/"
            },
            "text": "\u5c06\u65e0\u6570\u5ca9\u77f3\u60ac\u6d6e\u5728\u5bf9\u624b\u7684\u5468\u56f4\uff0c\n\u4ece\u800c\u5bf9\u66ff\u6362\u51fa\u573a\u7684\n\u5bf9\u624b\u7684\u5b9d\u53ef\u68a6\u7ed9\u4e88\u4f24\u5bb3\u3002",
            "version_group": {
                "name": "sword-shield",
                "url": "/api/v2/version-group/20/"
            }
        }
    ],
    "fling_effect": null,
    "fling_power": 10,
    "game_indices": [
        {
            "game_index": 1206,
            "generation": {
                "name": "generation-viii",
                "url": "/api/v2/generation/8/"
            }
        }
    ],
    "held_by_pokemon": [],
    "id": 1264,
    "machines": [
        {
            "machine": {
                "url": "/api/v2/machine/1665/"
            },
            "version_group": {
                "name": "sword-shield",
                "url": "/api/v2/version-group/20/"
            }
        }
    ],
    "name": "tr76",
    "names": [
        {
            "language": {
                "name": "ja-Hrkt",
                "url": "/api/v2/language/1/"
            },
            "name": "\u308f\u3056\u30ec\u30b3\u30fc\u30c9\uff17\uff16"
        },
        {
            "language": {
                "name": "ko",
                "url": "/api/v2/language/3/"
            },
            "name": "\uae30\uc220\ub808\ucf54\ub4dc76"
        },
        {
            "language": {
                "name": "zh-Hant",
                "url": "/api/v2/language/4/"
            },
            "name": "\u62db\u5f0f\u7d00\u9304\uff17\uff16"
        },
        {
            "language": {
                "name": "fr",
                "url": "/api/v2/language/5/"
            },
            "name": "DT76"
        },
        {
            "language": {
                "name": "de",
                "url": "/api/v2/language/6/"
            },
            "name": "TP76"
        },
        {
            "language": {
                "name": "es",
                "url": "/api/v2/language/7/"
            },
            "name": "DT76"
        },
        {
            "language": {
                "name": "it",
                "url": "/api/v2/language/8/"
            },
            "name": "DT76"
        },
        {
            "language": {
                "name": "en",
                "url": "/api/v2/language/9/"
            },
            "name": "TR76"
        },
        {
            "language": {
                "name": "ja",
                "url": "/api/v2/language/11/"
            },
            "name": "\u308f\u3056\u30ec\u30b3\u30fc\u30c9\uff17\uff16"
        },
        {
            "language": {
                "name": "zh-Hans",
                "url": "/api/v2/language/12/"
            },
            "name": "\u62db\u5f0f\u8bb0\u5f55\uff17\uff16"
        }
    ],
    "sprites": {
        "default": null
    }
}