{
    "attributes": [
        {
            "name": "holdable-active",
            "url": "/api/v2/item-attribute/7/"
        }
    ],
    "baby_trigger_for": null,
    "category": {
        "name": "picky-healing",
        "url": "/api/v2/item-category/6/"
    },
    "cost": 80,
    "effect_entries": [
        {
            "effect": "Held in battle\n:   When the holder has 1/2 its max HP remaining or less, it consumes this item to restore 1/8 its max HP.  If the holder dislikes sweet flavors (i.e., has a nature that lowers Speed), it will also become confused.",
            "language": {
                "name": "en",
                "url": "/api/v2/language/9/"
            },
            "short_effect": "Held: Consumed at 1/2 max HP to restore 1/8 max HP. Confuses Pok\u00e9mon that dislike sweet flavor."
        }
    ],
    "flavor_text_entries": [
        {
            "language": {
                "name": "en",
                "url": "/api/v2/language/9/"
            },
            "text": "A hold item that\nrestores HP but\nmay confuse.",
            "version_group": {
                "name": "ruby-sapphire",
                "url": "/api/v2/version-group/5/"
            }
        },
        {
            "language": {
                "name": "en",
                "url": "/api/v2/language/9/"
            },
            "text": "A hold item that\nrestores HP but\nmay confuse.",
            "version_group": {
                "name": "emerald",
                "url": "/api/v2/version-group/6/"
            }
        },
        {
            "language": {
                "name": "en",
                "url": "/api/v2/language/9/"
            },
            "text": "A hold item that restores HP but\nmay cause confusion when used.",
            "version_group": {
                "name": "firered-leafgreen",
                "url": "/api/v2/version-group/7/"
            }
        },
        {
            "language": {
                "name": "en",
                "url": "/api/v2/language/9/"
            },
            "text": "A Poffin ingredient. If held by a\nPok\u00e9mon, it restores the user\u2019s HP in\na pinch, but may also cause confusion.",
            "version_group": {
                "name": "diamond-pearl",
                "url": "/api/v2/version-group/8/"
            }
        },
        {
            "language": {
                "name": "en",
                "url": "/api/v2/language/9/"
            },
            "text": "A Poffin ingredient. If held by a\nPok\u00e9mon, it restores the user\u2019s HP in\na pinch, but may also cause confusion.",
            "version_group": {
                "name": "platinum",
                "url": "/api/v2/version-group/9/"
            }
        },
        {
            "language": {
                "name": "en",
                "url": "/api/v2/language/9/"
            },
            "text": "If held by a Pok\u00e9mon, it restores the\nuser\u2019s HP in a pinch, but will cause\nconfusion if it hates sweet food.",
            "version_group": {
                "name": "heartgold-soulsilver",
                "url": "/api/v2/version-group/10/"
            }
        },
        {
            "language": {
                "name": "fr",
                "url": "/api/v2/language/5/"
            },
            "text": "Tenue, cette Baie restaure des PV en\ncas de besoin, mais rend confus si\nle Pok\u00e9mon n\u2019aime pas son go\u00fbt.",
            "version_group": {
                "name": "black-white",
                "url": "/api/v2/version-group/11/"
            }
        },
        {
            "language": {
                "name": "en",
                "url": "/api/v2/language/9/"
            },
            "text": "If held by a Pok\u00e9mon, it restores the\nuser\u2019s HP in a pinch, but will cause\nconfusion if it hates the taste.",
            "version_group": {
                "name": "black-white",
                "url": "/api/v2/version-group/11/"
            }
        },
        {
            "language": {
                "name": "en",
                "url": "/api/v2/language/9/"
            },
            "text": "If held by a Pok\u00e9mon, it restores the\nuser\u2019s HP in a pinch, but will cause\nconfusion if it hates the taste.",
            "version_group": {
                "name": "black-2-white-2",
                "url": "/api/v2/version-group/14/"
            }
        },
        {
            "language": {
                "name": "ja-Hrkt",
                "url": "/api/v2/language/1/"
            },
            "text": "\u30dd\u30b1\u30e2\u30f3\u306b\u3000\u3082\u305f\u305b\u308b\u3068\n\u30d4\u30f3\u30c1\u306e\u3068\u304d\u3000\uff28\uff30\u3092\u3000\u304b\u3044\u3075\u304f\u3059\u308b\u3002\n\u304d\u3089\u3044\u306a\u3000\u3042\u3058\u3060\u3068\u3000\u3053\u3093\u3089\u3093\u3000\u3059\u308b\u3002",
            "version_group": {
                "name": "x-y",
                "url": "/api/v2/version-group/15/"
            }
        },
        {
            "language": {
                "name": "ko",
                "url": "/api/v2/language/3/"
            },
            "text": "\ud3ec\ucf13\ubaac\uc5d0\uac8c \uc9c0\ub2c8\uac8c \ud558\uba74\n\uc704\uae09\ud560 \ub54c HP\ub97c \ud68c\ubcf5\ud55c\ub2e4.\n\uc2eb\uc5b4\ud558\ub294 \ub9db\uc774\uba74 \ud63c\ub780\uc5d0 \ube60\uc9c4\ub2e4.",
            "version_group": {
                "name": "x-y",
                "url": "/api/v2/version-group/15/"
            }
        },
        {
            "language": {
                "name": "fr",
                "url": "/api/v2/language/5/"
            },
            "text": "Tenue, cette Baie restaure des PV en cas\nde besoin, mais rend le Pok\u00e9mon confus si\nson go\u00fbt lui d\u00e9pla\u00eet.",
            "version_group": {
                "name": "x-y",
                "url": "/api/v2/version-group/15/"
            }
        },
        {
            "language": {
                "name": "de",
                "url": "/api/v2/language/6/"
            },
            "text": "Als getragenes Item f\u00fcllt die Beere die KP eines\nPok\u00e9mon auf, doch ihr Aroma verwirrt jene,\ndie es nicht m\u00f6gen.",
            "version_group": {
                "name": "x-y",
                "url": "/api/v2/version-group/15/"
            }
        },
        {
            "language": {
                "name": "es",
                "url": "/api/v2/language/7/"
            },
            "text": "Una baya muy rara en la regi\u00f3n de Teselia.",
            "version_group": {
                "name": "x-y",
                "url": "/api/v2/version-group/15/"
            }
        },
        {
            "language": {
                "name": "it",
                "url": "/api/v2/language/8/"
            },
            "text": "Se un Pok\u00e9mon in difficolt\u00e0 ha questa bacca,\nrecupera dei PS. Se al Pok\u00e9mon non piace\nil suo sapore, pu\u00f2 causare confusione.",
            "version_group": {
                "name": "x-y",
                "url": "/api/v2/version-group/15/"
            }
        },
        {
            "language": {
                "name": "en",
                "url": "/api/v2/language/9/"
            },
            "text": "If held by a Pok\u00e9mon, it restores the\nuser\u2019s HP in a pinch, but it will cause\nconfusion if the user hates the taste.",
            "version_group": {
                "name": "x-y",
                "url": "/api/v2/version-group/15/"
            }
        },
        {
            "language": {
                "name": "ja",
                "url": "/api/v2/language/11/"
            },
            "text": "\u30dd\u30b1\u30e2\u30f3\u306b\u3000\u6301\u305f\u305b\u308b\u3068\n\u30d4\u30f3\u30c1\u306e\u3068\u304d\u3000\uff28\uff30\u3092\u3000\u56de\u5fa9\u3059\u308b\u3002\n\u304d\u3089\u3044\u306a\u5473\u3060\u3068\u3000\u6df7\u4e71\u3059\u308b\u3002",
            "version_group": {
                "name": "x-y",
                "url": "/api/v2/version-group/15/"
            }
        },
        {
            "language": {
                "name": "ja-Hrkt",
                "url": "/api/v2/language/1/"
            },
            "text": "\u30dd\u30b1\u30e2\u30f3\u306b\u3000\u3082\u305f\u305b\u308b\u3068\n\u30d4\u30f3\u30c1\u306e\u3068\u304d\u3000\uff28\uff30\u3092\u3000\u304b\u3044\u3075\u304f\u3059\u308b\u3002\n\u304d\u3089\u3044\u306a\u3000\u3042\u3058\u3060\u3068\u3000\u3053\u3093\u3089\u3093\u3000\u3059\u308b\u3002",
            "version_group": {
                "name": "sun-moon",
                "url": "/api/v2/version-group/17/"
            }
        },
        {
            "language": {
                "name": "ko",
                "url": "/api/v2/language/3/"
            },
            "text": "\ud3ec\ucf13\ubaac\uc5d0\uac8c \uc9c0\ub2c8\uac8c \ud558\uba74\n\uc704\uae09\ud560 \ub54c HP\ub97c \ud68c\ubcf5\ud55c\ub2e4.\n\uc2eb\uc5b4\ud558\ub294 \ub9db\uc774\uba74 \ud63c\ub780\uc5d0 \ube60\uc9c4\ub2e4.",
            "version_group": {
                "name": "sun-moon",
                "url": "/api/v2/version-group/17/"
            }
        },
        {
            "language": {
                "name": "zh-Hant",
                "url": "/api/v2/language/4/"
            },
            "text": "\u8b93\u5bf6\u53ef\u5922\u651c\u5e36\u5f8c\uff0c\n\u5371\u6a5f\u6642\u53ef\u4ee5\u56de\u5fa9\uff28\uff30\u3002\n\u5982\u679c\u8a0e\u53ad\u9019\u5473\u9053\u5c31\u6703\u6df7\u4e82\u3002",
            "version_group": {
                "name": "sun-moon",
                "url": "/api/v2/version-group/17/"
            }
        },
        {
            "language": {
                "name": "fr",
                "url": "/api/v2/language/5/"
            },
            "text": "Tenue, cette Baie restaure des PV en cas\nde besoin, mais rend le Pok\u00e9mon confus si\nson go\u00fbt lui d\u00e9pla\u00eet.",
            "version_group": {
                "name": "sun-moon",
                "url": "/api/v2/version-group/17/"
            }
        },
        {
            "language": {
                "name": "de",
                "url": "/api/v2/language/6/"
            },
            "text": "Als getragenes Item f\u00fcllt die Beere im Notfall die KP\neines Pok\u00e9mon auf, doch ihr Aroma verwirrt jene,\ndie es nicht m\u00f6gen.",
            "version_group": {
                "name": "sun-moon",
                "url": "/api/v2/version-group/17/"
            }
        },
        {
            "language": {
                "name": "es",
                "url": "/api/v2/language/7/"
            },
            "text": "Los Pok\u00e9mon pueden llevarla o usarla para\nrestaurar algunos PS. Su sabor puede causar\nconfusi\u00f3n.",
            "version_group": {
                "name": "sun-moon",
                "url": "/api/v2/version-group/17/"
            }
        },
        {
            "language": {
                "name": "it",
                "url": "/api/v2/language/8/"
            },
            "text": "Se un Pok\u00e9mon in difficolt\u00e0 ha questa bacca,\nrecupera dei PS. Se al Pok\u00e9mon non piace\nil suo sapore, pu\u00f2 causare confusione.",
            "version_group": {
                "name": "sun-moon",
                "url": "/api/v2/version-group/17/"
            }
        },
        {
            "language": {
                "name": "en",
                "url": "/api/v2/language/9/"
            },
            "text": "If held by a Pok\u00e9mon, it restores the user\u2019s HP in a\npinch, but it will cause confusion if the user hates\nthe taste.",
            "version_group": {
                "name": "sun-moon",
                "url": "/api/v2/version-group/17/"
            }
        },
        {
            "language": {
                "name": "ja",
                "url": "/api/v2/language/11/"
            },
            "text": "\u30dd\u30b1\u30e2\u30f3\u306b\u3000\u6301\u305f\u305b\u308b\u3068\n\u30d4\u30f3\u30c1\u306e\u3068\u304d\u3000\uff28\uff30\u3092\u3000\u56de\u5fa9\u3059\u308b\u3002\n\u304d\u3089\u3044\u306a\u5473\u3060\u3068\u3000\u6df7\u4e71\u3059\u308b\u3002",
            "version_group": {
                "name": "sun-moon",
                "url": "/api/v2/version-group/17/"
            }
        },
        {
            "language": {
                "name": "zh-Hans",
                "url": "/api/v2/language/12/"
            },
            "text": "\u8ba9\u5b9d\u53ef\u68a6\u643a\u5e26\u540e\uff0c\n\u5371\u673a\u65f6\u53ef\u4ee5\u56de\u590d\uff28\uff30\u3002\n\u5982\u679c\u8ba8\u538c\u8fd9\u5473\u9053\u5c31\u4f1a\u6df7\u4e71\u3002",
            "version_group": {
                "name": "sun-moon",
                "url": "/api/v2/version-group/17/"
            }
        },
        {
            "language": {
                "name": "ja-Hrkt",
                "url": "/api/v2/language/1/"
            },
            "text": "\u30dd\u30b1\u30e2\u30f3\u306b\u3000\u3082\u305f\u305b\u308b\u3068\n\u30d4\u30f3\u30c1\u306e\u3068\u304d\u3000\uff28\uff30\u3092\u3000\u304b\u3044\u3075\u304f\u3059\u308b\u3002\n\u304d\u3089\u3044\u306a\u3000\u3042\u3058\u3060\u3068\u3000\u3053\u3093\u3089\u3093\u3000\u3059\u308b\u3002",
            "version_group": {
                "name": "ultra-sun-ultra-moon",
                "url": "/api/v2/version-group/18/"
            }
        },
        {
            "language": {
                "name": "ko",
                "url": "/api/v2/language/3/"
            },
            "text": "\ud3ec\ucf13\ubaac\uc5d0\uac8c \uc9c0\ub2c8\uac8c \ud558\uba74\n\uc704\uae09\ud560 \ub54c HP\ub97c \ud68c\ubcf5\ud55c\ub2e4.\n\uc2eb\uc5b4\ud558\ub294 \ub9db\uc774\uba74 \ud63c\ub780\uc5d0 \ube60\uc9c4\ub2e4.",
            "version_group": {
                "name": "ultra-sun-ultra-moon",
                "url": "/api/v2/version-group/18/"
            }
        },
        {
            "language": {
                "name": "zh-Hant",
                "url": "/api/v2/language/4/"
            },
            "text": "\u8b93\u5bf6\u53ef\u5922\u651c\u5e36\u5f8c\uff0c\n\u5371\u6a5f\u6642\u53ef\u4ee5\u56de\u5fa9\uff28\uff30\u3002\n\u5982\u679c\u8a0e\u53ad\u9019\u5473\u9053\u5c31\u6703\u6df7\u4e82\u3002",
            "version_group": {
                "name": "ultra-sun-ultra-moon",
                "url": "/api/v2/version-group/18/"
            }
        },
        {
            "language": {
                "name": "fr",
                "url": "/api/v2/language/5/"
            },
            "text": "Tenue, cette Baie restaure des PV en cas\nde besoin, mais rend le Pok\u00e9mon confus si\nson go\u00fbt lui d\u00e9pla\u00eet.",
            "version_group": {
                "name": "ultra-sun-ultra-moon",
                "url": "/api/v2/version-group/18/"
            }
        },
        {
            "language": {
                "name": "de",
                "url": "/api/v2/language/6/"
            },
            "text": "Als getragenes Item f\u00fcllt die Beere im Notfall die KP\neines Pok\u00e9mon auf, doch ihr Aroma verwirrt jene,\ndie es nicht m\u00f6gen.",
            "version_group": {
                "name": "ultra-sun-ultra-moon",
                "url": "/api/v2/version-group/18/"
            }
        },
        {
            "language": {
                "name": "es",
                "url": "/api/v2/language/7/"
            },
            "text": "Los Pok\u00e9mon pueden llevarla o usarla para\nrestaurar algunos PS. Su sabor puede causar\nconfusi\u00f3n.",
            "version_group": {
                "name": "ultra-sun-ultra-moon",
                "url": "/api/v2/version-group/18/"
            }
        },
        {
            "language": {
                "name": "it",
                "url": "/api/v2/language/8/"
            },
            "text": "Se un Pok\u00e9mon in difficolt\u00e0 ha questa bacca,\nrecupera dei PS. Se al Pok\u00e9mon non piace\nil suo sapore, pu\u00f2 causare confusione.",
            "version_group": {
                "name": "ultra-sun-ultra-moon",
                "url": "/api/v2/version-group/18/"
            }
        },
        {
            "language": {
                "name": "en",
                "url": "/api/v2/language/9/"
            },
            "text": "If held by a Pok\u00e9mon, it restores the user\u2019s HP in a\npinch, but it will cause confusion if the user hates\nthe taste.",
            "version_group": {
                "name": "ultra-sun-ultra-moon",
                "url": "/api/v2/version-group/18/"
            }
        },
        {
            "language": {
                "name": "ja",
                "url": "/api/v2/language/11/"
            },
            "text": "\u30dd\u30b1\u30e2\u30f3\u306b\u3000\u6301\u305f\u305b\u308b\u3068\n\u30d4\u30f3\u30c1\u306e\u3068\u304d\u3000\uff28\uff30\u3092\u3000\u56de\u5fa9\u3059\u308b\u3002\n\u304d\u3089\u3044\u306a\u5473\u3060\u3068\u3000\u6df7\u4e71\u3059\u308b\u3002",
            "version_group": {
                "name": "ultra-sun-ultra-moon",
                "url": "/api/v2/version-group/18/"
            }
        },
        {
            "language": {
                "name": "zh-Hans",
                "url": "/api/v2/language/12/"
            },
            "text": "\u8ba9\u5b9d\u53ef\u68a6\u643a\u5e26\u540e\uff0c\n\u5371\u673a\u65f6\u53ef\u4ee5\u56de\u590d\uff28\uff30\u3002\n\u5982\u679c\u8ba8\u538c\u8fd9\u5473\u9053\u5c31\u4f1a\u6df7\u4e71\u3002",
            "version_group": {
                "name": "ultra-sun-ultra-moon",
                "url": "/api/v2/version-group/18/"
            }
        },
        {
            "language": {
                "name": "ja-Hrkt",
                "url": "/api/v2/language/1/"
            },
            "text": "\u30dd\u30b1\u30e2\u30f3\u306b\u3000\u3082\u305f\u305b\u308b\u3068\n\u30d4\u30f3\u30c1\u306e\u3068\u304d\u3000\uff28\uff30\u3092\u3000\u304b\u3044\u3075\u304f\u3059\u308b\u3002\n\u304d\u3089\u3044\u306a\u3000\u3042\u3058\u3060\u3068\u3000\u3053\u3093\u3089\u3093\u3000\u3059\u308b\u3002",
            "version_group": {
                "name": "lets-go-pikachu-lets-go-eevee",
                "url": "/api/v2/version-group/19/"
            }
        },
        {
            "language": {
                "name": "ko",
                "url": "/api/v2/language/3/"
            },
            "text": "\ud3ec\ucf13\ubaac\uc5d0\uac8c \uc9c0\ub2c8\uac8c \ud558\uba74\n\uc704\uae09\ud560 \ub54c HP\ub97c \ud68c\ubcf5\ud55c\ub2e4.\n\uc2eb\uc5b4\ud558\ub294 \ub9db\uc774\uba74 \ud63c\ub780\uc5d0 \ube60\uc9c4\ub2e4.",
            "version_group": {
                "name": "lets-go-pikachu-lets-go-eevee",
                "url": "/api/v2/version-group/19/"
            }
        },
        {
            "language": {
                "name": "zh-Hant",
                "url": "/api/v2/language/4/"
            },
            "text": "\u8b93\u5bf6\u53ef\u5922\u651c\u5e36\u5f8c\uff0c\n\u5371\u6a5f\u6642\u53ef\u4ee5\u56de\u5fa9HP\u3002\n\u5982\u679c\u8a0e\u53ad\u9019\u5473\u9053\u5c31\u6703\u6df7\u4e82\u3002",
            "version_group": {
                "name": "lets-go-pikachu-lets-go-eevee",
                "url": "/api/v2/version-group/19/"
            }
        },
        {
            "language": {
                "name": "fr",
                "url": "/api/v2/language/5/"
            },
            "text": "Tenue, cette Baie restaure des PV en cas de besoin,\nmais rend le Pok\u00e9mon confus si son go\u00fbt lui d\u00e9pla\u00eet.",
            "version_group": {
                "name": "lets-go-pikachu-lets-go-eevee",
                "url": "/api/v2/version-group/19/"
            }
        },
        {
            "language": {
                "name": "de",
                "url": "/api/v2/language/6/"
            },
            "text": "Als getragenes Item f\u00fcllt die Beere im Notfall die KP\neines Pok\u00e9mon auf, doch ihr Aroma verwirrt jene,\ndie es nicht m\u00f6gen.",
            "version_group": {
                "name": "lets-go-pikachu-lets-go-eevee",
                "url": "/api/v2/version-group/19/"
            }
        },
        {
            "language": {
                "name": "es",
                "url": "/api/v2/language/7/"
            },
            "text": "Los Pok\u00e9mon pueden llevarla o usarla para restaurar\nalgunos PS. Su sabor puede causar confusi\u00f3n.",
            "version_group": {
                "name": "lets-go-pikachu-lets-go-eevee",
                "url": "/api/v2/version-group/19/"
            }
        },
        {
            "language": {
                "name": "it",
                "url": "/api/v2/language/8/"
            },
            "text": "Se un Pok\u00e9mon in difficolt\u00e0 ha questa bacca,\nrecupera dei PS. Se al Pok\u00e9mon non piace\nil suo sapore, pu\u00f2 causare confusione.",
            "version_group": {
                "name": "lets-go-pikachu-lets-go-eevee",
                "url": "/api/v2/version-group/19/"
            }
        },
        {
            "language": {
                "name": "en",
                "url": "/api/v2/language/9/"
            },
            "text": "If held by a Pok\u00e9mon, it restores the user\u2019s HP in a\npinch, but it will cause confusion if the user hates\nthe taste.",
            "version_group": {
                "name": "lets-go-pikachu-lets-go-eevee",
                "url": "/api/v2/version-group/19/"
            }
        },
        {
            "language": {
                "name": "ja",
                "url": "/api/v2/language/11/"
            },
            "text": "\u30dd\u30b1\u30e2\u30f3\u306b\u3000\u6301\u305f\u305b\u308b\u3068\n\u30d4\u30f3\u30c1\u306e\u3068\u304d\u3000\uff28\uff30\u3092\u3000\u56de\u5fa9\u3059\u308b\u3002\n\u304d\u3089\u3044\u306a\u5473\u3060\u3068\u3000\u6df7\u4e71\u3059\u308b\u3002",
            "version_group": {
                "name": "lets-go-pikachu-lets-go-eevee",
                "url": "/api/v2/version-group/19/"
            }
        },
        {
            "language": {
                "name": "zh-Hans",
                "url": "/api/v2/language/12/"
            },
            "text": "\u8ba9\u5b9d\u53ef\u68a6\u643a\u5e26\u540e\uff0c\n\u5371\u673a\u65f6\u53ef\u4ee5\u56de\u590dHP\u3002\n\u5982\u679c\u8ba8\u538c\u8fd9\u5473\u9053\u5c31\u4f1a\u6df7\u4e71\u3002",
            "version_group": {
                "name": "lets-go-pikachu-lets-go-eevee",
                "url": "/api/v2/version-group/19/"
            }
        },
        {
            "language": {
                "name": "ja-Hrkt",
                "url": "/api/v2/language/1/"
            },
            "text": "\u30dd\u30b1\u30e2\u30f3\u306b\u3000\u3082\u305f\u305b\u308b\u3068\n\u30d4\u30f3\u30c1\u306e\u3068\u304d\u3000\uff28\uff30\u3092\u3000\u304b\u3044\u3075\u304f\u3059\u308b\u3002\n\u304d\u3089\u3044\u306a\u3000\u3042\u3058\u3060\u3068\u3000\u3053\u3093\u3089\u3093\u3000\u3059\u308b\u3002",
            "version_group": {
                "name": "sword-shield",
                "url": "/api/v2/version-group/20/"
            }
        },
        {
            "language": {
                "name": "ko",
                "url": "/api/v2/language/3/"
            },
            "text": "\ud3ec\ucf13\ubaac\uc5d0\uac8c \uc9c0\ub2c8\uac8c \ud558\uba74\n\uc704\uae09\ud560 \ub54c HP\ub97c \ud68c\ubcf5\ud55c\ub2e4.\n\uc2eb\uc5b4\ud558\ub294 \ub9db\uc774\uba74 \ud63c\ub780\uc5d0 \ube60\uc9c4\ub2e4.",
            "version_group": {
                "name": "sword-shield",
                "url": "/api/v2/version-group/20/"
            }
        },
        {
            "language": {
                "name": "zh-Hant",
                "url": "/api/v2/language/4/"
            },
            "text": "\u8b93\u5bf6\u53ef\u5922\u651c\u5e36\u5f8c\uff0c\n\u5371\u6a5f\u6642\u53ef\u4ee5\u56de\u5fa9\uff28\uff30\u3002\n\u5982\u679c\u8a0e\u53ad\u9019\u5473\u9053\u5c31\u6703\u6df7\u4e82\u3002",
            "version_group": {
                "name": "sword-shield",
                "url": "/api/v2/version-group/20/"
            }
        },
        {
            "language": {
                "name": "fr",
                "url": "/api/v2/language/5/"
            },
            "text": "Tenue, cette Baie restaure des PV en cas de besoin,\nmais rend le Pok\u00e9mon confus si son go\u00fbt lui d\u00e9pla\u00eet.",
            "version_group": {
                "name": "sword-shield",
                "url": "/api/v2/version-group/20/"
            }
        },
        {
            "language": {
                "name": "de",
                "url": "/api/v2/language/6/"
            },
            "text": "Als getragenes Item f\u00fcllt die Beere im Notfall die KP\neines Pok\u00e9mon auf, doch ihr Aroma verwirrt jene,\ndie es nicht m\u00f6gen.",
            "version_group": {
                "name": "sword-shield",
                "url": "/api/v2/version-group/20/"
            }
        },
        {
            "language": {
                "name": "es",
                "url": "/api/v2/language/7/"
            },
            "text": "Los Pok\u00e9mon pueden llevarla o usarla para restaurar\nalgunos PS. Su sabor puede causar confusi\u00f3n si no les\ngusta.",
            "version_group": {
                "name": "sword-shield",
                "url": "/api/v2/version-group/20/"
            }
        },
        {
            "language": {
                "name": "it",
                "url": "/api/v2/language/8/"
            },
            "text": "Se un Pok\u00e9mon in difficolt\u00e0 ha questa bacca,\nrecupera dei PS. Se al Pok\u00e9mon non piace\nil suo sapore, pu\u00f2 causare confusione.",
            "version_group": {
                "name": "sword-shield",
                "url": "/api/v2/version-group/20/"
            }
        },
        {
            "language": {
                "name": "en",
                "url": "/api/v2/language/9/"
            },
            "text": "If held by a Pok\u00e9mon, it restores the user\u2019s HP in a\npinch, but it will cause confusion if the user hates\nthe taste.",
            "version_group": {
                "name": "sword-shield",
                "url": "/api/v2/version-group/20/"
            }
        },
        {
            "language": {
                "name": "ja",
                "url": "/api/v2/language/11/"
            },
            "text": "\u30dd\u30b1\u30e2\u30f3\u306b\u3000\u6301\u305f\u305b\u308b\u3068\n\u30d4\u30f3\u30c1\u306e\u3068\u304d\u3000\uff28\uff30\u3092\u3000\u56de\u5fa9\u3059\u308b\u3002\n\u304d\u3089\u3044\u306a\u5473\u3060\u3068\u3000\u6df7\u4e71\u3059\u308b\u3002",
            "version_group": {
                "name": "sword-shield",
                "url": "/api/v2/version-group/20/"
            }
        },
        {
            "language": {
                "name": "zh-Hans",
                "url": "/api/v2/language/12/"
            },
            "text": "\u8ba9\u5b9d\u53ef\u68a6\u643a\u5e26\u540e\uff0c\n\u5371\u673a\u65f6\u53ef\u4ee5\u56de\u590d\uff28\uff30\u3002\n\u5982\u679c\u8ba8\u538c\u8fd9\u5473\u9053\u5c31\u4f1a\u6df7\u4e71\u3002",
            "version_group": {
                "name": "sword-shield",
                "url": "/api/v2/version-group/20/"
            }
        }
    ],
    "fling_effect": {
        "name": "berry-effect",
        "url": "/api/v2/item-fling-effect/3/"
    },
    "fling_power": 10,
    "game_indices": [
        {
            "game_index": 145,
            "generation": {
                "name": "generation-iii",
                "url": "/api/v2/generation/3/"
            }
        },
        {
            "game_index": 161,
            "generation": {
                "name": "generation-iv",
                "url": "/api/v2/generation/4/"
            }
        },
        {
            "game_index": 161,
            "generation": {
                "name": "generation-v",
                "url": "/api/v2/generation/5/"
            }
        },
        {
            "game_index": 161,
            "generation": {
                "name": "generation-vi",
                "url": "/api/v2/generation/6/"
            }
        },
        {
            "game_index": 161,
            "generation": {
                "name": "generation-vii",
                "url": "/api/v2/generation/7/"
            }
        },
        {
            "game_index": 161,
            "generation": {
                "name": "generation-viii",
                "url": "/api/v2/generation/8/"
            }
        }
    ],
    "held_by_pokemon": [],
    "id": 138,
    "machines": [],
    "name": "mago-berry",
    "names": [
        {
            "language": {
                "name": "ja-Hrkt",
                "url": "/api/v2/language/1/"
            },
            "name": "\u30de\u30b4\u306e\u307f"
        },
        {
            "language": {
                "name": "ko",
                "url": "/api/v2/language/3/"
            },
            "name": "\ub9c8\uace0\uc5f4\ub9e4"
        },
        {
            "language": {
                "name": "zh-Hant",
                "url": "/api/v2/language/4/"
            },
            "name": "\u8292\u8292\u679c"
        },
        {
            "language": {
                "name": "fr",
                "url": "/api/v2/language/5/"
            },
            "name": "Baie Mago"
        },
        {
            "language": {
                "name": "de",
                "url": "/api/v2/language/6/"
            },
            "name": "Magobeere"
        },
        {
            "language": {
                "name": "es",
                "url": "/api/v2/language/7/"
            },
            "name": "Baya Ango"
        },
        {
            "language": {
                "name": "it",
                "url": "/api/v2/language/8/"
            },
            "name": "Baccamango"
        },
        {
            "language": {
                "name": "en",
                "url": "/api/v2/language/9/"
            },
            "name": "Mago Berry"
        },
        {
            "language": {
                "name": "ja",
                "url": "/api/v2/language/11/"
            },
            "name": "\u30de\u30b4\u306e\u307f"
        },
        {
            "language": {
                "name": "zh-Hans",
                "url": "/api/v2/language/12/"
            },
            "name": "\u8292\u8292\u679c"
        }
    ],
    "sprites": {
        "default": "https://raw.githubusercontent.com/PokeAPI/sprites/master/sprites/items/mago-berry.png"
    }
}