{
    "attributes": [],
    "baby_trigger_for": null,
    "category": {
        "name": "all-machines",
        "url": "/api/v2/item-category/37/"
    },
    "cost": 6000,
    "effect_entries": [],
    "flavor_text_entries": [
        {
            "language": {
                "name": "ja-Hrkt",
                "url": "/api/v2/language/1/"
            },
            "text": "\u3057\u306d\u3093\u306e\u3000\u3061\u304b\u3089\u3092\n\u3072\u305f\u3044\u306b\u3000\u3042\u3064\u3081\u3066\u3000\u3053\u3046\u3052\u304d\u3059\u308b\u3002\n\u3042\u3044\u3066\u3092\u3000\u3072\u308b\u307e\u305b\u308b\u3000\u3053\u3068\u304c\u3000\u3042\u308b\u3002",
            "version_group": {
                "name": "sword-shield",
                "url": "/api/v2/version-group/20/"
            }
        },
        {
            "language": {
                "name": "ko",
                "url": "/api/v2/language/3/"
            },
            "text": "\uc0ac\ub150\uc758 \ud798\uc744\n\uc774\ub9c8\uc5d0 \ubaa8\uc544\uc11c \uacf5\uaca9\ud55c\ub2e4.\n\uc0c1\ub300\ub97c \ud480\uc8fd\uac8c \ub9cc\ub4e4 \ub54c\uac00 \uc788\ub2e4.",
            "version_group": {
                "name": "sword-shield",
                "url": "/api/v2/version-group/20/"
            }
        },
        {
            "language": {
                "name": "zh-Hant",
                "url": "/api/v2/language/4/"
            },
            "text": "\u5c07\u610f\u5ff5\u7684\u529b\u91cf\u96c6\u4e2d\u5728\n\u524d\u984d\u9032\u884c\u653b\u64ca\u3002\n\u6709\u6642\u6703\u8b93\u5c0d\u624b\u754f\u7e2e\u3002",
            "version_group": {
                "name": "sword-shield",
                "url": "/api/v2/version-group/20/"
            }
        },
        {
            "language": {
                "name": "fr",
                "url": "/api/v2/language/5/"
            },
            "text": "Le lanceur concentre sa volont\u00e9 et donne\nun coup de t\u00eate. Peut aussi apeurer l\u2019ennemi.",
            "version_group": {
                "name": "sword-shield",
                "url": "/api/v2/version-group/20/"
            }
        },
        {
            "language": {
                "name": "de",
                "url": "/api/v2/language/6/"
            },
            "text": "Anwender konzentriert seinen Willen und rammt das\nZiel. Dieses schreckt eventuell zur\u00fcck.",
            "version_group": {
                "name": "sword-shield",
                "url": "/api/v2/version-group/20/"
            }
        },
        {
            "language": {
                "name": "es",
                "url": "/api/v2/language/7/"
            },
            "text": "Concentra su energ\u00eda ps\u00edquica en la cabeza para\ngolpear. Puede hacer que el objetivo se amedrente.",
            "version_group": {
                "name": "sword-shield",
                "url": "/api/v2/version-group/20/"
            }
        },
        {
            "language": {
                "name": "it",
                "url": "/api/v2/language/8/"
            },
            "text": "Chi la usa concentra le energie psichiche nella testa e si\nlancia contro il bersaglio. Pu\u00f2 anche farlo tentennare.",
            "version_group": {
                "name": "sword-shield",
                "url": "/api/v2/version-group/20/"
            }
        },
        {
            "language": {
                "name": "en",
                "url": "/api/v2/language/9/"
            },
            "text": "The user focuses its willpower to its head and\nattacks the target. This may also make the\ntarget flinch.",
            "version_group": {
                "name": "sword-shield",
                "url": "/api/v2/version-group/20/"
            }
        },
        {
            "language": {
                "name": "ja",
                "url": "/api/v2/language/11/"
            },
            "text": "\u601d\u5ff5\u306e\u3000\u529b\u3092\n\u984d\u306b\u3000\u96c6\u3081\u3066\u3000\u653b\u6483\u3059\u308b\u3002\n\u76f8\u624b\u3092\u3000\u3072\u308b\u307e\u305b\u308b\u3053\u3068\u304c\u3000\u3042\u308b\u3002",
            "version_group": {
                "name": "sword-shield",
                "url": "/api/v2/version-group/20/"
            }
        },
        {
            "language": {
                "name": "zh-Hans",
                "url": "/api/v2/language/12/"
            },
            "text": "\u5c06\u601d\u5ff5\u7684\u529b\u91cf\n\u96c6\u4e2d\u5728\u524d\u989d\u8fdb\u884c\u653b\u51fb\u3002\n\u6709\u65f6\u4f1a\u4f7f\u5bf9\u624b\u754f\u7f29\u3002",
            "version_group": {
                "name": "sword-shield",
                "url": "/api/v2/version-group/20/"
            }
        }
    ],
    "fling_effect": null,
    "fling_power": 80,
    "game_indices": [
        {
            "game_index": 1199,
            "generation": {
                "name": "generation-viii",
                "url": "/api/v2/generation/8/"
            }
        }
    ],
    "held_by_pokemon": [],
    "id": 1257,
    "machines": [
        {
            "machine": {
                "url": "/api/v2/machine/1658/"
            },
            "version_group": {
                "name": "sword-shield",
                "url": "/api/v2/version-group/20/"
            }
        }
    ],
    "name": "tr69",
    "names": [
        {
            "language": {
                "name": "ja-Hrkt",
                "url": "/api/v2/language/1/"
            },
            "name": "\u308f\u3056\u30ec\u30b3\u30fc\u30c9\uff16\uff19"
        },
        {
            "language": {
                "name": "ko",
                "url": "/api/v2/language/3/"
            },
            "name": "\uae30\uc220\ub808\ucf54\ub4dc69"
        },
        {
            "language": {
                "name": "zh-Hant",
                "url": "/api/v2/language/4/"
            },
            "name": "\u62db\u5f0f\u7d00\u9304\uff16\uff19"
        },
        {
            "language": {
                "name": "fr",
                "url": "/api/v2/language/5/"
            },
            "name": "DT69"
        },
        {
            "language": {
                "name": "de",
                "url": "/api/v2/language/6/"
            },
            "name": "TP69"
        },
        {
            "language": {
                "name": "es",
                "url": "/api/v2/language/7/"
            },
            "name": "DT69"
        },
        {
            "language": {
                "name": "it",
                "url": "/api/v2/language/8/"
            },
            "name": "DT69"
        },
        {
            "language": {
                "name": "en",
                "url": "/api/v2/language/9/"
            },
            "name": "TR69"
        },
        {
            "language": {
                "name": "ja",
                "url": "/api/v2/language/11/"
            },
            "name": "\u308f\u3056\u30ec\u30b3\u30fc\u30c9\uff16\uff19"
        },
        {
            "language": {
                "name": "zh-Hans",
                "url": "/api/v2/language/12/"
            },
            "name": "\u62db\u5f0f\u8bb0\u5f55\uff16\uff19"
        }
    ],
    "sprites": {
        "default": null
    }
}