{
    "attributes": [],
    "baby_trigger_for": null,
    "category": {
        "name": "unused",
        "url": "/api/v2/item-category/23/"
    },
    "cost": 0,
    "effect_entries": [
        {
            "effect": "XXX new effect for roto-catch",
            "language": {
                "name": "en",
                "url": "/api/v2/language/9/"
            },
            "short_effect": "XXX new effect for roto-catch"
        }
    ],
    "flavor_text_entries": [
        {
            "language": {
                "name": "ja-Hrkt",
                "url": "/api/v2/language/1/"
            },
            "text": "\u30ed\u30c8\u30e0\u30d1\u30ef\u30fc\u306e\u3000\u3072\u3068\u3064\u3002\u3000\u3064\u304b\u3046\u3068\n\u3081\u306e\u307e\u3048\u306b\u3044\u308b\u3000\u3084\u305b\u3044\u30dd\u30b1\u30e2\u30f3\u304c\n\u3068\u3066\u3082\u3000\u3064\u304b\u307e\u3048\u3084\u3059\u304f\u306a\u308b\u3002",
            "version_group": {
                "name": "ultra-sun-ultra-moon",
                "url": "/api/v2/version-group/18/"
            }
        },
        {
            "language": {
                "name": "ko",
                "url": "/api/v2/language/3/"
            },
            "text": "\ub85c\ud1a0\ubb34\ud30c\uc6cc \uc911 \ud558\ub098. \uc0ac\uc6a9\ud558\uba74\n\ub208\uc55e\uc5d0 \uc788\ub294 \uc57c\uc0dd \ud3ec\ucf13\ubaac\uc744\n\ub9e4\uc6b0 \uc7a1\uae30 \uc26c\uc6cc\uc9c4\ub2e4.",
            "version_group": {
                "name": "ultra-sun-ultra-moon",
                "url": "/api/v2/version-group/18/"
            }
        },
        {
            "language": {
                "name": "zh-Hant",
                "url": "/api/v2/language/4/"
            },
            "text": "\u6d1b\u6258\u59c6\u4e4b\u529b\u7684\u4e00\u7a2e\u3002\n\u4f7f\u7528\u5f8c\uff0c\u53ef\u4ee5\u8b93\u773c\u524d\u7684\n\u5bf6\u53ef\u5922\u8b8a\u5f97\u975e\u5e38\u5bb9\u6613\u6355\u6349\u3002",
            "version_group": {
                "name": "ultra-sun-ultra-moon",
                "url": "/api/v2/version-group/18/"
            }
        },
        {
            "language": {
                "name": "fr",
                "url": "/api/v2/language/5/"
            },
            "text": "Une des Motism\u2019Auras. Elle permet d\u2019attraper\nbeaucoup plus facilement le Pok\u00e9mon sauvage\nque vous affrontez.",
            "version_group": {
                "name": "ultra-sun-ultra-moon",
                "url": "/api/v2/version-group/18/"
            }
        },
        {
            "language": {
                "name": "de",
                "url": "/api/v2/language/6/"
            },
            "text": "Diese Rotom-Kraft bewirkt, dass wilde Pok\u00e9mon\nmit h\u00f6herer Wahrscheinlichkeit gefangen werden.",
            "version_group": {
                "name": "ultra-sun-ultra-moon",
                "url": "/api/v2/version-group/18/"
            }
        },
        {
            "language": {
                "name": "es",
                "url": "/api/v2/language/7/"
            },
            "text": "Poder Rotom que aumenta mucho la probabilidad\nde capturar al Pok\u00e9mon salvaje al que te est\u00e9s\nenfrentando.",
            "version_group": {
                "name": "ultra-sun-ultra-moon",
                "url": "/api/v2/version-group/18/"
            }
        },
        {
            "language": {
                "name": "it",
                "url": "/api/v2/language/8/"
            },
            "text": "Potere Rotom che rende considerevolmente\npi\u00f9 facile catturare i Pok\u00e9mon selvatici.",
            "version_group": {
                "name": "ultra-sun-ultra-moon",
                "url": "/api/v2/version-group/18/"
            }
        },
        {
            "language": {
                "name": "en",
                "url": "/api/v2/language/9/"
            },
            "text": "One of the Rotom Powers.\nIt increases the chance to catch Pok\u00e9mon\na lot.",
            "version_group": {
                "name": "ultra-sun-ultra-moon",
                "url": "/api/v2/version-group/18/"
            }
        },
        {
            "language": {
                "name": "ja",
                "url": "/api/v2/language/11/"
            },
            "text": "\u30ed\u30c8\u30e0\u30d1\u30ef\u30fc\u306e\u3000\u3072\u3068\u3064\u3002\u3000\u4f7f\u3046\u3068\n\u76ee\u306e\u524d\u306b\u3044\u308b\u3000\u91ce\u751f\u30dd\u30b1\u30e2\u30f3\u304c\n\u3068\u3066\u3082\u3000\u6355\u307e\u3048\u3084\u3059\u304f\u306a\u308b\u3002",
            "version_group": {
                "name": "ultra-sun-ultra-moon",
                "url": "/api/v2/version-group/18/"
            }
        },
        {
            "language": {
                "name": "zh-Hans",
                "url": "/api/v2/language/12/"
            },
            "text": "\u6d1b\u6258\u59c6\u4e4b\u529b\u7684\u4e00\u79cd\u3002\n\u4f7f\u7528\u540e\uff0c\u773c\u524d\u7684\u91ce\u751f\u5b9d\u53ef\u68a6\n\u4f1a\u53d8\u5f97\u975e\u5e38\u5bb9\u6613\u6355\u6349\u3002",
            "version_group": {
                "name": "ultra-sun-ultra-moon",
                "url": "/api/v2/version-group/18/"
            }
        },
        {
            "language": {
                "name": "ja-Hrkt",
                "url": "/api/v2/language/1/"
            },
            "text": "\u30ed\u30c8\u30e0\u30d1\u30ef\u30fc\u306e\u3000\u3072\u3068\u3064\u3002\u3000\u3064\u304b\u3046\u3068\n\u3081\u306e\u307e\u3048\u306b\u3044\u308b\u3000\u3084\u305b\u3044\u30dd\u30b1\u30e2\u30f3\u304c\n\u3068\u3066\u3082\u3000\u3064\u304b\u307e\u3048\u3084\u3059\u304f\u306a\u308b\u3002",
            "version_group": {
                "name": "lets-go-pikachu-lets-go-eevee",
                "url": "/api/v2/version-group/19/"
            }
        },
        {
            "language": {
                "name": "ko",
                "url": "/api/v2/language/3/"
            },
            "text": "\ub85c\ud1a0\ubb34\ud30c\uc6cc \uc911 \ud558\ub098. \uc0ac\uc6a9\ud558\uba74\n\ub208\uc55e\uc5d0 \uc788\ub294 \uc57c\uc0dd \ud3ec\ucf13\ubaac\uc744\n\ub9e4\uc6b0 \uc7a1\uae30 \uc26c\uc6cc\uc9c4\ub2e4.",
            "version_group": {
                "name": "lets-go-pikachu-lets-go-eevee",
                "url": "/api/v2/version-group/19/"
            }
        },
        {
            "language": {
                "name": "zh-Hant",
                "url": "/api/v2/language/4/"
            },
            "text": "\u6d1b\u6258\u59c6\u4e4b\u529b\u7684\u4e00\u7a2e\u3002\n\u4f7f\u7528\u5f8c\uff0c\u53ef\u4ee5\u8b93\u773c\u524d\u7684\n\u5bf6\u53ef\u5922\u8b8a\u5f97\u975e\u5e38\u5bb9\u6613\u6355\u6349\u3002",
            "version_group": {
                "name": "lets-go-pikachu-lets-go-eevee",
                "url": "/api/v2/version-group/19/"
            }
        },
        {
            "language": {
                "name": "fr",
                "url": "/api/v2/language/5/"
            },
            "text": "Une des Motism\u2019Auras. Elle permet d\u2019attraper\nbeaucoup plus facilement le Pok\u00e9mon sauvage\nque vous affrontez.",
            "version_group": {
                "name": "lets-go-pikachu-lets-go-eevee",
                "url": "/api/v2/version-group/19/"
            }
        },
        {
            "language": {
                "name": "de",
                "url": "/api/v2/language/6/"
            },
            "text": "Diese Rotom-Kraft bewirkt, dass wilde Pok\u00e9mon\nmit h\u00f6herer Wahrscheinlichkeit gefangen werden.",
            "version_group": {
                "name": "lets-go-pikachu-lets-go-eevee",
                "url": "/api/v2/version-group/19/"
            }
        },
        {
            "language": {
                "name": "es",
                "url": "/api/v2/language/7/"
            },
            "text": "Poder Rotom que aumenta mucho la probabilidad\nde capturar al Pok\u00e9mon salvaje al que te est\u00e9s\nenfrentando.",
            "version_group": {
                "name": "lets-go-pikachu-lets-go-eevee",
                "url": "/api/v2/version-group/19/"
            }
        },
        {
            "language": {
                "name": "it",
                "url": "/api/v2/language/8/"
            },
            "text": "Potere Rotom che rende considerevolmente\npi\u00f9 facile catturare i Pok\u00e9mon selvatici.",
            "version_group": {
                "name": "lets-go-pikachu-lets-go-eevee",
                "url": "/api/v2/version-group/19/"
            }
        },
        {
            "language": {
                "name": "en",
                "url": "/api/v2/language/9/"
            },
            "text": "One of the Rotom Powers.\nIt increases the chance to catch Pok\u00e9mon\na lot.",
            "version_group": {
                "name": "lets-go-pikachu-lets-go-eevee",
                "url": "/api/v2/version-group/19/"
            }
        },
        {
            "language": {
                "name": "ja",
                "url": "/api/v2/language/11/"
            },
            "text": "\u30ed\u30c8\u30e0\u30d1\u30ef\u30fc\u306e\u3000\u3072\u3068\u3064\u3002\u3000\u4f7f\u3046\u3068\n\u76ee\u306e\u524d\u306b\u3044\u308b\u3000\u91ce\u751f\u30dd\u30b1\u30e2\u30f3\u304c\n\u3068\u3066\u3082\u3000\u6355\u307e\u3048\u3084\u3059\u304f\u306a\u308b\u3002",
            "version_group": {
                "name": "lets-go-pikachu-lets-go-eevee",
                "url": "/api/v2/version-group/19/"
            }
        },
        {
            "language": {
                "name": "zh-Hans",
                "url": "/api/v2/language/12/"
            },
            "text": "\u6d1b\u6258\u59c6\u4e4b\u529b\u7684\u4e00\u79cd\u3002\n\u4f7f\u7528\u540e\uff0c\u773c\u524d\u7684\u91ce\u751f\u5b9d\u53ef\u68a6\n\u4f1a\u53d8\u5f97\u975e\u5e38\u5bb9\u6613\u6355\u6349\u3002",
            "version_group": {
                "name": "lets-go-pikachu-lets-go-eevee",
                "url": "/api/v2/version-group/19/"
            }
        },
        {
            "language": {
                "name": "ja-Hrkt",
                "url": "/api/v2/language/1/"
            },
            "text": "\u30ed\u30c8\u30e0\u30d1\u30ef\u30fc\u306e\u3000\u3072\u3068\u3064\u3002\u3000\u3064\u304b\u3046\u3068\n\u3081\u306e\u307e\u3048\u306b\u3044\u308b\u3000\u3084\u305b\u3044\u30dd\u30b1\u30e2\u30f3\u304c\n\u3068\u3066\u3082\u3000\u3064\u304b\u307e\u3048\u3084\u3059\u304f\u306a\u308b\u3002",
            "version_group": {
                "name": "sword-shield",
                "url": "/api/v2/version-group/20/"
            }
        },
        {
            "language": {
                "name": "ko",
                "url": "/api/v2/language/3/"
            },
            "text": "\ub85c\ud1a0\ubb34\ud30c\uc6cc \uc911 \ud558\ub098. \uc0ac\uc6a9\ud558\uba74\n\ub208\uc55e\uc5d0 \uc788\ub294 \uc57c\uc0dd \ud3ec\ucf13\ubaac\uc744\n\ub9e4\uc6b0 \uc7a1\uae30 \uc26c\uc6cc\uc9c4\ub2e4.",
            "version_group": {
                "name": "sword-shield",
                "url": "/api/v2/version-group/20/"
            }
        },
        {
            "language": {
                "name": "zh-Hant",
                "url": "/api/v2/language/4/"
            },
            "text": "\u6d1b\u6258\u59c6\u4e4b\u529b\u7684\u4e00\u7a2e\u3002\n\u4f7f\u7528\u5f8c\uff0c\u53ef\u4ee5\u8b93\u773c\u524d\u7684\n\u91ce\u751f\u5bf6\u53ef\u5922\u8b8a\u5f97\u975e\u5e38\u5bb9\u6613\u6355\u6349\u3002",
            "version_group": {
                "name": "sword-shield",
                "url": "/api/v2/version-group/20/"
            }
        },
        {
            "language": {
                "name": "fr",
                "url": "/api/v2/language/5/"
            },
            "text": "Une des Motism\u2019Auras. Elle permet d\u2019attraper\nbeaucoup plus facilement le Pok\u00e9mon sauvage\nque vous affrontez.",
            "version_group": {
                "name": "sword-shield",
                "url": "/api/v2/version-group/20/"
            }
        },
        {
            "language": {
                "name": "de",
                "url": "/api/v2/language/6/"
            },
            "text": "Diese Rotom-Kraft bewirkt, dass wilde Pok\u00e9mon mit\nh\u00f6herer Wahrscheinlichkeit gefangen werden.",
            "version_group": {
                "name": "sword-shield",
                "url": "/api/v2/version-group/20/"
            }
        },
        {
            "language": {
                "name": "es",
                "url": "/api/v2/language/7/"
            },
            "text": "Poder Rotom que aumenta mucho la probabilidad\nde capturar al Pok\u00e9mon salvaje al que te est\u00e9s\nenfrentando.",
            "version_group": {
                "name": "sword-shield",
                "url": "/api/v2/version-group/20/"
            }
        },
        {
            "language": {
                "name": "it",
                "url": "/api/v2/language/8/"
            },
            "text": "Potere Rotom che rende considerevolmente\npi\u00f9 facile catturare i Pok\u00e9mon selvatici.",
            "version_group": {
                "name": "sword-shield",
                "url": "/api/v2/version-group/20/"
            }
        },
        {
            "language": {
                "name": "en",
                "url": "/api/v2/language/9/"
            },
            "text": "One of the Rotom Powers.\nIt increases the chance to catch Pok\u00e9mon\na lot.",
            "version_group": {
                "name": "sword-shield",
                "url": "/api/v2/version-group/20/"
            }
        },
        {
            "language": {
                "name": "ja",
                "url": "/api/v2/language/11/"
            },
            "text": "\u30ed\u30c8\u30e0\u30d1\u30ef\u30fc\u306e\u3000\u3072\u3068\u3064\u3002\u3000\u4f7f\u3046\u3068\n\u76ee\u306e\u524d\u306b\u3044\u308b\u3000\u91ce\u751f\u30dd\u30b1\u30e2\u30f3\u304c\n\u3068\u3066\u3082\u3000\u6355\u307e\u3048\u3084\u3059\u304f\u306a\u308b\u3002",
            "version_group": {
                "name": "sword-shield",
                "url": "/api/v2/version-group/20/"
            }
        },
        {
            "language": {
                "name": "zh-Hans",
                "url": "/api/v2/language/12/"
            },
            "text": "\u6d1b\u6258\u59c6\u4e4b\u529b\u7684\u4e00\u79cd\u3002\n\u4f7f\u7528\u540e\uff0c\u773c\u524d\u7684\u91ce\u751f\u5b9d\u53ef\u68a6\n\u4f1a\u53d8\u5f97\u975e\u5e38\u5bb9\u6613\u6355\u6349\u3002",
            "version_group": {
                "name": "sword-shield",
                "url": "/api/v2/version-group/20/"
            }
        }
    ],
    "fling_effect": null,
    "fling_power": null,
    "game_indices": [
        {
            "game_index": 959,
            "generation": {
                "name": "generation-vii",
                "url": "/api/v2/generation/7/"
            }
        },
        {
            "game_index": 959,
            "generation": {
                "name": "generation-viii",
                "url": "/api/v2/generation/8/"
            }
        }
    ],
    "held_by_pokemon": [],
    "id": 1005,
    "machines": [],
    "name": "roto-catch",
    "names": [
        {
            "language": {
                "name": "ja-Hrkt",
                "url": "/api/v2/language/1/"
            },
            "name": "\u3064\u304b\u307e\u3048\u30dd\u30f3"
        },
        {
            "language": {
                "name": "ko",
                "url": "/api/v2/language/3/"
            },
            "name": "\uc7a1\uae30\ucea1\uc290\ud1a0\uc774"
        },
        {
            "language": {
                "name": "zh-Hant",
                "url": "/api/v2/language/4/"
            },
            "name": "\u6355\u6349\u78b0\u78b0"
        },
        {
            "language": {
                "name": "fr",
                "url": "/api/v2/language/5/"
            },
            "name": "Moti-Capture"
        },
        {
            "language": {
                "name": "de",
                "url": "/api/v2/language/6/"
            },
            "name": "Fangbon"
        },
        {
            "language": {
                "name": "es",
                "url": "/api/v2/language/7/"
            },
            "name": "Cup\u00f3n Captura"
        },
        {
            "language": {
                "name": "it",
                "url": "/api/v2/language/8/"
            },
            "name": "Acchiappa\u2019n\u2019roll"
        },
        {
            "language": {
                "name": "en",
                "url": "/api/v2/language/9/"
            },
            "name": "Roto Catch"
        },
        {
            "language": {
                "name": "ja",
                "url": "/api/v2/language/11/"
            },
            "name": "\u3064\u304b\u307e\u3048\u30dd\u30f3"
        },
        {
            "language": {
                "name": "zh-Hans",
                "url": "/api/v2/language/12/"
            },
            "name": "\u6355\u6349\u78b0\u78b0"
        }
    ],
    "sprites": {
        "default": "https://raw.githubusercontent.com/PokeAPI/sprites/master/sprites/items/roto-catch.png"
    }
}