{
    "attributes": [],
    "baby_trigger_for": null,
    "category": {
        "name": "all-machines",
        "url": "/api/v2/item-category/37/"
    },
    "cost": 6000,
    "effect_entries": [],
    "flavor_text_entries": [
        {
            "language": {
                "name": "ja-Hrkt",
                "url": "/api/v2/language/1/"
            },
            "text": "\u304b\u3089\u3060\u3092\u3000\u3076\u3064\u3051\u3066\u3000\u3053\u3046\u3052\u304d\u3002\n\u307c\u3046\u304e\u3087\u304c\u3000\u305f\u304b\u3044\u307b\u3069\n\u3042\u305f\u3048\u308b\u3000\u30c0\u30e1\u30fc\u30b8\u304c\u3000\u3075\u3048\u308b\u3002",
            "version_group": {
                "name": "sword-shield",
                "url": "/api/v2/version-group/20/"
            }
        },
        {
            "language": {
                "name": "ko",
                "url": "/api/v2/language/3/"
            },
            "text": "\ubab8\uc744 \ubd80\ub52a\uccd0\uc11c \uacf5\uaca9\ud55c\ub2e4.\n\ubc29\uc5b4\uac00 \ub192\uc744\uc218\ub85d\n\uc8fc\ub294 \ub370\ubbf8\uc9c0\uac00 \uc62c\ub77c\uac04\ub2e4.",
            "version_group": {
                "name": "sword-shield",
                "url": "/api/v2/version-group/20/"
            }
        },
        {
            "language": {
                "name": "zh-Hant",
                "url": "/api/v2/language/4/"
            },
            "text": "\u7528\u8eab\u9ad4\u649e\u5411\u5c0d\u624b\u9032\u884c\u653b\u64ca\u3002\n\u81ea\u5df1\u7684\u9632\u79a6\u8d8a\u9ad8\uff0c\n\u7d66\u4e88\u5c0d\u624b\u7684\u50b7\u5bb3\u8d8a\u5927\u3002",
            "version_group": {
                "name": "sword-shield",
                "url": "/api/v2/version-group/20/"
            }
        },
        {
            "language": {
                "name": "fr",
                "url": "/api/v2/language/5/"
            },
            "text": "Le lanceur utilise son corps pour attaquer sa cible.\nPlus la D\u00e9fense du lanceur est \u00e9lev\u00e9e,\nplus les d\u00e9g\u00e2ts inflig\u00e9s sont importants.",
            "version_group": {
                "name": "sword-shield",
                "url": "/api/v2/version-group/20/"
            }
        },
        {
            "language": {
                "name": "de",
                "url": "/api/v2/language/6/"
            },
            "text": "Der Anwender greift mit seinem ganzen K\u00f6rper an.\nJe h\u00f6her seine Verteidigung ist, desto mehr Schaden\nrichtet er an.",
            "version_group": {
                "name": "sword-shield",
                "url": "/api/v2/version-group/20/"
            }
        },
        {
            "language": {
                "name": "es",
                "url": "/api/v2/language/7/"
            },
            "text": "El usuario usa el cuerpo para lanzar su ataque e infligir\nun da\u00f1o directamente proporcional a su Defensa.",
            "version_group": {
                "name": "sword-shield",
                "url": "/api/v2/version-group/20/"
            }
        },
        {
            "language": {
                "name": "it",
                "url": "/api/v2/language/8/"
            },
            "text": "Chi la usa schiaccia il bersaglio con il suo corpo.\nPi\u00f9 la sua Difesa \u00e8 alta, maggiori sono i danni inflitti.",
            "version_group": {
                "name": "sword-shield",
                "url": "/api/v2/version-group/20/"
            }
        },
        {
            "language": {
                "name": "en",
                "url": "/api/v2/language/9/"
            },
            "text": "The user attacks by slamming its body into the target.\nThe higher the user\u2019s Defense, the more damage it can\ninflict on the target.",
            "version_group": {
                "name": "sword-shield",
                "url": "/api/v2/version-group/20/"
            }
        },
        {
            "language": {
                "name": "ja",
                "url": "/api/v2/language/11/"
            },
            "text": "\u4f53\u3092\u3000\u3076\u3064\u3051\u3066\u3000\u653b\u6483\u3002\n\u9632\u5fa1\u304c\u3000\u9ad8\u3044\u307b\u3069\n\u4e0e\u3048\u308b\u3000\u30c0\u30e1\u30fc\u30b8\u304c\u3000\u5897\u3048\u308b\u3002",
            "version_group": {
                "name": "sword-shield",
                "url": "/api/v2/version-group/20/"
            }
        },
        {
            "language": {
                "name": "zh-Hans",
                "url": "/api/v2/language/12/"
            },
            "text": "\u7528\u8eab\u4f53\u649e\u5411\u5bf9\u624b\u8fdb\u884c\u653b\u51fb\u3002\n\u9632\u5fa1\u8d8a\u9ad8\uff0c\n\u7ed9\u4e88\u7684\u4f24\u5bb3\u5c31\u8d8a\u9ad8\u3002",
            "version_group": {
                "name": "sword-shield",
                "url": "/api/v2/version-group/20/"
            }
        }
    ],
    "fling_effect": null,
    "fling_power": 80,
    "game_indices": [
        {
            "game_index": 1229,
            "generation": {
                "name": "generation-viii",
                "url": "/api/v2/generation/8/"
            }
        }
    ],
    "held_by_pokemon": [],
    "id": 1287,
    "machines": [
        {
            "machine": {
                "url": "/api/v2/machine/1688/"
            },
            "version_group": {
                "name": "sword-shield",
                "url": "/api/v2/version-group/20/"
            }
        }
    ],
    "name": "tr99",
    "names": [
        {
            "language": {
                "name": "ja-Hrkt",
                "url": "/api/v2/language/1/"
            },
            "name": "\u308f\u3056\u30ec\u30b3\u30fc\u30c9\uff19\uff19"
        },
        {
            "language": {
                "name": "ko",
                "url": "/api/v2/language/3/"
            },
            "name": "\uae30\uc220\ub808\ucf54\ub4dc99"
        },
        {
            "language": {
                "name": "zh-Hant",
                "url": "/api/v2/language/4/"
            },
            "name": "\u62db\u5f0f\u7d00\u9304\uff19\uff19"
        },
        {
            "language": {
                "name": "fr",
                "url": "/api/v2/language/5/"
            },
            "name": "DT99"
        },
        {
            "language": {
                "name": "de",
                "url": "/api/v2/language/6/"
            },
            "name": "TP99"
        },
        {
            "language": {
                "name": "es",
                "url": "/api/v2/language/7/"
            },
            "name": "DT99"
        },
        {
            "language": {
                "name": "it",
                "url": "/api/v2/language/8/"
            },
            "name": "DT99"
        },
        {
            "language": {
                "name": "en",
                "url": "/api/v2/language/9/"
            },
            "name": "TR99"
        },
        {
            "language": {
                "name": "ja",
                "url": "/api/v2/language/11/"
            },
            "name": "\u308f\u3056\u30ec\u30b3\u30fc\u30c9\uff19\uff19"
        },
        {
            "language": {
                "name": "zh-Hans",
                "url": "/api/v2/language/12/"
            },
            "name": "\u62db\u5f0f\u8bb0\u5f55\uff19\uff19"
        }
    ],
    "sprites": {
        "default": null
    }
}