{
    "attributes": [],
    "baby_trigger_for": null,
    "category": {
        "name": "all-machines",
        "url": "/api/v2/item-category/37/"
    },
    "cost": 2000,
    "effect_entries": [],
    "flavor_text_entries": [
        {
            "language": {
                "name": "ja-Hrkt",
                "url": "/api/v2/language/1/"
            },
            "text": "\u3053\u3046\u3052\u304d\u3092\u3000\u3046\u3051\u3066\u3082\n\uff28\uff30\u3092\u3000\u304b\u306a\u3089\u305a\u3000\uff11\u3060\u3051\u3000\u306e\u3053\u305b\u308b\u3002\n\u308c\u3093\u305e\u304f\u3067\u3000\u3060\u3059\u3068\u3000\u3057\u3063\u3071\u3044\u3000\u3057\u3084\u3059\u3044\u3002",
            "version_group": {
                "name": "sword-shield",
                "url": "/api/v2/version-group/20/"
            }
        },
        {
            "language": {
                "name": "ko",
                "url": "/api/v2/language/3/"
            },
            "text": "\uacf5\uaca9\uc744 \ubc1b\uc544\ub3c4\nHP\ub97c \ubc18\ub4dc\uc2dc 1\ub9cc\ud07c\uc740 \ub0a8\uae34\ub2e4.\n\uc5f0\uc18d\uc73c\ub85c \uc4f0\uba74 \uc2e4\ud328\ud558\uae30 \uc27d\ub2e4.",
            "version_group": {
                "name": "sword-shield",
                "url": "/api/v2/version-group/20/"
            }
        },
        {
            "language": {
                "name": "zh-Hant",
                "url": "/api/v2/language/4/"
            },
            "text": "\u5373\u4f7f\u53d7\u5230\u518d\u5f37\u70c8\u7684\u653b\u64ca\uff0c\n\u4e5f\u4e00\u5b9a\u6703\u5269\u4e0b\uff11\uff28\uff30\u3002\n\u9023\u7e8c\u4f7f\u7528\u6642\u5bb9\u6613\u5931\u6557\u3002",
            "version_group": {
                "name": "sword-shield",
                "url": "/api/v2/version-group/20/"
            }
        },
        {
            "language": {
                "name": "fr",
                "url": "/api/v2/language/5/"
            },
            "text": "Le lanceur r\u00e9siste aux attaques avec 1 PV.\nPeut \u00e9chouer si utilis\u00e9e plusieurs fois de suite.",
            "version_group": {
                "name": "sword-shield",
                "url": "/api/v2/version-group/20/"
            }
        },
        {
            "language": {
                "name": "de",
                "url": "/api/v2/language/6/"
            },
            "text": "Nach fatalen Attacken bleibt stets 1 KP \u00fcbrig.\nMisserfolg bei Wiederholung m\u00f6glich.",
            "version_group": {
                "name": "sword-shield",
                "url": "/api/v2/version-group/20/"
            }
        },
        {
            "language": {
                "name": "es",
                "url": "/api/v2/language/7/"
            },
            "text": "Resiste cualquier ataque y deja al menos 1 PS.\nPuede fallar si se usa repetidamente.",
            "version_group": {
                "name": "sword-shield",
                "url": "/api/v2/version-group/20/"
            }
        },
        {
            "language": {
                "name": "it",
                "url": "/api/v2/language/8/"
            },
            "text": "Chi la usa resta con un PS anche se subisce un\ncolpo da KO in quel turno. Usata in successione\npu\u00f2 fallire.",
            "version_group": {
                "name": "sword-shield",
                "url": "/api/v2/version-group/20/"
            }
        },
        {
            "language": {
                "name": "en",
                "url": "/api/v2/language/9/"
            },
            "text": "The user endures any attack with at least 1 HP.\nIts chance of failing rises if it is used in succession.",
            "version_group": {
                "name": "sword-shield",
                "url": "/api/v2/version-group/20/"
            }
        },
        {
            "language": {
                "name": "ja",
                "url": "/api/v2/language/11/"
            },
            "text": "\u653b\u6483\u3092\u3000\u53d7\u3051\u3066\u3082\n\uff28\uff30\u3092\u3000\u5fc5\u305a\u3000\uff11\u3060\u3051\u3000\u6b8b\u305b\u308b\u3002\n\u9023\u7d9a\u3067\u3000\u3060\u3059\u3068\u3000\u5931\u6557\u3057\u3084\u3059\u3044\u3002",
            "version_group": {
                "name": "sword-shield",
                "url": "/api/v2/version-group/20/"
            }
        },
        {
            "language": {
                "name": "zh-Hans",
                "url": "/api/v2/language/12/"
            },
            "text": "\u5373\u4f7f\u53d7\u5230\u653b\u51fb\uff0c\n\u4e5f\u81f3\u5c11\u4f1a\u7559\u4e0b\uff11\uff28\uff30\u3002\n\u8fde\u7eed\u4f7f\u51fa\u5219\u5bb9\u6613\u5931\u8d25\u3002",
            "version_group": {
                "name": "sword-shield",
                "url": "/api/v2/version-group/20/"
            }
        }
    ],
    "fling_effect": null,
    "fling_power": 10,
    "game_indices": [
        {
            "game_index": 1156,
            "generation": {
                "name": "generation-viii",
                "url": "/api/v2/generation/8/"
            }
        }
    ],
    "held_by_pokemon": [],
    "id": 1214,
    "machines": [
        {
            "machine": {
                "url": "/api/v2/machine/1615/"
            },
            "version_group": {
                "name": "sword-shield",
                "url": "/api/v2/version-group/20/"
            }
        }
    ],
    "name": "tr26",
    "names": [
        {
            "language": {
                "name": "ja-Hrkt",
                "url": "/api/v2/language/1/"
            },
            "name": "\u308f\u3056\u30ec\u30b3\u30fc\u30c9\uff12\uff16"
        },
        {
            "language": {
                "name": "ko",
                "url": "/api/v2/language/3/"
            },
            "name": "\uae30\uc220\ub808\ucf54\ub4dc26"
        },
        {
            "language": {
                "name": "zh-Hant",
                "url": "/api/v2/language/4/"
            },
            "name": "\u62db\u5f0f\u7d00\u9304\uff12\uff16"
        },
        {
            "language": {
                "name": "fr",
                "url": "/api/v2/language/5/"
            },
            "name": "DT26"
        },
        {
            "language": {
                "name": "de",
                "url": "/api/v2/language/6/"
            },
            "name": "TP26"
        },
        {
            "language": {
                "name": "es",
                "url": "/api/v2/language/7/"
            },
            "name": "DT26"
        },
        {
            "language": {
                "name": "it",
                "url": "/api/v2/language/8/"
            },
            "name": "DT26"
        },
        {
            "language": {
                "name": "en",
                "url": "/api/v2/language/9/"
            },
            "name": "TR26"
        },
        {
            "language": {
                "name": "ja",
                "url": "/api/v2/language/11/"
            },
            "name": "\u308f\u3056\u30ec\u30b3\u30fc\u30c9\uff12\uff16"
        },
        {
            "language": {
                "name": "zh-Hans",
                "url": "/api/v2/language/12/"
            },
            "name": "\u62db\u5f0f\u8bb0\u5f55\uff12\uff16"
        }
    ],
    "sprites": {
        "default": null
    }
}