{
    "attributes": [],
    "baby_trigger_for": null,
    "category": {
        "name": "all-machines",
        "url": "/api/v2/item-category/37/"
    },
    "cost": 2000,
    "effect_entries": [],
    "flavor_text_entries": [
        {
            "language": {
                "name": "ja-Hrkt",
                "url": "/api/v2/language/1/"
            },
            "text": "\u3075\u304b\u304f\u3000\u3044\u304d\u3092\u3000\u3059\u3044\u3000\u304d\u3042\u3044\u3092\u3000\u3053\u3081\u308b\u3002\n\u3058\u3076\u3093\u306e\u3000\u3053\u3046\u3052\u304d\u304c\n\u304d\u3085\u3046\u3057\u3087\u306b\u3000\u3042\u305f\u308a\u3084\u3059\u304f\u3000\u306a\u308b\u3002",
            "version_group": {
                "name": "sword-shield",
                "url": "/api/v2/version-group/20/"
            }
        },
        {
            "language": {
                "name": "ko",
                "url": "/api/v2/language/3/"
            },
            "text": "\uae4a\uac8c \uc228\uc744 \ub4e4\uc774\ub9c8\uc154 \uae30\ud569\uc744 \ub123\ub294\ub2e4.\n\uc790\uc2e0\uc758 \uacf5\uaca9\uc774\n\uae09\uc18c\uc5d0 \ub9de\uae30 \uc26c\uc6cc\uc9c4\ub2e4.",
            "version_group": {
                "name": "sword-shield",
                "url": "/api/v2/version-group/20/"
            }
        },
        {
            "language": {
                "name": "zh-Hant",
                "url": "/api/v2/language/4/"
            },
            "text": "\u6df1\u547c\u5438\u5f8c\u96c6\u4e2d\u7cbe\u795e\u3002\n\u8b93\u81ea\u5df1\u7684\u653b\u64ca\n\u8b8a\u5f97\u5bb9\u6613\u64ca\u4e2d\u8981\u5bb3\u3002",
            "version_group": {
                "name": "sword-shield",
                "url": "/api/v2/version-group/20/"
            }
        },
        {
            "language": {
                "name": "fr",
                "url": "/api/v2/language/5/"
            },
            "text": "Le lanceur prend une profonde inspiration\net se concentre pour augmenter son taux de critiques.",
            "version_group": {
                "name": "sword-shield",
                "url": "/api/v2/version-group/20/"
            }
        },
        {
            "language": {
                "name": "de",
                "url": "/api/v2/language/6/"
            },
            "text": "Anwender atmet ein und b\u00fcndelt Kraft.\nDie Volltrefferquote steigt dadurch.",
            "version_group": {
                "name": "sword-shield",
                "url": "/api/v2/version-group/20/"
            }
        },
        {
            "language": {
                "name": "es",
                "url": "/api/v2/language/7/"
            },
            "text": "Concentra energ\u00eda para aumentar las posibilidades de\nasestar un golpe cr\u00edtico.",
            "version_group": {
                "name": "sword-shield",
                "url": "/api/v2/version-group/20/"
            }
        },
        {
            "language": {
                "name": "it",
                "url": "/api/v2/language/8/"
            },
            "text": "Chi la usa fa un profondo respiro e si concentra\nper rendere pi\u00f9 probabili i brutti colpi.",
            "version_group": {
                "name": "sword-shield",
                "url": "/api/v2/version-group/20/"
            }
        },
        {
            "language": {
                "name": "en",
                "url": "/api/v2/language/9/"
            },
            "text": "The user takes a deep breath and focuses so that\ncritical hits land more easily.",
            "version_group": {
                "name": "sword-shield",
                "url": "/api/v2/version-group/20/"
            }
        },
        {
            "language": {
                "name": "ja",
                "url": "/api/v2/language/11/"
            },
            "text": "\u6df1\u304f\u3000\u606f\u3092\u3000\u5438\u3044\u3000\u6c17\u5408\u3092\u3000\u3053\u3081\u308b\u3002\n\u81ea\u5206\u306e\u3000\u653b\u6483\u304c\n\u6025\u6240\u306b\u3000\u5f53\u305f\u308a\u3084\u3059\u304f\u306a\u308b\u3002",
            "version_group": {
                "name": "sword-shield",
                "url": "/api/v2/version-group/20/"
            }
        },
        {
            "language": {
                "name": "zh-Hans",
                "url": "/api/v2/language/12/"
            },
            "text": "\u6df1\u6df1\u5730\u5438\u53e3\u6c14\uff0c\u96c6\u4e2d\u7cbe\u795e\u3002\n\u81ea\u5df1\u7684\u653b\u51fb\u4f1a\u53d8\u5f97\n\u5bb9\u6613\u51fb\u4e2d\u8981\u5bb3\u3002",
            "version_group": {
                "name": "sword-shield",
                "url": "/api/v2/version-group/20/"
            }
        }
    ],
    "fling_effect": null,
    "fling_power": 10,
    "game_indices": [
        {
            "game_index": 1143,
            "generation": {
                "name": "generation-viii",
                "url": "/api/v2/generation/8/"
            }
        }
    ],
    "held_by_pokemon": [],
    "id": 1201,
    "machines": [
        {
            "machine": {
                "url": "/api/v2/machine/1602/"
            },
            "version_group": {
                "name": "sword-shield",
                "url": "/api/v2/version-group/20/"
            }
        }
    ],
    "name": "tr13",
    "names": [
        {
            "language": {
                "name": "ja-Hrkt",
                "url": "/api/v2/language/1/"
            },
            "name": "\u308f\u3056\u30ec\u30b3\u30fc\u30c9\uff11\uff13"
        },
        {
            "language": {
                "name": "ko",
                "url": "/api/v2/language/3/"
            },
            "name": "\uae30\uc220\ub808\ucf54\ub4dc13"
        },
        {
            "language": {
                "name": "zh-Hant",
                "url": "/api/v2/language/4/"
            },
            "name": "\u62db\u5f0f\u7d00\u9304\uff11\uff13"
        },
        {
            "language": {
                "name": "fr",
                "url": "/api/v2/language/5/"
            },
            "name": "DT13"
        },
        {
            "language": {
                "name": "de",
                "url": "/api/v2/language/6/"
            },
            "name": "TP13"
        },
        {
            "language": {
                "name": "es",
                "url": "/api/v2/language/7/"
            },
            "name": "DT13"
        },
        {
            "language": {
                "name": "it",
                "url": "/api/v2/language/8/"
            },
            "name": "DT13"
        },
        {
            "language": {
                "name": "en",
                "url": "/api/v2/language/9/"
            },
            "name": "TR13"
        },
        {
            "language": {
                "name": "ja",
                "url": "/api/v2/language/11/"
            },
            "name": "\u308f\u3056\u30ec\u30b3\u30fc\u30c9\uff11\uff13"
        },
        {
            "language": {
                "name": "zh-Hans",
                "url": "/api/v2/language/12/"
            },
            "name": "\u62db\u5f0f\u8bb0\u5f55\uff11\uff13"
        }
    ],
    "sprites": {
        "default": null
    }
}