{
    "attributes": [],
    "baby_trigger_for": null,
    "category": {
        "name": "loot",
        "url": "/api/v2/item-category/24/"
    },
    "cost": 2000,
    "effect_entries": [],
    "flavor_text_entries": [
        {
            "language": {
                "name": "ja-Hrkt",
                "url": "/api/v2/language/1/"
            },
            "text": "\u3042\u305f\u305f\u304b\u3044\u3000\u3061\u307b\u3046\u306e\u3000\u3046\u307f\u304b\u3089\n\u306a\u304c\u308c\u3064\u3044\u305f\u3000\u304b\u3082\u3000\u3057\u308c\u306a\u3044\n\u3057\u308d\u304f\u3066\u3000\u304d\u308c\u3044\u306a\u3000\u304b\u3044\u304c\u3089\u3002",
            "version_group": {
                "name": "lets-go-pikachu-lets-go-eevee",
                "url": "/api/v2/version-group/19/"
            }
        },
        {
            "language": {
                "name": "ko",
                "url": "/api/v2/language/3/"
            },
            "text": "\ub530\ub73b\ud55c \uc9c0\ubc29\uc758 \ubc14\ub2e4\uc5d0\uc11c\n\ud758\ub7ec\ub4e4\uc5b4 \uc654\uc744\uc9c0\ub3c4 \ubaa8\ub974\ub294\n\ud558\uc597\uace0 \uc608\uc05c \uc870\uac1c\uaecd\uc9c8.",
            "version_group": {
                "name": "lets-go-pikachu-lets-go-eevee",
                "url": "/api/v2/version-group/19/"
            }
        },
        {
            "language": {
                "name": "zh-Hant",
                "url": "/api/v2/language/4/"
            },
            "text": "\u7f8e\u9e97\u7684\u767d\u8272\u8c9d\u6bbc\u3002\n\u53ef\u80fd\u662f\u5f9e\u6eab\u6696\u7684\u6d77\u57df\n\u6f02\u6d41\u904e\u4f86\u7684\u3002",
            "version_group": {
                "name": "lets-go-pikachu-lets-go-eevee",
                "url": "/api/v2/version-group/19/"
            }
        },
        {
            "language": {
                "name": "fr",
                "url": "/api/v2/language/5/"
            },
            "text": "Un joli coquillage blanc. Il a peut-\u00eatre \u00e9t\u00e9 port\u00e9\npar les vagues depuis une r\u00e9gion tropicale.",
            "version_group": {
                "name": "lets-go-pikachu-lets-go-eevee",
                "url": "/api/v2/version-group/19/"
            }
        },
        {
            "language": {
                "name": "de",
                "url": "/api/v2/language/6/"
            },
            "text": "Eine wundersch\u00f6ne wei\u00dfe Muschelschale. Vermutlich\nstammt sie aus dem Meer einer w\u00e4rmeren Region und\nwurde von der Str\u00f6mung angesp\u00fclt.",
            "version_group": {
                "name": "lets-go-pikachu-lets-go-eevee",
                "url": "/api/v2/version-group/19/"
            }
        },
        {
            "language": {
                "name": "es",
                "url": "/api/v2/language/7/"
            },
            "text": "Preciosa concha de color blanco que quiz\u00e1 haya sido\narrastrada por las corrientes marinas desde mares de\nregiones m\u00e1s c\u00e1lidas.",
            "version_group": {
                "name": "lets-go-pikachu-lets-go-eevee",
                "url": "/api/v2/version-group/19/"
            }
        },
        {
            "language": {
                "name": "it",
                "url": "/api/v2/language/8/"
            },
            "text": "Una bellissima conchiglia bianca, forse arrivata dalle\nregioni calde sulla scia delle correnti marine.",
            "version_group": {
                "name": "lets-go-pikachu-lets-go-eevee",
                "url": "/api/v2/version-group/19/"
            }
        },
        {
            "language": {
                "name": "en",
                "url": "/api/v2/language/9/"
            },
            "text": "A beautiful white shell that may have drifted from\na sea in a warm region.",
            "version_group": {
                "name": "lets-go-pikachu-lets-go-eevee",
                "url": "/api/v2/version-group/19/"
            }
        },
        {
            "language": {
                "name": "ja",
                "url": "/api/v2/language/11/"
            },
            "text": "\u3042\u305f\u305f\u304b\u3044\u3000\u5730\u65b9\u306e\u3000\u6d77\u304b\u3089\n\u6d41\u308c\u3064\u3044\u305f\u3000\u304b\u3082\u3000\u3057\u308c\u306a\u3044\n\u767d\u304f\u3066\u3000\u304d\u308c\u3044\u306a\u3000\u8c9d\u304c\u3089\u3002",
            "version_group": {
                "name": "lets-go-pikachu-lets-go-eevee",
                "url": "/api/v2/version-group/19/"
            }
        },
        {
            "language": {
                "name": "zh-Hans",
                "url": "/api/v2/language/12/"
            },
            "text": "\u7f8e\u4e3d\u7684\u767d\u8272\u8d1d\u58f3\u3002\n\u6216\u8bb8\u662f\u4ece\u6e29\u6696\u7684\u6d77\u57df\u90a3\u91cc\n\u6f02\u6d41\u5230\u8fd9\u91cc\u7684\u3002",
            "version_group": {
                "name": "lets-go-pikachu-lets-go-eevee",
                "url": "/api/v2/version-group/19/"
            }
        },
        {
            "language": {
                "name": "ja-Hrkt",
                "url": "/api/v2/language/1/"
            },
            "text": "\u3042\u305f\u305f\u304b\u3044\u3000\u3061\u307b\u3046\u306e\u3000\u3046\u307f\u304b\u3089\n\u306a\u304c\u308c\u3064\u3044\u305f\u3000\u304b\u3082\u3000\u3057\u308c\u306a\u3044\n\u3057\u308d\u304f\u3066\u3000\u304d\u308c\u3044\u306a\u3000\u304b\u3044\u304c\u3089\u3002",
            "version_group": {
                "name": "sword-shield",
                "url": "/api/v2/version-group/20/"
            }
        },
        {
            "language": {
                "name": "ko",
                "url": "/api/v2/language/3/"
            },
            "text": "\ub530\ub73b\ud55c \uc9c0\ubc29\uc758 \ubc14\ub2e4\uc5d0\uc11c\n\ud758\ub7ec\ub4e4\uc5b4 \uc654\uc744\uc9c0\ub3c4 \ubaa8\ub974\ub294\n\ud558\uc597\uace0 \uc608\uc05c \uc870\uac1c\uaecd\uc9c8.",
            "version_group": {
                "name": "sword-shield",
                "url": "/api/v2/version-group/20/"
            }
        },
        {
            "language": {
                "name": "zh-Hant",
                "url": "/api/v2/language/4/"
            },
            "text": "\u7f8e\u9e97\u7684\u767d\u8272\u8c9d\u6bbc\u3002\n\u53ef\u80fd\u662f\u5f9e\u6eab\u6696\u7684\u6d77\u57df\n\u6f02\u6d41\u904e\u4f86\u7684\u3002",
            "version_group": {
                "name": "sword-shield",
                "url": "/api/v2/version-group/20/"
            }
        },
        {
            "language": {
                "name": "fr",
                "url": "/api/v2/language/5/"
            },
            "text": "Un joli coquillage blanc. Il a peut-\u00eatre \u00e9t\u00e9 port\u00e9\npar les vagues depuis une r\u00e9gion tropicale.",
            "version_group": {
                "name": "sword-shield",
                "url": "/api/v2/version-group/20/"
            }
        },
        {
            "language": {
                "name": "de",
                "url": "/api/v2/language/6/"
            },
            "text": "Eine wundersch\u00f6ne wei\u00dfe Muschelschale. Vermutlich\nstammt sie aus dem Meer einer w\u00e4rmeren Region und\nwurde von der Str\u00f6mung angesp\u00fclt.",
            "version_group": {
                "name": "sword-shield",
                "url": "/api/v2/version-group/20/"
            }
        },
        {
            "language": {
                "name": "es",
                "url": "/api/v2/language/7/"
            },
            "text": "Preciosa concha de color blanco que quiz\u00e1 haya sido\narrastrada por las corrientes marinas desde mares de\nregiones m\u00e1s c\u00e1lidas.",
            "version_group": {
                "name": "sword-shield",
                "url": "/api/v2/version-group/20/"
            }
        },
        {
            "language": {
                "name": "it",
                "url": "/api/v2/language/8/"
            },
            "text": "Una bellissima conchiglia bianca, forse arrivata dalle\nregioni calde sulla scia delle correnti marine.",
            "version_group": {
                "name": "sword-shield",
                "url": "/api/v2/version-group/20/"
            }
        },
        {
            "language": {
                "name": "en",
                "url": "/api/v2/language/9/"
            },
            "text": "A beautiful white shell that may have drifted from\na sea in a warm region.",
            "version_group": {
                "name": "sword-shield",
                "url": "/api/v2/version-group/20/"
            }
        },
        {
            "language": {
                "name": "ja",
                "url": "/api/v2/language/11/"
            },
            "text": "\u3042\u305f\u305f\u304b\u3044\u3000\u5730\u65b9\u306e\u3000\u6d77\u304b\u3089\n\u6d41\u308c\u3064\u3044\u305f\u3000\u304b\u3082\u3000\u3057\u308c\u306a\u3044\n\u767d\u304f\u3066\u3000\u304d\u308c\u3044\u306a\u3000\u8c9d\u304c\u3089\u3002",
            "version_group": {
                "name": "sword-shield",
                "url": "/api/v2/version-group/20/"
            }
        },
        {
            "language": {
                "name": "zh-Hans",
                "url": "/api/v2/language/12/"
            },
            "text": "\u7f8e\u4e3d\u7684\u767d\u8272\u8d1d\u58f3\u3002\n\u6216\u8bb8\u662f\u4ece\u6e29\u6696\u7684\u6d77\u57df\u90a3\u91cc\n\u6f02\u6d41\u5230\u8fd9\u91cc\u7684\u3002",
            "version_group": {
                "name": "sword-shield",
                "url": "/api/v2/version-group/20/"
            }
        }
    ],
    "fling_effect": null,
    "fling_power": 30,
    "game_indices": [
        {
            "game_index": 893,
            "generation": {
                "name": "generation-vii",
                "url": "/api/v2/generation/7/"
            }
        },
        {
            "game_index": 893,
            "generation": {
                "name": "generation-viii",
                "url": "/api/v2/generation/8/"
            }
        }
    ],
    "held_by_pokemon": [],
    "id": 1032,
    "machines": [],
    "name": "tropical-shell",
    "names": [
        {
            "language": {
                "name": "ja-Hrkt",
                "url": "/api/v2/language/1/"
            },
            "name": "\u306a\u3093\u3054\u304f\u304b\u3044\u304c\u3089"
        },
        {
            "language": {
                "name": "ko",
                "url": "/api/v2/language/3/"
            },
            "name": "\ud2b8\ub85c\ud53c\uceec\uc870\uac1c\uaecd\uc9c8"
        },
        {
            "language": {
                "name": "zh-Hant",
                "url": "/api/v2/language/4/"
            },
            "name": "\u5357\u570b\u8c9d\u6bbc"
        },
        {
            "language": {
                "name": "fr",
                "url": "/api/v2/language/5/"
            },
            "name": "Coquille du Sud"
        },
        {
            "language": {
                "name": "de",
                "url": "/api/v2/language/6/"
            },
            "name": "Tropenmuschel"
        },
        {
            "language": {
                "name": "es",
                "url": "/api/v2/language/7/"
            },
            "name": "Concha Tropical"
        },
        {
            "language": {
                "name": "it",
                "url": "/api/v2/language/8/"
            },
            "name": "Tropiconchiglia"
        },
        {
            "language": {
                "name": "en",
                "url": "/api/v2/language/9/"
            },
            "name": "Tropical Shell"
        },
        {
            "language": {
                "name": "ja",
                "url": "/api/v2/language/11/"
            },
            "name": "\u306a\u3093\u3054\u304f\u304b\u3044\u304c\u3089"
        },
        {
            "language": {
                "name": "zh-Hans",
                "url": "/api/v2/language/12/"
            },
            "name": "\u5357\u56fd\u8d1d\u58f3"
        }
    ],
    "sprites": {
        "default": null
    }
}