{
    "attributes": [],
    "baby_trigger_for": null,
    "category": {
        "name": "all-machines",
        "url": "/api/v2/item-category/37/"
    },
    "cost": 4000,
    "effect_entries": [],
    "flavor_text_entries": [
        {
            "language": {
                "name": "ja-Hrkt",
                "url": "/api/v2/language/1/"
            },
            "text": "\u3042\u305f\u307e\u3092\u3000\u304b\u3089\u306b\u3057\u3066\n\u3044\u3063\u3057\u3085\u3093\u3000\u306a\u306b\u304b\u3092\u3000\u308f\u3059\u308c\u308b\u3000\u3053\u3068\u3067\n\u3058\u3076\u3093\u306e\u3000\u3068\u304f\u307c\u3046\u3092\u3000\u3050\u30fc\u3093\u3068\u3000\u3042\u3052\u308b\u3002",
            "version_group": {
                "name": "sword-shield",
                "url": "/api/v2/version-group/20/"
            }
        },
        {
            "language": {
                "name": "ko",
                "url": "/api/v2/language/3/"
            },
            "text": "\uba38\ub9ac\ub97c \ube44\uc6cc\uc11c \uc21c\uac04\uc801\uc73c\ub85c\n\ubb34\uc5b8\uac00\ub97c \uc78a\uc5b4\ubc84\ub9bc\uc73c\ub85c\uc368\n\uc790\uc2e0\uc758 \ud2b9\uc218\ubc29\uc5b4\ub97c \ud06c\uac8c \uc62c\ub9b0\ub2e4.",
            "version_group": {
                "name": "sword-shield",
                "url": "/api/v2/version-group/20/"
            }
        },
        {
            "language": {
                "name": "zh-Hant",
                "url": "/api/v2/language/4/"
            },
            "text": "\u5c07\u982d\u8166\u6e05\u7a7a\uff0c\n\u85c9\u7531\u5728\u4e00\u77ac\u9593\u907a\u5fd8\u67d0\u4e9b\u4e8b\n\u5927\u5e45\u63d0\u9ad8\u81ea\u5df1\u7684\u7279\u9632\u3002",
            "version_group": {
                "name": "sword-shield",
                "url": "/api/v2/version-group/20/"
            }
        },
        {
            "language": {
                "name": "fr",
                "url": "/api/v2/language/5/"
            },
            "text": "Le lanceur fait le vide dans son esprit pour oublier\nses soucis. Augmente beaucoup sa D\u00e9fense Sp\u00e9ciale.",
            "version_group": {
                "name": "sword-shield",
                "url": "/api/v2/version-group/20/"
            }
        },
        {
            "language": {
                "name": "de",
                "url": "/api/v2/language/6/"
            },
            "text": "Ged\u00e4chtnisverlust, der die Spezial-Verteidigung\nstark erh\u00f6ht.",
            "version_group": {
                "name": "sword-shield",
                "url": "/api/v2/version-group/20/"
            }
        },
        {
            "language": {
                "name": "es",
                "url": "/api/v2/language/7/"
            },
            "text": "El usuario olvida sus preocupaciones y aumenta mucho\nla Defensa Especial.",
            "version_group": {
                "name": "sword-shield",
                "url": "/api/v2/version-group/20/"
            }
        },
        {
            "language": {
                "name": "it",
                "url": "/api/v2/language/8/"
            },
            "text": "Chi la usa svuota per un po\u2019 la mente per dimenticare\ni problemi. La Difesa Speciale aumenta di molto.",
            "version_group": {
                "name": "sword-shield",
                "url": "/api/v2/version-group/20/"
            }
        },
        {
            "language": {
                "name": "en",
                "url": "/api/v2/language/9/"
            },
            "text": "The user temporarily empties its mind to forget its\nconcerns. This sharply raises the user\u2019s Sp. Def stat.",
            "version_group": {
                "name": "sword-shield",
                "url": "/api/v2/version-group/20/"
            }
        },
        {
            "language": {
                "name": "ja",
                "url": "/api/v2/language/11/"
            },
            "text": "\u982d\u3092\u3000\u304b\u3089\u306b\u3057\u3066\n\u4e00\u77ac\u3000\u306a\u306b\u304b\u3092\u3000\u5fd8\u308c\u308b\u3053\u3068\u3067\n\u81ea\u5206\u306e\u3000\u7279\u9632\u3092\u3000\u3050\u30fc\u3093\u3068\u3000\u3042\u3052\u308b\u3002",
            "version_group": {
                "name": "sword-shield",
                "url": "/api/v2/version-group/20/"
            }
        },
        {
            "language": {
                "name": "zh-Hans",
                "url": "/api/v2/language/12/"
            },
            "text": "\u5c06\u5934\u8111\u6e05\u7a7a\uff0c\n\u77ac\u95f4\u5fd8\u8bb0\u67d0\u4e8b\uff0c\n\u4ece\u800c\u5927\u5e45\u63d0\u9ad8\u81ea\u5df1\u7684\u7279\u9632\u3002",
            "version_group": {
                "name": "sword-shield",
                "url": "/api/v2/version-group/20/"
            }
        }
    ],
    "fling_effect": null,
    "fling_power": 10,
    "game_indices": [
        {
            "game_index": 1147,
            "generation": {
                "name": "generation-viii",
                "url": "/api/v2/generation/8/"
            }
        }
    ],
    "held_by_pokemon": [],
    "id": 1205,
    "machines": [
        {
            "machine": {
                "url": "/api/v2/machine/1606/"
            },
            "version_group": {
                "name": "sword-shield",
                "url": "/api/v2/version-group/20/"
            }
        }
    ],
    "name": "tr17",
    "names": [
        {
            "language": {
                "name": "ja-Hrkt",
                "url": "/api/v2/language/1/"
            },
            "name": "\u308f\u3056\u30ec\u30b3\u30fc\u30c9\uff11\uff17"
        },
        {
            "language": {
                "name": "ko",
                "url": "/api/v2/language/3/"
            },
            "name": "\uae30\uc220\ub808\ucf54\ub4dc17"
        },
        {
            "language": {
                "name": "zh-Hant",
                "url": "/api/v2/language/4/"
            },
            "name": "\u62db\u5f0f\u7d00\u9304\uff11\uff17"
        },
        {
            "language": {
                "name": "fr",
                "url": "/api/v2/language/5/"
            },
            "name": "DT17"
        },
        {
            "language": {
                "name": "de",
                "url": "/api/v2/language/6/"
            },
            "name": "TP17"
        },
        {
            "language": {
                "name": "es",
                "url": "/api/v2/language/7/"
            },
            "name": "DT17"
        },
        {
            "language": {
                "name": "it",
                "url": "/api/v2/language/8/"
            },
            "name": "DT17"
        },
        {
            "language": {
                "name": "en",
                "url": "/api/v2/language/9/"
            },
            "name": "TR17"
        },
        {
            "language": {
                "name": "ja",
                "url": "/api/v2/language/11/"
            },
            "name": "\u308f\u3056\u30ec\u30b3\u30fc\u30c9\uff11\uff17"
        },
        {
            "language": {
                "name": "zh-Hans",
                "url": "/api/v2/language/12/"
            },
            "name": "\u62db\u5f0f\u8bb0\u5f55\uff11\uff17"
        }
    ],
    "sprites": {
        "default": null
    }
}