{
    "attributes": [
        {
            "name": "countable",
            "url": "/api/v2/item-attribute/1/"
        },
        {
            "name": "consumable",
            "url": "/api/v2/item-attribute/2/"
        },
        {
            "name": "usable-in-battle",
            "url": "/api/v2/item-attribute/4/"
        },
        {
            "name": "holdable",
            "url": "/api/v2/item-attribute/5/"
        }
    ],
    "baby_trigger_for": null,
    "category": {
        "name": "special-balls",
        "url": "/api/v2/item-category/33/"
    },
    "cost": 1000,
    "effect_entries": [
        {
            "effect": "Used in battle\n:   Attempts to catch a wild Pok\u00e9mon.  Has a catch rate of 1.1\u00d7 on the first turn of the battle and increases by 0.1\u00d7 every turn, to a maximum of 4\u00d7 on turn 30.\n\n    If used in a trainer battle, nothing happens and the ball is lost.",
            "language": {
                "name": "en",
                "url": "/api/v2/language/9/"
            },
            "short_effect": "Tries to catch a wild Pok\u00e9mon. Success rate increases by 0.1\u00d7 (Gen V: 0.3\u00d7) every turn, to a max of 4\u00d7."
        }
    ],
    "flavor_text_entries": [
        {
            "language": {
                "name": "ko",
                "url": "/api/v2/language/3/"
            },
            "text": "\ud134 \uc218\uac00 \uae38\uc5b4\uc9c0\uba74 \uae38\uc5b4\uc9c8\uc218\ub85d\n\ud3ec\ucf13\ubaac\uc744 \uc7a1\uae30 \uc26c\uc6b4\n\uc870\uae08 \ud2b9\uc774\ud55c \ubcfc.",
            "version_group": {
                "name": "sword-shield",
                "url": "/api/v2/version-group/20/"
            }
        },
        {
            "language": {
                "name": "en",
                "url": "/api/v2/language/9/"
            },
            "text": "More effective as\nmore turns are\ntaken in battle.",
            "version_group": {
                "name": "ruby-sapphire",
                "url": "/api/v2/version-group/5/"
            }
        },
        {
            "language": {
                "name": "en",
                "url": "/api/v2/language/9/"
            },
            "text": "A BALL that gains\npower in battles\ntaking many turns.",
            "version_group": {
                "name": "emerald",
                "url": "/api/v2/version-group/6/"
            }
        },
        {
            "language": {
                "name": "en",
                "url": "/api/v2/language/9/"
            },
            "text": "A somewhat different BALL that\nbecomes progressively better the\nmore turns there are in a battle.",
            "version_group": {
                "name": "firered-leafgreen",
                "url": "/api/v2/version-group/7/"
            }
        },
        {
            "language": {
                "name": "en",
                "url": "/api/v2/language/9/"
            },
            "text": "A somewhat different Ball that\nbecomes progressively better the\nmore turns there are in a battle.",
            "version_group": {
                "name": "diamond-pearl",
                "url": "/api/v2/version-group/8/"
            }
        },
        {
            "language": {
                "name": "en",
                "url": "/api/v2/language/9/"
            },
            "text": "A somewhat different Ball that\nbecomes progressively better the\nmore turns there are in a battle.",
            "version_group": {
                "name": "platinum",
                "url": "/api/v2/version-group/9/"
            }
        },
        {
            "language": {
                "name": "en",
                "url": "/api/v2/language/9/"
            },
            "text": "A somewhat different Ball that\nbecomes progressively better the\nmore turns there are in a battle.",
            "version_group": {
                "name": "heartgold-soulsilver",
                "url": "/api/v2/version-group/10/"
            }
        },
        {
            "language": {
                "name": "fr",
                "url": "/api/v2/language/5/"
            },
            "text": "Une Pok\u00e9 Ball un peu sp\u00e9ciale qui\nfonctionne de mieux en mieux \u00e0\nmesure que le combat s\u2019\u00e9ternise.",
            "version_group": {
                "name": "black-white",
                "url": "/api/v2/version-group/11/"
            }
        },
        {
            "language": {
                "name": "en",
                "url": "/api/v2/language/9/"
            },
            "text": "A somewhat different Ball that\nbecomes progressively better the\nmore turns there are in a battle.",
            "version_group": {
                "name": "black-white",
                "url": "/api/v2/version-group/11/"
            }
        },
        {
            "language": {
                "name": "en",
                "url": "/api/v2/language/9/"
            },
            "text": "A somewhat different Ball that\nbecomes progressively better the\nmore turns there are in a battle.",
            "version_group": {
                "name": "black-2-white-2",
                "url": "/api/v2/version-group/14/"
            }
        },
        {
            "language": {
                "name": "ja-Hrkt",
                "url": "/api/v2/language/1/"
            },
            "text": "\u30bf\u30fc\u30f3\u3059\u3046\u304c\u3000\u304b\u304b\u308c\u3070\u3000\u304b\u304b\u308b\u307b\u3069\n\u30dd\u30b1\u30e2\u30f3\u304c\u3000\u3064\u304b\u307e\u3048\u3084\u3059\u304f\u306a\u308b\n\u3061\u3087\u3063\u3068\u3000\u304b\u308f\u3063\u305f\u3000\u30dc\u30fc\u30eb\u3002",
            "version_group": {
                "name": "x-y",
                "url": "/api/v2/version-group/15/"
            }
        },
        {
            "language": {
                "name": "ko",
                "url": "/api/v2/language/3/"
            },
            "text": "\ud134 \uc218\uac00 \uae38\uc5b4\uc9c0\uba74 \uae38\uc5b4\uc9c8\uc218\ub85d\n\ud3ec\ucf13\ubaac\uc744 \uc7a1\uae30 \uc26c\uc6b4\n\uc870\uae08 \ud2b9\uc774\ud55c \ubcfc.",
            "version_group": {
                "name": "x-y",
                "url": "/api/v2/version-group/15/"
            }
        },
        {
            "language": {
                "name": "fr",
                "url": "/api/v2/language/5/"
            },
            "text": "Une Pok\u00e9 Ball un peu sp\u00e9ciale qui fonctionne\nde mieux en mieux \u00e0 mesure que le combat\ns\u2019\u00e9ternise.",
            "version_group": {
                "name": "x-y",
                "url": "/api/v2/version-group/15/"
            }
        },
        {
            "language": {
                "name": "de",
                "url": "/api/v2/language/6/"
            },
            "text": "Ein Ball, der mit zunehmender Kampfdauer\neffektiver wird.",
            "version_group": {
                "name": "x-y",
                "url": "/api/v2/version-group/15/"
            }
        },
        {
            "language": {
                "name": "es",
                "url": "/api/v2/language/7/"
            },
            "text": "Una Pok\u00e9 Ball algo distinta que va mejorando\nsu rendimiento con cada turno de combate.",
            "version_group": {
                "name": "x-y",
                "url": "/api/v2/version-group/15/"
            }
        },
        {
            "language": {
                "name": "it",
                "url": "/api/v2/language/8/"
            },
            "text": "Pok\u00e9 Ball un po\u2019 diversa che diventa\nprogressivamente pi\u00f9 efficace con l\u2019aumentare\ndei turni in lotta.",
            "version_group": {
                "name": "x-y",
                "url": "/api/v2/version-group/15/"
            }
        },
        {
            "language": {
                "name": "en",
                "url": "/api/v2/language/9/"
            },
            "text": "A somewhat different Pok\u00e9 Ball that\nbecomes progressively more effective\nthe more turns that are taken in battle.",
            "version_group": {
                "name": "x-y",
                "url": "/api/v2/version-group/15/"
            }
        },
        {
            "language": {
                "name": "ja",
                "url": "/api/v2/language/11/"
            },
            "text": "\u30bf\u30fc\u30f3\u6570\u304c\u3000\u304b\u304b\u308c\u3070\u3000\u304b\u304b\u308b\u307b\u3069\n\u30dd\u30b1\u30e2\u30f3\u304c\u3000\u6355\u307e\u3048\u3084\u3059\u304f\u306a\u308b\n\u3061\u3087\u3063\u3068\u3000\u5909\u308f\u3063\u305f\u3000\u30dc\u30fc\u30eb\u3002",
            "version_group": {
                "name": "x-y",
                "url": "/api/v2/version-group/15/"
            }
        },
        {
            "language": {
                "name": "ja-Hrkt",
                "url": "/api/v2/language/1/"
            },
            "text": "\u30bf\u30fc\u30f3\u3059\u3046\u304c\u3000\u304b\u304b\u308c\u3070\u3000\u304b\u304b\u308b\u307b\u3069\n\u30dd\u30b1\u30e2\u30f3\u304c\u3000\u3064\u304b\u307e\u3048\u3084\u3059\u304f\u306a\u308b\n\u3061\u3087\u3063\u3068\u3000\u304b\u308f\u3063\u305f\u3000\u30dc\u30fc\u30eb\u3002",
            "version_group": {
                "name": "sun-moon",
                "url": "/api/v2/version-group/17/"
            }
        },
        {
            "language": {
                "name": "ko",
                "url": "/api/v2/language/3/"
            },
            "text": "\ud134 \uc218\uac00 \uae38\uc5b4\uc9c0\uba74 \uae38\uc5b4\uc9c8\uc218\ub85d\n\ud3ec\ucf13\ubaac\uc744 \uc7a1\uae30 \uc26c\uc6b4\n\uc870\uae08 \ud2b9\uc774\ud55c \ubcfc.",
            "version_group": {
                "name": "sun-moon",
                "url": "/api/v2/version-group/17/"
            }
        },
        {
            "language": {
                "name": "zh-Hant",
                "url": "/api/v2/language/4/"
            },
            "text": "\u6709\u9ede\u8207\u773e\u4e0d\u540c\u7684\u7403\u3002\n\u56de\u5408\u6578\u82b1\u8cbb\u5f97\u8d8a\u591a\uff0c\n\u5c31\u8d8a\u5bb9\u6613\u6349\u5230\u5bf6\u53ef\u5922\u3002",
            "version_group": {
                "name": "sun-moon",
                "url": "/api/v2/version-group/17/"
            }
        },
        {
            "language": {
                "name": "fr",
                "url": "/api/v2/language/5/"
            },
            "text": "Une Pok\u00e9 Ball un peu sp\u00e9ciale qui fonctionne\nde mieux en mieux \u00e0 mesure que le combat\ns\u2019\u00e9ternise.",
            "version_group": {
                "name": "sun-moon",
                "url": "/api/v2/version-group/17/"
            }
        },
        {
            "language": {
                "name": "de",
                "url": "/api/v2/language/6/"
            },
            "text": "Ein Ball, der mit zunehmender Kampfdauer\neffektiver wird.",
            "version_group": {
                "name": "sun-moon",
                "url": "/api/v2/version-group/17/"
            }
        },
        {
            "language": {
                "name": "es",
                "url": "/api/v2/language/7/"
            },
            "text": "Una Pok\u00e9 Ball algo distinta que va mejorando su\nrendimiento con cada turno de combate.",
            "version_group": {
                "name": "sun-moon",
                "url": "/api/v2/version-group/17/"
            }
        },
        {
            "language": {
                "name": "it",
                "url": "/api/v2/language/8/"
            },
            "text": "Pok\u00e9 Ball un po\u2019 diversa che diventa\nprogressivamente pi\u00f9 efficace con il passare\ndei turni nella lotta.",
            "version_group": {
                "name": "sun-moon",
                "url": "/api/v2/version-group/17/"
            }
        },
        {
            "language": {
                "name": "en",
                "url": "/api/v2/language/9/"
            },
            "text": "A somewhat different Pok\u00e9 Ball that becomes\nprogressively more effective the more turns that\nare taken in battle.",
            "version_group": {
                "name": "sun-moon",
                "url": "/api/v2/version-group/17/"
            }
        },
        {
            "language": {
                "name": "ja",
                "url": "/api/v2/language/11/"
            },
            "text": "\u30bf\u30fc\u30f3\u6570\u304c\u3000\u304b\u304b\u308c\u3070\u3000\u304b\u304b\u308b\u307b\u3069\n\u30dd\u30b1\u30e2\u30f3\u304c\u3000\u6355\u307e\u3048\u3084\u3059\u304f\u306a\u308b\n\u3061\u3087\u3063\u3068\u3000\u5909\u308f\u3063\u305f\u3000\u30dc\u30fc\u30eb\u3002",
            "version_group": {
                "name": "sun-moon",
                "url": "/api/v2/version-group/17/"
            }
        },
        {
            "language": {
                "name": "zh-Hans",
                "url": "/api/v2/language/12/"
            },
            "text": "\u6709\u70b9\u4e0e\u4f17\u4e0d\u540c\u7684\u7403\u3002\n\u56de\u5408\u6570\u82b1\u8d39\u5f97\u8d8a\u591a\uff0c\n\u5b9d\u53ef\u68a6\u5c31\u4f1a\u8d8a\u5bb9\u6613\u6355\u6349\u3002",
            "version_group": {
                "name": "sun-moon",
                "url": "/api/v2/version-group/17/"
            }
        },
        {
            "language": {
                "name": "ja-Hrkt",
                "url": "/api/v2/language/1/"
            },
            "text": "\u30bf\u30fc\u30f3\u3059\u3046\u304c\u3000\u304b\u304b\u308c\u3070\u3000\u304b\u304b\u308b\u307b\u3069\n\u30dd\u30b1\u30e2\u30f3\u304c\u3000\u3064\u304b\u307e\u3048\u3084\u3059\u304f\u306a\u308b\n\u3061\u3087\u3063\u3068\u3000\u304b\u308f\u3063\u305f\u3000\u30dc\u30fc\u30eb\u3002",
            "version_group": {
                "name": "ultra-sun-ultra-moon",
                "url": "/api/v2/version-group/18/"
            }
        },
        {
            "language": {
                "name": "ko",
                "url": "/api/v2/language/3/"
            },
            "text": "\ud134 \uc218\uac00 \uae38\uc5b4\uc9c0\uba74 \uae38\uc5b4\uc9c8\uc218\ub85d\n\ud3ec\ucf13\ubaac\uc744 \uc7a1\uae30 \uc26c\uc6b4\n\uc870\uae08 \ud2b9\uc774\ud55c \ubcfc.",
            "version_group": {
                "name": "ultra-sun-ultra-moon",
                "url": "/api/v2/version-group/18/"
            }
        },
        {
            "language": {
                "name": "zh-Hant",
                "url": "/api/v2/language/4/"
            },
            "text": "\u6709\u9ede\u8207\u773e\u4e0d\u540c\u7684\u7403\u3002\n\u56de\u5408\u6578\u82b1\u8cbb\u5f97\u8d8a\u591a\uff0c\n\u5c31\u8d8a\u5bb9\u6613\u6349\u5230\u5bf6\u53ef\u5922\u3002",
            "version_group": {
                "name": "ultra-sun-ultra-moon",
                "url": "/api/v2/version-group/18/"
            }
        },
        {
            "language": {
                "name": "fr",
                "url": "/api/v2/language/5/"
            },
            "text": "Une Pok\u00e9 Ball un peu sp\u00e9ciale qui fonctionne\nde mieux en mieux \u00e0 mesure que le combat\ns\u2019\u00e9ternise.",
            "version_group": {
                "name": "ultra-sun-ultra-moon",
                "url": "/api/v2/version-group/18/"
            }
        },
        {
            "language": {
                "name": "de",
                "url": "/api/v2/language/6/"
            },
            "text": "Ein Ball, der mit zunehmender Kampfdauer\neffektiver wird.",
            "version_group": {
                "name": "ultra-sun-ultra-moon",
                "url": "/api/v2/version-group/18/"
            }
        },
        {
            "language": {
                "name": "es",
                "url": "/api/v2/language/7/"
            },
            "text": "Una Pok\u00e9 Ball algo distinta que va mejorando su\nrendimiento con cada turno de combate.",
            "version_group": {
                "name": "ultra-sun-ultra-moon",
                "url": "/api/v2/version-group/18/"
            }
        },
        {
            "language": {
                "name": "it",
                "url": "/api/v2/language/8/"
            },
            "text": "Pok\u00e9 Ball un po\u2019 diversa che diventa\nprogressivamente pi\u00f9 efficace con il passare\ndei turni nella lotta.",
            "version_group": {
                "name": "ultra-sun-ultra-moon",
                "url": "/api/v2/version-group/18/"
            }
        },
        {
            "language": {
                "name": "en",
                "url": "/api/v2/language/9/"
            },
            "text": "A somewhat different Pok\u00e9 Ball that becomes\nprogressively more effective the more turns that\nare taken in battle.",
            "version_group": {
                "name": "ultra-sun-ultra-moon",
                "url": "/api/v2/version-group/18/"
            }
        },
        {
            "language": {
                "name": "ja",
                "url": "/api/v2/language/11/"
            },
            "text": "\u30bf\u30fc\u30f3\u6570\u304c\u3000\u304b\u304b\u308c\u3070\u3000\u304b\u304b\u308b\u307b\u3069\n\u30dd\u30b1\u30e2\u30f3\u304c\u3000\u6355\u307e\u3048\u3084\u3059\u304f\u306a\u308b\n\u3061\u3087\u3063\u3068\u3000\u5909\u308f\u3063\u305f\u3000\u30dc\u30fc\u30eb\u3002",
            "version_group": {
                "name": "ultra-sun-ultra-moon",
                "url": "/api/v2/version-group/18/"
            }
        },
        {
            "language": {
                "name": "zh-Hans",
                "url": "/api/v2/language/12/"
            },
            "text": "\u6709\u70b9\u4e0e\u4f17\u4e0d\u540c\u7684\u7403\u3002\n\u56de\u5408\u6570\u82b1\u8d39\u5f97\u8d8a\u591a\uff0c\n\u5b9d\u53ef\u68a6\u5c31\u4f1a\u8d8a\u5bb9\u6613\u6355\u6349\u3002",
            "version_group": {
                "name": "ultra-sun-ultra-moon",
                "url": "/api/v2/version-group/18/"
            }
        },
        {
            "language": {
                "name": "ja-Hrkt",
                "url": "/api/v2/language/1/"
            },
            "text": "\u30bf\u30fc\u30f3\u3059\u3046\u304c\u3000\u304b\u304b\u308c\u3070\u3000\u304b\u304b\u308b\u307b\u3069\n\u30dd\u30b1\u30e2\u30f3\u304c\u3000\u3064\u304b\u307e\u3048\u3084\u3059\u304f\u306a\u308b\n\u3061\u3087\u3063\u3068\u3000\u304b\u308f\u3063\u305f\u3000\u30dc\u30fc\u30eb\u3002",
            "version_group": {
                "name": "lets-go-pikachu-lets-go-eevee",
                "url": "/api/v2/version-group/19/"
            }
        },
        {
            "language": {
                "name": "ko",
                "url": "/api/v2/language/3/"
            },
            "text": "\ud134 \uc218\uac00 \uae38\uc5b4\uc9c0\uba74 \uae38\uc5b4\uc9c8\uc218\ub85d\n\ud3ec\ucf13\ubaac\uc744 \uc7a1\uae30 \uc26c\uc6b4\n\uc870\uae08 \ud2b9\uc774\ud55c \ubcfc.",
            "version_group": {
                "name": "lets-go-pikachu-lets-go-eevee",
                "url": "/api/v2/version-group/19/"
            }
        },
        {
            "language": {
                "name": "zh-Hant",
                "url": "/api/v2/language/4/"
            },
            "text": "\u6709\u9ede\u8207\u773e\u4e0d\u540c\u7684\u7403\u3002\n\u56de\u5408\u6578\u82b1\u8cbb\u5f97\u8d8a\u591a\uff0c\n\u5c31\u8d8a\u5bb9\u6613\u6349\u5230\u5bf6\u53ef\u5922\u3002",
            "version_group": {
                "name": "lets-go-pikachu-lets-go-eevee",
                "url": "/api/v2/version-group/19/"
            }
        },
        {
            "language": {
                "name": "fr",
                "url": "/api/v2/language/5/"
            },
            "text": "Une Pok\u00e9 Ball un peu sp\u00e9ciale qui fonctionne de mieux\nen mieux \u00e0 mesure que le combat s\u2019\u00e9ternise.",
            "version_group": {
                "name": "lets-go-pikachu-lets-go-eevee",
                "url": "/api/v2/version-group/19/"
            }
        },
        {
            "language": {
                "name": "de",
                "url": "/api/v2/language/6/"
            },
            "text": "Ein Ball, der mit zunehmender Kampfdauer\neffektiver wird.",
            "version_group": {
                "name": "lets-go-pikachu-lets-go-eevee",
                "url": "/api/v2/version-group/19/"
            }
        },
        {
            "language": {
                "name": "es",
                "url": "/api/v2/language/7/"
            },
            "text": "Una Pok\u00e9 Ball algo distinta que va mejorando su\nrendimiento con cada turno de combate.",
            "version_group": {
                "name": "lets-go-pikachu-lets-go-eevee",
                "url": "/api/v2/version-group/19/"
            }
        },
        {
            "language": {
                "name": "it",
                "url": "/api/v2/language/8/"
            },
            "text": "Pok\u00e9 Ball un po\u2019 diversa che diventa\nprogressivamente pi\u00f9 efficace con il passare\ndei turni nella lotta.",
            "version_group": {
                "name": "lets-go-pikachu-lets-go-eevee",
                "url": "/api/v2/version-group/19/"
            }
        },
        {
            "language": {
                "name": "en",
                "url": "/api/v2/language/9/"
            },
            "text": "A somewhat different Pok\u00e9 Ball that becomes\nprogressively more effective the more turns that\nare taken in battle.",
            "version_group": {
                "name": "lets-go-pikachu-lets-go-eevee",
                "url": "/api/v2/version-group/19/"
            }
        },
        {
            "language": {
                "name": "ja",
                "url": "/api/v2/language/11/"
            },
            "text": "\u30bf\u30fc\u30f3\u6570\u304c\u3000\u304b\u304b\u308c\u3070\u3000\u304b\u304b\u308b\u307b\u3069\n\u30dd\u30b1\u30e2\u30f3\u304c\u3000\u6355\u307e\u3048\u3084\u3059\u304f\u306a\u308b\n\u3061\u3087\u3063\u3068\u3000\u5909\u308f\u3063\u305f\u3000\u30dc\u30fc\u30eb\u3002",
            "version_group": {
                "name": "lets-go-pikachu-lets-go-eevee",
                "url": "/api/v2/version-group/19/"
            }
        },
        {
            "language": {
                "name": "zh-Hans",
                "url": "/api/v2/language/12/"
            },
            "text": "\u6709\u70b9\u4e0e\u4f17\u4e0d\u540c\u7684\u7403\u3002\n\u56de\u5408\u6570\u82b1\u8d39\u5f97\u8d8a\u591a\uff0c\n\u5b9d\u53ef\u68a6\u5c31\u4f1a\u8d8a\u5bb9\u6613\u6355\u6349\u3002",
            "version_group": {
                "name": "lets-go-pikachu-lets-go-eevee",
                "url": "/api/v2/version-group/19/"
            }
        },
        {
            "language": {
                "name": "ja-Hrkt",
                "url": "/api/v2/language/1/"
            },
            "text": "\u30bf\u30fc\u30f3\u3059\u3046\u304c\u3000\u304b\u304b\u308c\u3070\u3000\u304b\u304b\u308b\u307b\u3069\n\u30dd\u30b1\u30e2\u30f3\u304c\u3000\u3064\u304b\u307e\u3048\u3084\u3059\u304f\u306a\u308b\n\u3061\u3087\u3063\u3068\u3000\u304b\u308f\u3063\u305f\u3000\u30dc\u30fc\u30eb\u3002",
            "version_group": {
                "name": "sword-shield",
                "url": "/api/v2/version-group/20/"
            }
        },
        {
            "language": {
                "name": "zh-Hant",
                "url": "/api/v2/language/4/"
            },
            "text": "\u6709\u9ede\u8207\u773e\u4e0d\u540c\u7684\u7403\u3002\n\u56de\u5408\u6578\u82b1\u8cbb\u5f97\u8d8a\u591a\uff0c\n\u5c31\u8d8a\u5bb9\u6613\u6349\u5230\u5bf6\u53ef\u5922\u3002",
            "version_group": {
                "name": "sword-shield",
                "url": "/api/v2/version-group/20/"
            }
        },
        {
            "language": {
                "name": "fr",
                "url": "/api/v2/language/5/"
            },
            "text": "Une Pok\u00e9 Ball un peu sp\u00e9ciale qui fonctionne\nde mieux en mieux \u00e0 mesure que le combat s\u2019\u00e9ternise.",
            "version_group": {
                "name": "sword-shield",
                "url": "/api/v2/version-group/20/"
            }
        },
        {
            "language": {
                "name": "de",
                "url": "/api/v2/language/6/"
            },
            "text": "Ein Ball, der mit zunehmender Kampfdauer\neffektiver wird.",
            "version_group": {
                "name": "sword-shield",
                "url": "/api/v2/version-group/20/"
            }
        },
        {
            "language": {
                "name": "es",
                "url": "/api/v2/language/7/"
            },
            "text": "Una Pok\u00e9 Ball algo distinta que va mejorando su\nrendimiento con cada turno de combate.",
            "version_group": {
                "name": "sword-shield",
                "url": "/api/v2/version-group/20/"
            }
        },
        {
            "language": {
                "name": "it",
                "url": "/api/v2/language/8/"
            },
            "text": "Pok\u00e9 Ball un po\u2019 diversa che diventa\nprogressivamente pi\u00f9 efficace con il passare\ndei turni nella lotta.",
            "version_group": {
                "name": "sword-shield",
                "url": "/api/v2/version-group/20/"
            }
        },
        {
            "language": {
                "name": "en",
                "url": "/api/v2/language/9/"
            },
            "text": "A somewhat different Pok\u00e9 Ball that becomes\nprogressively more effective at catching Pok\u00e9mon\nthe more turns that are taken in battle.",
            "version_group": {
                "name": "sword-shield",
                "url": "/api/v2/version-group/20/"
            }
        },
        {
            "language": {
                "name": "ja",
                "url": "/api/v2/language/11/"
            },
            "text": "\u30bf\u30fc\u30f3\u6570\u304c\u3000\u304b\u304b\u308c\u3070\u3000\u304b\u304b\u308b\u307b\u3069\n\u30dd\u30b1\u30e2\u30f3\u304c\u3000\u6355\u307e\u3048\u3084\u3059\u304f\u306a\u308b\n\u3061\u3087\u3063\u3068\u3000\u5909\u308f\u3063\u305f\u3000\u30dc\u30fc\u30eb\u3002",
            "version_group": {
                "name": "sword-shield",
                "url": "/api/v2/version-group/20/"
            }
        },
        {
            "language": {
                "name": "zh-Hans",
                "url": "/api/v2/language/12/"
            },
            "text": "\u6709\u70b9\u4e0e\u4f17\u4e0d\u540c\u7684\u7403\u3002\n\u56de\u5408\u6570\u82b1\u8d39\u5f97\u8d8a\u591a\uff0c\n\u5b9d\u53ef\u68a6\u5c31\u4f1a\u8d8a\u5bb9\u6613\u6355\u6349\u3002",
            "version_group": {
                "name": "sword-shield",
                "url": "/api/v2/version-group/20/"
            }
        }
    ],
    "fling_effect": null,
    "fling_power": null,
    "game_indices": [
        {
            "game_index": 10,
            "generation": {
                "name": "generation-iii",
                "url": "/api/v2/generation/3/"
            }
        },
        {
            "game_index": 10,
            "generation": {
                "name": "generation-iv",
                "url": "/api/v2/generation/4/"
            }
        },
        {
            "game_index": 10,
            "generation": {
                "name": "generation-v",
                "url": "/api/v2/generation/5/"
            }
        },
        {
            "game_index": 10,
            "generation": {
                "name": "generation-vi",
                "url": "/api/v2/generation/6/"
            }
        },
        {
            "game_index": 10,
            "generation": {
                "name": "generation-vii",
                "url": "/api/v2/generation/7/"
            }
        },
        {
            "game_index": 10,
            "generation": {
                "name": "generation-viii",
                "url": "/api/v2/generation/8/"
            }
        }
    ],
    "held_by_pokemon": [],
    "id": 10,
    "machines": [],
    "name": "timer-ball",
    "names": [
        {
            "language": {
                "name": "ja-Hrkt",
                "url": "/api/v2/language/1/"
            },
            "name": "\u30bf\u30a4\u30de\u30fc\u30dc\u30fc\u30eb"
        },
        {
            "language": {
                "name": "ko",
                "url": "/api/v2/language/3/"
            },
            "name": "\ud0c0\uc774\ub9c8\ubcfc"
        },
        {
            "language": {
                "name": "zh-Hant",
                "url": "/api/v2/language/4/"
            },
            "name": "\u8a08\u6642\u7403"
        },
        {
            "language": {
                "name": "fr",
                "url": "/api/v2/language/5/"
            },
            "name": "Chrono Ball"
        },
        {
            "language": {
                "name": "de",
                "url": "/api/v2/language/6/"
            },
            "name": "Timerball"
        },
        {
            "language": {
                "name": "es",
                "url": "/api/v2/language/7/"
            },
            "name": "Turno Ball"
        },
        {
            "language": {
                "name": "it",
                "url": "/api/v2/language/8/"
            },
            "name": "Timer Ball"
        },
        {
            "language": {
                "name": "en",
                "url": "/api/v2/language/9/"
            },
            "name": "Timer Ball"
        },
        {
            "language": {
                "name": "ja",
                "url": "/api/v2/language/11/"
            },
            "name": "\u30bf\u30a4\u30de\u30fc\u30dc\u30fc\u30eb"
        },
        {
            "language": {
                "name": "zh-Hans",
                "url": "/api/v2/language/12/"
            },
            "name": "\u8ba1\u65f6\u7403"
        }
    ],
    "sprites": {
        "default": "https://raw.githubusercontent.com/PokeAPI/sprites/master/sprites/items/timer-ball.png"
    }
}