{
    "attributes": [],
    "baby_trigger_for": null,
    "category": {
        "name": "evolution",
        "url": "/api/v2/item-category/10/"
    },
    "cost": 38000,
    "effect_entries": [],
    "flavor_text_entries": [
        {
            "language": {
                "name": "ja-Hrkt",
                "url": "/api/v2/language/1/"
            },
            "text": "\u3042\u308b\u3000\u3068\u304f\u3066\u3044\u306e\u3000\u30dd\u30b1\u30e2\u30f3\u3092\n\u3057\u3093\u304b\u3055\u305b\u308b\u3000\u3075\u3057\u304e\u306a\u3000\u30dd\u30c3\u30c8\u3002\n\u304b\u3051\u3066\u3044\u308b\u304c\u3000\u304a\u3061\u3083\u306f\u3000\u304a\u3044\u3057\u304f\u306a\u308b\u3002",
            "version_group": {
                "name": "sword-shield",
                "url": "/api/v2/version-group/20/"
            }
        },
        {
            "language": {
                "name": "ko",
                "url": "/api/v2/language/3/"
            },
            "text": "\uc5b4\ub290 \ud2b9\uc815 \ud3ec\ucf13\ubaac\uc744\n\uc9c4\ud654\uc2dc\ud0a4\ub294 \uc774\uc0c1\ud55c \ud3ec\ud2b8.\n\uc774\uac00 \ube60\uc84c\uc9c0\ub9cc \ucc28\ub294 \ub9db\uc788\uc5b4\uc9c4\ub2e4.",
            "version_group": {
                "name": "sword-shield",
                "url": "/api/v2/version-group/20/"
            }
        },
        {
            "language": {
                "name": "zh-Hant",
                "url": "/api/v2/language/4/"
            },
            "text": "\u53ef\u4ee5\u8b93\u7279\u5b9a\u7684\u5bf6\u53ef\u5922\n\u9032\u5316\u7684\u795e\u5947\u8336\u58fa\u3002\n\u96d6\u7136\u6709\u7f3a\u53e3\uff0c\u4f46\u8336\u6703\u8b8a\u5f97\u7f8e\u5473\u3002",
            "version_group": {
                "name": "sword-shield",
                "url": "/api/v2/version-group/20/"
            }
        },
        {
            "language": {
                "name": "fr",
                "url": "/api/v2/language/5/"
            },
            "text": "Un r\u00e9cipient myst\u00e9rieux pouvant faire \u00e9voluer un certain\nPok\u00e9mon. Il est \u00e9br\u00e9ch\u00e9, mais on y fait du bon th\u00e9.",
            "version_group": {
                "name": "sword-shield",
                "url": "/api/v2/version-group/20/"
            }
        },
        {
            "language": {
                "name": "de",
                "url": "/api/v2/language/6/"
            },
            "text": "Diese spezielle Kanne l\u00f6st bei einem bestimmten\nPok\u00e9mon die Entwicklung aus. Sie weist zwar L\u00f6cher auf,\naber das wirkt sich nicht negativ auf den Tee aus.",
            "version_group": {
                "name": "sword-shield",
                "url": "/api/v2/version-group/20/"
            }
        },
        {
            "language": {
                "name": "es",
                "url": "/api/v2/language/7/"
            },
            "text": "Curiosa tetera que hace evolucionar a determinadas\nespecies de Pok\u00e9mon. Pese a estar rota, sirve un t\u00e9\nexquisito.",
            "version_group": {
                "name": "sword-shield",
                "url": "/api/v2/version-group/20/"
            }
        },
        {
            "language": {
                "name": "it",
                "url": "/api/v2/language/8/"
            },
            "text": "Teiera particolare che fa evolvere determinate\nspecie di Pok\u00e9mon. \u00c8 crepata, ma il t\u00e8 che contiene\n\u00e8 davvero ottimo.",
            "version_group": {
                "name": "sword-shield",
                "url": "/api/v2/version-group/20/"
            }
        },
        {
            "language": {
                "name": "en",
                "url": "/api/v2/language/9/"
            },
            "text": "A peculiar teapot that can make a certain species of\nPok\u00e9mon evolve. It may be chipped, but tea poured\nfrom it is delicious.",
            "version_group": {
                "name": "sword-shield",
                "url": "/api/v2/version-group/20/"
            }
        },
        {
            "language": {
                "name": "ja",
                "url": "/api/v2/language/11/"
            },
            "text": "\u3042\u308b\u3000\u7279\u5b9a\u306e\u3000\u30dd\u30b1\u30e2\u30f3\u3092\n\u9032\u5316\u3055\u305b\u308b\u3000\u4e0d\u601d\u8b70\u306a\u3000\u30dd\u30c3\u30c8\u3002\n\u6b20\u3051\u3066\u3044\u308b\u304c\u3000\u304a\u8336\u306f\u3000\u304a\u3044\u3057\u304f\u306a\u308b\u3002",
            "version_group": {
                "name": "sword-shield",
                "url": "/api/v2/version-group/20/"
            }
        },
        {
            "language": {
                "name": "zh-Hans",
                "url": "/api/v2/language/12/"
            },
            "text": "\u8fd9\u4e2a\u795e\u5947\u7684\u8336\u58f6\n\u53ef\u4ee5\u4f7f\u7279\u5b9a\u7684\u5b9d\u53ef\u68a6\u8fdb\u5316\u3002\n\u867d\u7136\u6709\u7f3a\u9677\uff0c\u4f46\u6ce1\u51fa\u6765\u7684\u8336\u4f9d\u65e7\u6e05\u9999\u3002",
            "version_group": {
                "name": "sword-shield",
                "url": "/api/v2/version-group/20/"
            }
        }
    ],
    "fling_effect": null,
    "fling_power": 80,
    "game_indices": [
        {
            "game_index": 1254,
            "generation": {
                "name": "generation-viii",
                "url": "/api/v2/generation/8/"
            }
        }
    ],
    "held_by_pokemon": [],
    "id": 1312,
    "machines": [],
    "name": "chipped-pot",
    "names": [
        {
            "language": {
                "name": "ja-Hrkt",
                "url": "/api/v2/language/1/"
            },
            "name": "\u304b\u3051\u305f\u30dd\u30c3\u30c8"
        },
        {
            "language": {
                "name": "ko",
                "url": "/api/v2/language/3/"
            },
            "name": "\uc774\ube60\uc9c4\ud3ec\ud2b8"
        },
        {
            "language": {
                "name": "zh-Hant",
                "url": "/api/v2/language/4/"
            },
            "name": "\u7f3a\u640d\u7684\u8336\u58fa"
        },
        {
            "language": {
                "name": "fr",
                "url": "/api/v2/language/5/"
            },
            "name": "Th\u00e9i\u00e8re \u00c9br\u00e9ch\u00e9e"
        },
        {
            "language": {
                "name": "de",
                "url": "/api/v2/language/6/"
            },
            "name": "L\u00f6chrige Kanne"
        },
        {
            "language": {
                "name": "es",
                "url": "/api/v2/language/7/"
            },
            "name": "Tetera Rota"
        },
        {
            "language": {
                "name": "it",
                "url": "/api/v2/language/8/"
            },
            "name": "Teiera crepata"
        },
        {
            "language": {
                "name": "en",
                "url": "/api/v2/language/9/"
            },
            "name": "Chipped Pot"
        },
        {
            "language": {
                "name": "ja",
                "url": "/api/v2/language/11/"
            },
            "name": "\u304b\u3051\u305f\u30dd\u30c3\u30c8"
        },
        {
            "language": {
                "name": "zh-Hans",
                "url": "/api/v2/language/12/"
            },
            "name": "\u7f3a\u635f\u7684\u8336\u58f6"
        }
    ],
    "sprites": {
        "default": null
    }
}