{
    "attributes": [],
    "baby_trigger_for": null,
    "category": {
        "name": "all-machines",
        "url": "/api/v2/item-category/37/"
    },
    "cost": 10000,
    "effect_entries": [],
    "flavor_text_entries": [
        {
            "language": {
                "name": "ja-Hrkt",
                "url": "/api/v2/language/1/"
            },
            "text": "\u3066\u304d\u306b\u306f\u3000\u3070\u304f\u306f\u3064\u3059\u308b\u3000\u3060\u3093\u3054\u3092\n\u3064\u304b\u3063\u3066\u3000\u3053\u3046\u3052\u304d\u3002\u3000\u307f\u304b\u305f\u306b\u306f\n\u304b\u3044\u3075\u304f\u3059\u308b\u3000\u3060\u3093\u3054\u3092\u3000\u3042\u305f\u3048\u308b\u3002",
            "version_group": {
                "name": "sword-shield",
                "url": "/api/v2/version-group/20/"
            }
        },
        {
            "language": {
                "name": "ko",
                "url": "/api/v2/language/3/"
            },
            "text": "\uc0c1\ub300\uc5d0\uac8c\ub294 \ud3ed\ubc1c\ud558\ub294 \uacbd\ub2e8\uc744\n\uc0ac\uc6a9\ud558\uc5ec \uacf5\uaca9\ud55c\ub2e4. \uac19\uc740 \ud3b8\uc5d0\uac8c\ub294\n\ud68c\ubcf5\ud558\ub294 \uacbd\ub2e8\uc744 \uc900\ub2e4.",
            "version_group": {
                "name": "sword-shield",
                "url": "/api/v2/version-group/20/"
            }
        },
        {
            "language": {
                "name": "zh-Hant",
                "url": "/api/v2/language/4/"
            },
            "text": "\u5c0d\u6575\u4eba\u4f7f\u7528\u6642\uff0c\u7528\u6703\u7206\u70b8\u7684\u82b1\u7c89\u5718\u4f86\u653b\u64ca\u3002\n\u5c0d\u6211\u65b9\u540c\u4f34\u4f7f\u7528\u6642\uff0c\n\u5247\u7d66\u4e88\u6709\u56de\u5fa9\u6548\u679c\u7684\u82b1\u7c89\u5718\u3002",
            "version_group": {
                "name": "sword-shield",
                "url": "/api/v2/version-group/20/"
            }
        },
        {
            "language": {
                "name": "fr",
                "url": "/api/v2/language/5/"
            },
            "text": "Utilis\u00e9e sur l\u2019ennemi, envoie une boule explosive\nqui fait des d\u00e9g\u00e2ts\u202f; sur un alli\u00e9, donne du bon pollen\nnutritif qui fait r\u00e9cup\u00e9rer des PV.",
            "version_group": {
                "name": "sword-shield",
                "url": "/api/v2/version-group/20/"
            }
        },
        {
            "language": {
                "name": "de",
                "url": "/api/v2/language/6/"
            },
            "text": "Der Anwender greift mit einem Ball aus Pollen an,\nder beim Ziel explodiert. Mitstreiter werden von\neinem Ball getroffen, der ihre KP auff\u00fcllt.",
            "version_group": {
                "name": "sword-shield",
                "url": "/api/v2/version-group/20/"
            }
        },
        {
            "language": {
                "name": "es",
                "url": "/api/v2/language/7/"
            },
            "text": "Ataca al oponente con una bola explosiva. Si esta\nalcanza a un aliado, le har\u00e1 recuperar PS.",
            "version_group": {
                "name": "sword-shield",
                "url": "/api/v2/version-group/20/"
            }
        },
        {
            "language": {
                "name": "it",
                "url": "/api/v2/language/8/"
            },
            "text": "Chi la usa attacca il nemico con una sfera esplosiva.\nSe colpisce degli alleati, fa recuperare loro dei PS.",
            "version_group": {
                "name": "sword-shield",
                "url": "/api/v2/version-group/20/"
            }
        },
        {
            "language": {
                "name": "en",
                "url": "/api/v2/language/9/"
            },
            "text": "The user attacks the enemy with a pollen puff that\nexplodes. If the target is an ally, it gives the ally a\npollen puff that restores its HP instead.",
            "version_group": {
                "name": "sword-shield",
                "url": "/api/v2/version-group/20/"
            }
        },
        {
            "language": {
                "name": "ja",
                "url": "/api/v2/language/11/"
            },
            "text": "\u6575\u306b\u306f\u3000\u7206\u767a\u3059\u308b\u3000\u3060\u3093\u3054\u3092\n\u4f7f\u3063\u3066\u3000\u653b\u6483\u3002\u3000\u5473\u65b9\u306b\u306f\n\u56de\u5fa9\u3059\u308b\u3000\u3060\u3093\u3054\u3092\u3000\u4e0e\u3048\u308b\u3002",
            "version_group": {
                "name": "sword-shield",
                "url": "/api/v2/version-group/20/"
            }
        },
        {
            "language": {
                "name": "zh-Hans",
                "url": "/api/v2/language/12/"
            },
            "text": "\u5bf9\u654c\u4eba\u4f7f\u7528\u662f\u4f1a\u7206\u70b8\u7684\u56e2\u5b50\u3002\n\u5bf9\u6211\u65b9\u4f7f\u7528\u5219\u662f\u7ed9\u4e88\u56de\u590d\u7684\u56e2\u5b50\u3002",
            "version_group": {
                "name": "sword-shield",
                "url": "/api/v2/version-group/20/"
            }
        }
    ],
    "fling_effect": null,
    "fling_power": 90,
    "game_indices": [
        {
            "game_index": 1226,
            "generation": {
                "name": "generation-viii",
                "url": "/api/v2/generation/8/"
            }
        }
    ],
    "held_by_pokemon": [],
    "id": 1284,
    "machines": [
        {
            "machine": {
                "url": "/api/v2/machine/1685/"
            },
            "version_group": {
                "name": "sword-shield",
                "url": "/api/v2/version-group/20/"
            }
        }
    ],
    "name": "tr96",
    "names": [
        {
            "language": {
                "name": "ja-Hrkt",
                "url": "/api/v2/language/1/"
            },
            "name": "\u308f\u3056\u30ec\u30b3\u30fc\u30c9\uff19\uff16"
        },
        {
            "language": {
                "name": "ko",
                "url": "/api/v2/language/3/"
            },
            "name": "\uae30\uc220\ub808\ucf54\ub4dc96"
        },
        {
            "language": {
                "name": "zh-Hant",
                "url": "/api/v2/language/4/"
            },
            "name": "\u62db\u5f0f\u7d00\u9304\uff19\uff16"
        },
        {
            "language": {
                "name": "fr",
                "url": "/api/v2/language/5/"
            },
            "name": "DT96"
        },
        {
            "language": {
                "name": "de",
                "url": "/api/v2/language/6/"
            },
            "name": "TP96"
        },
        {
            "language": {
                "name": "es",
                "url": "/api/v2/language/7/"
            },
            "name": "DT96"
        },
        {
            "language": {
                "name": "it",
                "url": "/api/v2/language/8/"
            },
            "name": "DT96"
        },
        {
            "language": {
                "name": "en",
                "url": "/api/v2/language/9/"
            },
            "name": "TR96"
        },
        {
            "language": {
                "name": "ja",
                "url": "/api/v2/language/11/"
            },
            "name": "\u308f\u3056\u30ec\u30b3\u30fc\u30c9\uff19\uff16"
        },
        {
            "language": {
                "name": "zh-Hans",
                "url": "/api/v2/language/12/"
            },
            "name": "\u62db\u5f0f\u8bb0\u5f55\uff19\uff16"
        }
    ],
    "sprites": {
        "default": null
    }
}