{
    "attributes": [],
    "baby_trigger_for": null,
    "category": {
        "name": "unused",
        "url": "/api/v2/item-category/23/"
    },
    "cost": 0,
    "effect_entries": [
        {
            "effect": "XXX new effect for roto-pp-restore",
            "language": {
                "name": "en",
                "url": "/api/v2/language/9/"
            },
            "short_effect": "XXX new effect for roto-pp-restore"
        }
    ],
    "flavor_text_entries": [
        {
            "language": {
                "name": "ja-Hrkt",
                "url": "/api/v2/language/1/"
            },
            "text": "\u30ed\u30c8\u30e0\u30d1\u30ef\u30fc\u306e\u3000\u3072\u3068\u3064\u3002\n\u305f\u305f\u304b\u3063\u3066\u3044\u308b\u3000\u3058\u3076\u3093\u306e\u3000\u30dd\u30b1\u30e2\u30f3\u306e\n\uff30\uff30\u304c\u3000\u3059\u3079\u3066\u3000\u304b\u3044\u3075\u304f\u3059\u308b\u3002",
            "version_group": {
                "name": "ultra-sun-ultra-moon",
                "url": "/api/v2/version-group/18/"
            }
        },
        {
            "language": {
                "name": "ko",
                "url": "/api/v2/language/3/"
            },
            "text": "\ub85c\ud1a0\ubb34\ud30c\uc6cc \uc911 \ud558\ub098.\n\uc2f8\uc6b0\uace0 \uc788\ub294 \uc790\uc2e0\uc758 \ud3ec\ucf13\ubaac\uc758\nPP\uac00 \ubaa8\ub450 \ud68c\ubcf5\ud55c\ub2e4.",
            "version_group": {
                "name": "ultra-sun-ultra-moon",
                "url": "/api/v2/version-group/18/"
            }
        },
        {
            "language": {
                "name": "zh-Hant",
                "url": "/api/v2/language/4/"
            },
            "text": "\u6d1b\u6258\u59c6\u4e4b\u529b\u7684\u4e00\u7a2e\u3002\n\u53ef\u4ee5\u56de\u5fa9\u6230\u9b25\u4e2d\u7684\n\u6211\u65b9\u5bf6\u53ef\u5922\u6240\u6709\u7684\uff30\uff30\u3002",
            "version_group": {
                "name": "ultra-sun-ultra-moon",
                "url": "/api/v2/version-group/18/"
            }
        },
        {
            "language": {
                "name": "fr",
                "url": "/api/v2/language/5/"
            },
            "text": "Une des Motism\u2019Auras. Elle permet \u00e0 vos Pok\u00e9mon\nen combat de r\u00e9cup\u00e9rer la totalit\u00e9 de leurs PP.",
            "version_group": {
                "name": "ultra-sun-ultra-moon",
                "url": "/api/v2/version-group/18/"
            }
        },
        {
            "language": {
                "name": "de",
                "url": "/api/v2/language/6/"
            },
            "text": "Diese Rotom-Kraft bewirkt, dass im Kampf die AP\nder eigenen Pok\u00e9mon auf der Mitstreiterseite\nvollst\u00e4ndig wiederaufgef\u00fcllt werden.",
            "version_group": {
                "name": "ultra-sun-ultra-moon",
                "url": "/api/v2/version-group/18/"
            }
        },
        {
            "language": {
                "name": "es",
                "url": "/api/v2/language/7/"
            },
            "text": "Poder Rotom que restaura todos los PP de los\nPok\u00e9mon de tu equipo que est\u00e9n combatiendo.",
            "version_group": {
                "name": "ultra-sun-ultra-moon",
                "url": "/api/v2/version-group/18/"
            }
        },
        {
            "language": {
                "name": "it",
                "url": "/api/v2/language/8/"
            },
            "text": "Potere Rotom che permette ai propri Pok\u00e9mon\nimpegnati in una lotta di recuperare tutti i PP.",
            "version_group": {
                "name": "ultra-sun-ultra-moon",
                "url": "/api/v2/version-group/18/"
            }
        },
        {
            "language": {
                "name": "en",
                "url": "/api/v2/language/9/"
            },
            "text": "One of the Rotom Powers.\nIt fully restores the PP of your battling Pok\u00e9mon.",
            "version_group": {
                "name": "ultra-sun-ultra-moon",
                "url": "/api/v2/version-group/18/"
            }
        },
        {
            "language": {
                "name": "ja",
                "url": "/api/v2/language/11/"
            },
            "text": "\u30ed\u30c8\u30e0\u30d1\u30ef\u30fc\u306e\u3000\u3072\u3068\u3064\u3002\n\u6226\u3063\u3066\u3044\u308b\u3000\u81ea\u5206\u306e\u3000\u30dd\u30b1\u30e2\u30f3\u306e\n\uff30\uff30\u304c\u3000\u3059\u3079\u3066\u3000\u56de\u5fa9\u3059\u308b\u3002",
            "version_group": {
                "name": "ultra-sun-ultra-moon",
                "url": "/api/v2/version-group/18/"
            }
        },
        {
            "language": {
                "name": "zh-Hans",
                "url": "/api/v2/language/12/"
            },
            "text": "\u6d1b\u6258\u59c6\u4e4b\u529b\u7684\u4e00\u79cd\u3002\n\u6b63\u5728\u6218\u6597\u7684\u6211\u65b9\u5b9d\u53ef\u68a6\u7684\n\uff30\uff30\u4f1a\u5168\u90e8\u56de\u590d\u3002",
            "version_group": {
                "name": "ultra-sun-ultra-moon",
                "url": "/api/v2/version-group/18/"
            }
        },
        {
            "language": {
                "name": "ja-Hrkt",
                "url": "/api/v2/language/1/"
            },
            "text": "\u30ed\u30c8\u30e0\u30d1\u30ef\u30fc\u306e\u3000\u3072\u3068\u3064\u3002\n\u305f\u305f\u304b\u3063\u3066\u3044\u308b\u3000\u3058\u3076\u3093\u306e\u3000\u30dd\u30b1\u30e2\u30f3\u306e\n\uff30\uff30\u304c\u3000\u3059\u3079\u3066\u3000\u304b\u3044\u3075\u304f\u3059\u308b\u3002",
            "version_group": {
                "name": "lets-go-pikachu-lets-go-eevee",
                "url": "/api/v2/version-group/19/"
            }
        },
        {
            "language": {
                "name": "ko",
                "url": "/api/v2/language/3/"
            },
            "text": "\ub85c\ud1a0\ubb34\ud30c\uc6cc \uc911 \ud558\ub098.\n\uc2f8\uc6b0\uace0 \uc788\ub294 \uc790\uc2e0\uc758 \ud3ec\ucf13\ubaac\uc758\nPP\uac00 \ubaa8\ub450 \ud68c\ubcf5\ud55c\ub2e4.",
            "version_group": {
                "name": "lets-go-pikachu-lets-go-eevee",
                "url": "/api/v2/version-group/19/"
            }
        },
        {
            "language": {
                "name": "zh-Hant",
                "url": "/api/v2/language/4/"
            },
            "text": "\u6d1b\u6258\u59c6\u4e4b\u529b\u7684\u4e00\u7a2e\u3002\n\u53ef\u4ee5\u56de\u5fa9\u6230\u9b25\u4e2d\u7684\n\u6211\u65b9\u5bf6\u53ef\u5922\u6240\u6709\u7684PP\u3002",
            "version_group": {
                "name": "lets-go-pikachu-lets-go-eevee",
                "url": "/api/v2/version-group/19/"
            }
        },
        {
            "language": {
                "name": "fr",
                "url": "/api/v2/language/5/"
            },
            "text": "Une des Motism\u2019Auras. Elle permet \u00e0 vos Pok\u00e9mon\nen combat de r\u00e9cup\u00e9rer la totalit\u00e9 de leurs PP.",
            "version_group": {
                "name": "lets-go-pikachu-lets-go-eevee",
                "url": "/api/v2/version-group/19/"
            }
        },
        {
            "language": {
                "name": "de",
                "url": "/api/v2/language/6/"
            },
            "text": "Diese Rotom-Kraft bewirkt, dass im Kampf die AP\nder eigenen Pok\u00e9mon auf der Mitstreiterseite\nvollst\u00e4ndig wiederaufgef\u00fcllt werden.",
            "version_group": {
                "name": "lets-go-pikachu-lets-go-eevee",
                "url": "/api/v2/version-group/19/"
            }
        },
        {
            "language": {
                "name": "es",
                "url": "/api/v2/language/7/"
            },
            "text": "Poder Rotom que restaura todos los PP de los\nPok\u00e9mon de tu equipo que est\u00e9n combatiendo.",
            "version_group": {
                "name": "lets-go-pikachu-lets-go-eevee",
                "url": "/api/v2/version-group/19/"
            }
        },
        {
            "language": {
                "name": "it",
                "url": "/api/v2/language/8/"
            },
            "text": "Potere Rotom che permette ai propri Pok\u00e9mon\nimpegnati in una lotta di recuperare tutti i PP.",
            "version_group": {
                "name": "lets-go-pikachu-lets-go-eevee",
                "url": "/api/v2/version-group/19/"
            }
        },
        {
            "language": {
                "name": "en",
                "url": "/api/v2/language/9/"
            },
            "text": "One of the Rotom Powers.\nIt fully restores the PP of your battling Pok\u00e9mon.",
            "version_group": {
                "name": "lets-go-pikachu-lets-go-eevee",
                "url": "/api/v2/version-group/19/"
            }
        },
        {
            "language": {
                "name": "ja",
                "url": "/api/v2/language/11/"
            },
            "text": "\u30ed\u30c8\u30e0\u30d1\u30ef\u30fc\u306e\u3000\u3072\u3068\u3064\u3002\n\u6226\u3063\u3066\u3044\u308b\u3000\u81ea\u5206\u306e\u3000\u30dd\u30b1\u30e2\u30f3\u306e\n\uff30\uff30\u304c\u3000\u3059\u3079\u3066\u3000\u56de\u5fa9\u3059\u308b\u3002",
            "version_group": {
                "name": "lets-go-pikachu-lets-go-eevee",
                "url": "/api/v2/version-group/19/"
            }
        },
        {
            "language": {
                "name": "zh-Hans",
                "url": "/api/v2/language/12/"
            },
            "text": "\u6d1b\u6258\u59c6\u4e4b\u529b\u7684\u4e00\u79cd\u3002\n\u6b63\u5728\u6218\u6597\u7684\u6211\u65b9\u5b9d\u53ef\u68a6\u7684\nPP\u4f1a\u5168\u90e8\u56de\u590d\u3002",
            "version_group": {
                "name": "lets-go-pikachu-lets-go-eevee",
                "url": "/api/v2/version-group/19/"
            }
        },
        {
            "language": {
                "name": "ja-Hrkt",
                "url": "/api/v2/language/1/"
            },
            "text": "\u30ed\u30c8\u30e0\u30d1\u30ef\u30fc\u306e\u3000\u3072\u3068\u3064\u3002\n\u305f\u305f\u304b\u3063\u3066\u3044\u308b\u3000\u3058\u3076\u3093\u306e\u3000\u30dd\u30b1\u30e2\u30f3\u306e\n\uff30\uff30\u304c\u3000\u3059\u3079\u3066\u3000\u304b\u3044\u3075\u304f\u3059\u308b\u3002",
            "version_group": {
                "name": "sword-shield",
                "url": "/api/v2/version-group/20/"
            }
        },
        {
            "language": {
                "name": "ko",
                "url": "/api/v2/language/3/"
            },
            "text": "\ub85c\ud1a0\ubb34\ud30c\uc6cc \uc911 \ud558\ub098.\n\uc2f8\uc6b0\uace0 \uc788\ub294 \uc790\uc2e0\uc758 \ud3ec\ucf13\ubaac\uc758\nPP\uac00 \ubaa8\ub450 \ud68c\ubcf5\ud55c\ub2e4.",
            "version_group": {
                "name": "sword-shield",
                "url": "/api/v2/version-group/20/"
            }
        },
        {
            "language": {
                "name": "zh-Hant",
                "url": "/api/v2/language/4/"
            },
            "text": "\u6d1b\u6258\u59c6\u4e4b\u529b\u7684\u4e00\u7a2e\u3002\n\u53ef\u4ee5\u56de\u5fa9\u6230\u9b25\u4e2d\u7684\n\u6211\u65b9\u5bf6\u53ef\u5922\u6240\u6709\u7684\uff30\uff30\u3002",
            "version_group": {
                "name": "sword-shield",
                "url": "/api/v2/version-group/20/"
            }
        },
        {
            "language": {
                "name": "fr",
                "url": "/api/v2/language/5/"
            },
            "text": "Une des Motism\u2019Auras. Elle permet \u00e0 vos Pok\u00e9mon\nen combat de r\u00e9cup\u00e9rer la totalit\u00e9 de leurs PP.",
            "version_group": {
                "name": "sword-shield",
                "url": "/api/v2/version-group/20/"
            }
        },
        {
            "language": {
                "name": "de",
                "url": "/api/v2/language/6/"
            },
            "text": "Diese Rotom-Kraft bewirkt, dass im Kampf die AP der\neigenen Pok\u00e9mon auf der Mitstreiterseite vollst\u00e4ndig\nwiederaufgef\u00fcllt werden.",
            "version_group": {
                "name": "sword-shield",
                "url": "/api/v2/version-group/20/"
            }
        },
        {
            "language": {
                "name": "es",
                "url": "/api/v2/language/7/"
            },
            "text": "Poder Rotom que restaura todos los PP de los Pok\u00e9mon\nde tu equipo que est\u00e9n combatiendo.",
            "version_group": {
                "name": "sword-shield",
                "url": "/api/v2/version-group/20/"
            }
        },
        {
            "language": {
                "name": "it",
                "url": "/api/v2/language/8/"
            },
            "text": "Potere Rotom che permette ai propri Pok\u00e9mon\nimpegnati in una lotta di recuperare tutti i PP.",
            "version_group": {
                "name": "sword-shield",
                "url": "/api/v2/version-group/20/"
            }
        },
        {
            "language": {
                "name": "en",
                "url": "/api/v2/language/9/"
            },
            "text": "One of the Rotom Powers.\nIt fully restores the PP of your battling Pok\u00e9mon.",
            "version_group": {
                "name": "sword-shield",
                "url": "/api/v2/version-group/20/"
            }
        },
        {
            "language": {
                "name": "ja",
                "url": "/api/v2/language/11/"
            },
            "text": "\u30ed\u30c8\u30e0\u30d1\u30ef\u30fc\u306e\u3000\u3072\u3068\u3064\u3002\n\u6226\u3063\u3066\u3044\u308b\u3000\u81ea\u5206\u306e\u3000\u30dd\u30b1\u30e2\u30f3\u306e\n\uff30\uff30\u304c\u3000\u3059\u3079\u3066\u3000\u56de\u5fa9\u3059\u308b\u3002",
            "version_group": {
                "name": "sword-shield",
                "url": "/api/v2/version-group/20/"
            }
        },
        {
            "language": {
                "name": "zh-Hans",
                "url": "/api/v2/language/12/"
            },
            "text": "\u6d1b\u6258\u59c6\u4e4b\u529b\u7684\u4e00\u79cd\u3002\n\u6b63\u5728\u6218\u6597\u7684\u6211\u65b9\u5b9d\u53ef\u68a6\u7684\n\uff30\uff30\u4f1a\u5168\u90e8\u56de\u590d\u3002",
            "version_group": {
                "name": "sword-shield",
                "url": "/api/v2/version-group/20/"
            }
        }
    ],
    "fling_effect": null,
    "fling_power": null,
    "game_indices": [
        {
            "game_index": 957,
            "generation": {
                "name": "generation-vii",
                "url": "/api/v2/generation/7/"
            }
        },
        {
            "game_index": 957,
            "generation": {
                "name": "generation-viii",
                "url": "/api/v2/generation/8/"
            }
        }
    ],
    "held_by_pokemon": [],
    "id": 1003,
    "machines": [],
    "name": "roto-pp-restore",
    "names": [
        {
            "language": {
                "name": "ja-Hrkt",
                "url": "/api/v2/language/1/"
            },
            "name": "\uff30\uff30\u304b\u3044\u3075\u304f\u30dd\u30f3"
        },
        {
            "language": {
                "name": "ko",
                "url": "/api/v2/language/3/"
            },
            "name": "PP\ud68c\ubcf5\ucea1\uc290\ud1a0\uc774"
        },
        {
            "language": {
                "name": "zh-Hant",
                "url": "/api/v2/language/4/"
            },
            "name": "\uff30\uff30\u56de\u5fa9\u78b0\u78b0"
        },
        {
            "language": {
                "name": "fr",
                "url": "/api/v2/language/5/"
            },
            "name": "Moti-R\u00e9cup\u2019 PP"
        },
        {
            "language": {
                "name": "de",
                "url": "/api/v2/language/6/"
            },
            "name": "AP-Bon"
        },
        {
            "language": {
                "name": "es",
                "url": "/api/v2/language/7/"
            },
            "name": "Cup\u00f3n PP"
        },
        {
            "language": {
                "name": "it",
                "url": "/api/v2/language/8/"
            },
            "name": "PP\u2019n\u2019roll"
        },
        {
            "language": {
                "name": "en",
                "url": "/api/v2/language/9/"
            },
            "name": "Roto PP Restore"
        },
        {
            "language": {
                "name": "ja",
                "url": "/api/v2/language/11/"
            },
            "name": "\uff30\uff30\u304b\u3044\u3075\u304f\u30dd\u30f3"
        },
        {
            "language": {
                "name": "zh-Hans",
                "url": "/api/v2/language/12/"
            },
            "name": "\uff30\uff30\u56de\u590d\u78b0\u78b0"
        }
    ],
    "sprites": {
        "default": "https://raw.githubusercontent.com/PokeAPI/sprites/master/sprites/items/roto-pp-restore.png"
    }
}