{
    "attributes": [],
    "baby_trigger_for": null,
    "category": {
        "name": "all-machines",
        "url": "/api/v2/item-category/37/"
    },
    "cost": 16000,
    "effect_entries": [],
    "flavor_text_entries": [
        {
            "language": {
                "name": "ja-Hrkt",
                "url": "/api/v2/language/1/"
            },
            "text": "\u3068\u304c\u3063\u305f\u3000\u306f\u3063\u3071\u3067\u3000\u3042\u3044\u3066\u306b\u3000\u3042\u3089\u3057\u3092\n\u304a\u3053\u3059\u3002\u3064\u304b\u3046\u3068\u3000\u306f\u3093\u3069\u3046\u3067\n\u3058\u3076\u3093\u306e\u3000\u3068\u304f\u3053\u3046\u304c\u3000\u304c\u304f\u3063\u3068\u3000\u3055\u304c\u308b\u3002",
            "version_group": {
                "name": "sword-shield",
                "url": "/api/v2/version-group/20/"
            }
        },
        {
            "language": {
                "name": "ko",
                "url": "/api/v2/language/3/"
            },
            "text": "\ubfb0\uc871\ud55c \uc78e\uc0ac\uadc0\ub85c \uc0c1\ub300\uc5d0\uac8c \ub3cc\ud48d\uc744\n\uc77c\uc73c\ud0a8\ub2e4. \uc0ac\uc6a9\ud558\uba74 \ubc18\ub3d9\uc73c\ub85c\n\uc790\uc2e0\uc758 \ud2b9\uc218\uacf5\uaca9\uc774 \ud06c\uac8c \ub5a8\uc5b4\uc9c4\ub2e4.",
            "version_group": {
                "name": "sword-shield",
                "url": "/api/v2/version-group/20/"
            }
        },
        {
            "language": {
                "name": "zh-Hant",
                "url": "/api/v2/language/4/"
            },
            "text": "\u7528\u5c16\u92b3\u7684\u8449\u5b50\u6372\u8d77\u98a8\u66b4\u5411\u5c0d\u624b\u9032\u884c\u653b\u64ca\u3002\n\u4f7f\u7528\u5f8c\u56e0\u70ba\u53cd\u4f5c\u7528\u529b\uff0c\n\u81ea\u5df1\u7684\u7279\u653b\u6703\u5927\u5e45\u964d\u4f4e\u3002",
            "version_group": {
                "name": "sword-shield",
                "url": "/api/v2/version-group/20/"
            }
        },
        {
            "language": {
                "name": "fr",
                "url": "/api/v2/language/5/"
            },
            "text": "Invoque une temp\u00eate de feuilles ac\u00e9r\u00e9es.\nLe contrecoup r\u00e9duit beaucoup l\u2019Attaque Sp\u00e9ciale\ndu lanceur.",
            "version_group": {
                "name": "sword-shield",
                "url": "/api/v2/version-group/20/"
            }
        },
        {
            "language": {
                "name": "de",
                "url": "/api/v2/language/6/"
            },
            "text": "Anwender erzeugt einen Sturm aus scharfen Bl\u00e4ttern.\nR\u00fccksto\u00df senkt Spezial-Angriff des Anwenders stark.",
            "version_group": {
                "name": "sword-shield",
                "url": "/api/v2/version-group/20/"
            }
        },
        {
            "language": {
                "name": "es",
                "url": "/api/v2/language/7/"
            },
            "text": "Envuelve al objetivo con una lluvia de hojas afiladas,\npero reduce mucho su Ataque Especial.",
            "version_group": {
                "name": "sword-shield",
                "url": "/api/v2/version-group/20/"
            }
        },
        {
            "language": {
                "name": "it",
                "url": "/api/v2/language/8/"
            },
            "text": "Si forma una tempesta di foglie affilate. Il contraccolpo\nriduce di molto l\u2019Attacco Speciale di chi la usa.",
            "version_group": {
                "name": "sword-shield",
                "url": "/api/v2/version-group/20/"
            }
        },
        {
            "language": {
                "name": "en",
                "url": "/api/v2/language/9/"
            },
            "text": "The user whips up a storm of leaves around the\ntarget. The attack\u2019s recoil harshly lowers the user\u2019s\nSp. Atk stat.",
            "version_group": {
                "name": "sword-shield",
                "url": "/api/v2/version-group/20/"
            }
        },
        {
            "language": {
                "name": "ja",
                "url": "/api/v2/language/11/"
            },
            "text": "\u3068\u304c\u3063\u305f\u3000\u306f\u3063\u3071\u3067\u3000\u76f8\u624b\u306b\u3000\u3042\u3089\u3057\u3092\n\u304a\u3053\u3059\u3002\u4f7f\u3046\u3068\u3000\u53cd\u52d5\u3067\n\u81ea\u5206\u306e\u3000\u7279\u653b\u304c\u3000\u304c\u304f\u3063\u3068\u3000\u3055\u304c\u308b\u3002",
            "version_group": {
                "name": "sword-shield",
                "url": "/api/v2/version-group/20/"
            }
        },
        {
            "language": {
                "name": "zh-Hans",
                "url": "/api/v2/language/12/"
            },
            "text": "\u7528\u5c16\u5c16\u7684\u53f6\u7247\u5411\u5bf9\u624b\u5377\u8d77\u98ce\u66b4\u3002\n\u4f7f\u7528\u4e4b\u540e\u56e0\u4e3a\u53cd\u4f5c\u7528\u529b\n\u81ea\u5df1\u7684\u7279\u653b\u4f1a\u5927\u5e45\u964d\u4f4e\u3002",
            "version_group": {
                "name": "sword-shield",
                "url": "/api/v2/version-group/20/"
            }
        }
    ],
    "fling_effect": null,
    "fling_power": 130,
    "game_indices": [
        {
            "game_index": 1201,
            "generation": {
                "name": "generation-viii",
                "url": "/api/v2/generation/8/"
            }
        }
    ],
    "held_by_pokemon": [],
    "id": 1259,
    "machines": [
        {
            "machine": {
                "url": "/api/v2/machine/1660/"
            },
            "version_group": {
                "name": "sword-shield",
                "url": "/api/v2/version-group/20/"
            }
        }
    ],
    "name": "tr71",
    "names": [
        {
            "language": {
                "name": "ja-Hrkt",
                "url": "/api/v2/language/1/"
            },
            "name": "\u308f\u3056\u30ec\u30b3\u30fc\u30c9\uff17\uff11"
        },
        {
            "language": {
                "name": "ko",
                "url": "/api/v2/language/3/"
            },
            "name": "\uae30\uc220\ub808\ucf54\ub4dc71"
        },
        {
            "language": {
                "name": "zh-Hant",
                "url": "/api/v2/language/4/"
            },
            "name": "\u62db\u5f0f\u7d00\u9304\uff17\uff11"
        },
        {
            "language": {
                "name": "fr",
                "url": "/api/v2/language/5/"
            },
            "name": "DT71"
        },
        {
            "language": {
                "name": "de",
                "url": "/api/v2/language/6/"
            },
            "name": "TP71"
        },
        {
            "language": {
                "name": "es",
                "url": "/api/v2/language/7/"
            },
            "name": "DT71"
        },
        {
            "language": {
                "name": "it",
                "url": "/api/v2/language/8/"
            },
            "name": "DT71"
        },
        {
            "language": {
                "name": "en",
                "url": "/api/v2/language/9/"
            },
            "name": "TR71"
        },
        {
            "language": {
                "name": "ja",
                "url": "/api/v2/language/11/"
            },
            "name": "\u308f\u3056\u30ec\u30b3\u30fc\u30c9\uff17\uff11"
        },
        {
            "language": {
                "name": "zh-Hans",
                "url": "/api/v2/language/12/"
            },
            "name": "\u62db\u5f0f\u8bb0\u5f55\uff17\uff11"
        }
    ],
    "sprites": {
        "default": null
    }
}