{
    "attributes": [],
    "baby_trigger_for": null,
    "category": {
        "name": "nature-mints",
        "url": "/api/v2/item-category/50/"
    },
    "cost": 20,
    "effect_entries": [],
    "flavor_text_entries": [
        {
            "language": {
                "name": "ja-Hrkt",
                "url": "/api/v2/language/1/"
            },
            "text": "\u30dd\u30b1\u30e2\u30f3\u306b\u3000\u304b\u304a\u308a\u3092\u3000\u304b\u304c\u305b\u308b\u3068\n\u3068\u304f\u307c\u3046\u304c\u3000\u3042\u304c\u308a\u3084\u3059\u304f\u3000\u306a\u308b\u304c\n\u3059\u3070\u3084\u3055\u306f\u3000\u3042\u304c\u308a\u306b\u304f\u304f\u306a\u308b\u3000\u30df\u30f3\u30c8\u3002",
            "version_group": {
                "name": "sword-shield",
                "url": "/api/v2/version-group/20/"
            }
        },
        {
            "language": {
                "name": "ko",
                "url": "/api/v2/language/3/"
            },
            "text": "\ud3ec\ucf13\ubaac\uc5d0\uac8c \ud5a5\uae30\ub97c \ub9e1\uac8c \ud558\uba74\n\ud2b9\uc218\ubc29\uc5b4\uac00 \uc624\ub974\uae30 \uc26c\uc6cc\uc9c0\uc9c0\ub9cc\n\uc2a4\ud53c\ub4dc\uac00 \uc624\ub974\uae30 \uc5b4\ub824\uc6cc\uc9c0\ub294 \ubbfc\ud2b8.",
            "version_group": {
                "name": "sword-shield",
                "url": "/api/v2/version-group/20/"
            }
        },
        {
            "language": {
                "name": "zh-Hant",
                "url": "/api/v2/language/4/"
            },
            "text": "\u8b93\u5bf6\u53ef\u5922\u805e\u9019\u7a2e\u8584\u8377\u7684\u6c23\u5473\uff0c\n\u6703\u4ee4\u7279\u9632\u8b8a\u5f97\u5bb9\u6613\u63d0\u9ad8\uff0c\n\u4f46\u901f\u5ea6\u5247\u96e3\u4ee5\u63d0\u9ad8\u3002",
            "version_group": {
                "name": "sword-shield",
                "url": "/api/v2/version-group/20/"
            }
        },
        {
            "language": {
                "name": "fr",
                "url": "/api/v2/language/5/"
            },
            "text": "Si un Pok\u00e9mon hume cet aromate, sa D\u00e9fense Sp\u00e9ciale\nmontera plus facilement, mais sa Vitesse\nse d\u00e9veloppera plus lentement.",
            "version_group": {
                "name": "sword-shield",
                "url": "/api/v2/version-group/20/"
            }
        },
        {
            "language": {
                "name": "de",
                "url": "/api/v2/language/6/"
            },
            "text": "L\u00e4sst man ein Pok\u00e9mon an dieser Minze schnuppern,\nsteigt seine Spezial-Verteidigung schneller, aber seine\nInitiative umso langsamer.",
            "version_group": {
                "name": "sword-shield",
                "url": "/api/v2/version-group/20/"
            }
        },
        {
            "language": {
                "name": "es",
                "url": "/api/v2/language/7/"
            },
            "text": "Cuando un Pok\u00e9mon percibe su aroma, aumenta con\nm\u00e1s facilidad su Defensa Especial, en detrimento de su\nVelocidad.",
            "version_group": {
                "name": "sword-shield",
                "url": "/api/v2/version-group/20/"
            }
        },
        {
            "language": {
                "name": "it",
                "url": "/api/v2/language/8/"
            },
            "text": "Quando un Pok\u00e9mon ne sente il profumo,\nla sua Difesa Speciale aumenta pi\u00f9 facilmente\na scapito della Velocit\u00e0.",
            "version_group": {
                "name": "sword-shield",
                "url": "/api/v2/version-group/20/"
            }
        },
        {
            "language": {
                "name": "en",
                "url": "/api/v2/language/9/"
            },
            "text": "When a Pok\u00e9mon smells this mint, its Sp. Def will grow\nmore easily, but its Speed will grow more slowly.",
            "version_group": {
                "name": "sword-shield",
                "url": "/api/v2/version-group/20/"
            }
        },
        {
            "language": {
                "name": "ja",
                "url": "/api/v2/language/11/"
            },
            "text": "\u30dd\u30b1\u30e2\u30f3\u306b\u3000\u9999\u308a\u3092\u3000\u304b\u304c\u305b\u308b\u3068\n\u7279\u9632\u304c\u3000\u4e0a\u304c\u308a\u3084\u3059\u304f\u3000\u306a\u308b\u304c\n\u7d20\u65e9\u3055\u306f\u3000\u4e0a\u304c\u308a\u306b\u304f\u304f\u306a\u308b\u3000\u30df\u30f3\u30c8\u3002",
            "version_group": {
                "name": "sword-shield",
                "url": "/api/v2/version-group/20/"
            }
        },
        {
            "language": {
                "name": "zh-Hans",
                "url": "/api/v2/language/12/"
            },
            "text": "\u5b9d\u53ef\u68a6\u95fb\u4e86\u8fd9\u79cd\u8584\u8377\u4e4b\u540e\uff0c\n\u4f1a\u4ee4\u7279\u9632\u5bb9\u6613\u63d0\u9ad8\uff0c\n\u800c\u901f\u5ea6\u5219\u96be\u4ee5\u63d0\u9ad8\u3002",
            "version_group": {
                "name": "sword-shield",
                "url": "/api/v2/version-group/20/"
            }
        }
    ],
    "fling_effect": null,
    "fling_power": 10,
    "game_indices": [
        {
            "game_index": 1246,
            "generation": {
                "name": "generation-viii",
                "url": "/api/v2/generation/8/"
            }
        }
    ],
    "held_by_pokemon": [],
    "id": 1304,
    "machines": [],
    "name": "sassy-mint",
    "names": [
        {
            "language": {
                "name": "ja-Hrkt",
                "url": "/api/v2/language/1/"
            },
            "name": "\u306a\u307e\u3044\u304d\u30df\u30f3\u30c8"
        },
        {
            "language": {
                "name": "ko",
                "url": "/api/v2/language/3/"
            },
            "name": "\uac74\ubc29\ubbfc\ud2b8"
        },
        {
            "language": {
                "name": "zh-Hant",
                "url": "/api/v2/language/4/"
            },
            "name": "\u81ea\u5927\u8584\u8377"
        },
        {
            "language": {
                "name": "fr",
                "url": "/api/v2/language/5/"
            },
            "name": "Aromate Malpoli"
        },
        {
            "language": {
                "name": "de",
                "url": "/api/v2/language/6/"
            },
            "name": "Forsch-Minze"
        },
        {
            "language": {
                "name": "es",
                "url": "/api/v2/language/7/"
            },
            "name": "Menta Grosera"
        },
        {
            "language": {
                "name": "it",
                "url": "/api/v2/language/8/"
            },
            "name": "Menta Vivace"
        },
        {
            "language": {
                "name": "en",
                "url": "/api/v2/language/9/"
            },
            "name": "Sassy Mint"
        },
        {
            "language": {
                "name": "ja",
                "url": "/api/v2/language/11/"
            },
            "name": "\u306a\u307e\u3044\u304d\u30df\u30f3\u30c8"
        },
        {
            "language": {
                "name": "zh-Hans",
                "url": "/api/v2/language/12/"
            },
            "name": "\u81ea\u5927\u8584\u8377"
        }
    ],
    "sprites": {
        "default": null
    }
}