{
    "attributes": [],
    "baby_trigger_for": null,
    "category": {
        "name": "all-machines",
        "url": "/api/v2/item-category/37/"
    },
    "cost": 6000,
    "effect_entries": [],
    "flavor_text_entries": [
        {
            "language": {
                "name": "ja-Hrkt",
                "url": "/api/v2/language/1/"
            },
            "text": "\u3061\u3092\u3000\u3059\u3044\u3068\u3063\u3066\u3000\u3042\u3044\u3066\u3092\n\u3053\u3046\u3052\u304d\u3059\u308b\u3002\u3000\u3042\u305f\u3048\u305f\u3000\u30c0\u30e1\u30fc\u30b8\u306e\n\u306f\u3093\u3076\u3093\u306e\u3000\uff28\uff30\u3092\u3000\u304b\u3044\u3075\u304f\u3000\u3067\u304d\u308b\u3002",
            "version_group": {
                "name": "sword-shield",
                "url": "/api/v2/version-group/20/"
            }
        },
        {
            "language": {
                "name": "ko",
                "url": "/api/v2/language/3/"
            },
            "text": "\ud53c\ub97c \ube68\uc544\uc11c \uc0c1\ub300\ub97c\n\uacf5\uaca9\ud55c\ub2e4. \uc900 \ub370\ubbf8\uc9c0\uc758\n\uc808\ubc18\uc744 HP\ub85c \ud68c\ubcf5\ud55c\ub2e4.",
            "version_group": {
                "name": "sword-shield",
                "url": "/api/v2/version-group/20/"
            }
        },
        {
            "language": {
                "name": "zh-Hant",
                "url": "/api/v2/language/4/"
            },
            "text": "\u5438\u53d6\u5c0d\u624b\u7684\u8840\u6db2\u9032\u884c\u653b\u64ca\u3002\n\u53ef\u4ee5\u56de\u5fa9\u7d66\u4e88\u5c0d\u624b\n\u50b7\u5bb3\u7684\u4e00\u534a\uff28\uff30\u3002",
            "version_group": {
                "name": "sword-shield",
                "url": "/api/v2/version-group/20/"
            }
        },
        {
            "language": {
                "name": "fr",
                "url": "/api/v2/language/5/"
            },
            "text": "Une attaque qui aspire le sang de l\u2019ennemi.\nLa moiti\u00e9 des d\u00e9g\u00e2ts sont convertis en PV\npour le lanceur.",
            "version_group": {
                "name": "sword-shield",
                "url": "/api/v2/version-group/20/"
            }
        },
        {
            "language": {
                "name": "de",
                "url": "/api/v2/language/6/"
            },
            "text": "Die H\u00e4lfte des zugef\u00fcgten Schadens wird dem\nAnwender gutgeschrieben.",
            "version_group": {
                "name": "sword-shield",
                "url": "/api/v2/version-group/20/"
            }
        },
        {
            "language": {
                "name": "es",
                "url": "/api/v2/language/7/"
            },
            "text": "Restaura al usuario la mitad del da\u00f1o causado al\nobjetivo.",
            "version_group": {
                "name": "sword-shield",
                "url": "/api/v2/version-group/20/"
            }
        },
        {
            "language": {
                "name": "it",
                "url": "/api/v2/language/8/"
            },
            "text": "Mossa succhiasangue. Chi la usa recupera una\nquantit\u00e0 di PS pari alla met\u00e0 del danno inferto.",
            "version_group": {
                "name": "sword-shield",
                "url": "/api/v2/version-group/20/"
            }
        },
        {
            "language": {
                "name": "en",
                "url": "/api/v2/language/9/"
            },
            "text": "The user drains the target\u2019s blood. The user\u2019s HP is\nrestored by half the damage taken by the target.",
            "version_group": {
                "name": "sword-shield",
                "url": "/api/v2/version-group/20/"
            }
        },
        {
            "language": {
                "name": "ja",
                "url": "/api/v2/language/11/"
            },
            "text": "\u8840\u3092\u3000\u5438\u3044\u53d6\u3063\u3066\u3000\u76f8\u624b\u3092\n\u653b\u6483\u3059\u308b\u3002\u3000\u4e0e\u3048\u305f\u3000\u30c0\u30e1\u30fc\u30b8\u306e\n\u534a\u5206\u306e\u3000\uff28\uff30\u3092\u3000\u56de\u5fa9\u3067\u304d\u308b\u3002",
            "version_group": {
                "name": "sword-shield",
                "url": "/api/v2/version-group/20/"
            }
        },
        {
            "language": {
                "name": "zh-Hans",
                "url": "/api/v2/language/12/"
            },
            "text": "\u5438\u53d6\u8840\u6db2\u653b\u51fb\u5bf9\u624b\u3002\n\u53ef\u4ee5\u56de\u590d\u7ed9\u4e88\u5bf9\u624b\u4f24\u5bb3\u7684\u4e00\u534a\uff28\uff30\u3002",
            "version_group": {
                "name": "sword-shield",
                "url": "/api/v2/version-group/20/"
            }
        }
    ],
    "fling_effect": null,
    "fling_power": 80,
    "game_indices": [
        {
            "game_index": 1148,
            "generation": {
                "name": "generation-viii",
                "url": "/api/v2/generation/8/"
            }
        }
    ],
    "held_by_pokemon": [],
    "id": 1206,
    "machines": [
        {
            "machine": {
                "url": "/api/v2/machine/1607/"
            },
            "version_group": {
                "name": "sword-shield",
                "url": "/api/v2/version-group/20/"
            }
        }
    ],
    "name": "tr18",
    "names": [
        {
            "language": {
                "name": "ja-Hrkt",
                "url": "/api/v2/language/1/"
            },
            "name": "\u308f\u3056\u30ec\u30b3\u30fc\u30c9\uff11\uff18"
        },
        {
            "language": {
                "name": "ko",
                "url": "/api/v2/language/3/"
            },
            "name": "\uae30\uc220\ub808\ucf54\ub4dc18"
        },
        {
            "language": {
                "name": "zh-Hant",
                "url": "/api/v2/language/4/"
            },
            "name": "\u62db\u5f0f\u7d00\u9304\uff11\uff18"
        },
        {
            "language": {
                "name": "fr",
                "url": "/api/v2/language/5/"
            },
            "name": "DT18"
        },
        {
            "language": {
                "name": "de",
                "url": "/api/v2/language/6/"
            },
            "name": "TP18"
        },
        {
            "language": {
                "name": "es",
                "url": "/api/v2/language/7/"
            },
            "name": "DT18"
        },
        {
            "language": {
                "name": "it",
                "url": "/api/v2/language/8/"
            },
            "name": "DT18"
        },
        {
            "language": {
                "name": "en",
                "url": "/api/v2/language/9/"
            },
            "name": "TR18"
        },
        {
            "language": {
                "name": "ja",
                "url": "/api/v2/language/11/"
            },
            "name": "\u308f\u3056\u30ec\u30b3\u30fc\u30c9\uff11\uff18"
        },
        {
            "language": {
                "name": "zh-Hans",
                "url": "/api/v2/language/12/"
            },
            "name": "\u62db\u5f0f\u8bb0\u5f55\uff11\uff18"
        }
    ],
    "sprites": {
        "default": null
    }
}