{
    "attributes": [],
    "baby_trigger_for": null,
    "category": {
        "name": "held-items",
        "url": "/api/v2/item-category/12/"
    },
    "cost": 4000,
    "effect_entries": [],
    "flavor_text_entries": [
        {
            "language": {
                "name": "ja-Hrkt",
                "url": "/api/v2/language/1/"
            },
            "text": "\u304a\u3068\u306b\u3000\u304b\u3093\u3059\u308b\u3000\u308f\u3056\u3092\u3000\u3064\u304b\u3046\u3068\n\u3068\u304f\u3053\u3046\u304c\u3000\u3042\u304c\u308b\u3002",
            "version_group": {
                "name": "sword-shield",
                "url": "/api/v2/version-group/20/"
            }
        },
        {
            "language": {
                "name": "ko",
                "url": "/api/v2/language/3/"
            },
            "text": "\uc18c\ub9ac \uae30\uc220\uc744 \uc0ac\uc6a9\ud558\uba74\n\ud2b9\uc218\uacf5\uaca9\uc774 \uc62c\ub77c\uac04\ub2e4.",
            "version_group": {
                "name": "sword-shield",
                "url": "/api/v2/version-group/20/"
            }
        },
        {
            "language": {
                "name": "zh-Hant",
                "url": "/api/v2/language/4/"
            },
            "text": "\u4f7f\u7528\u8207\u8072\u97f3\u6709\u95dc\u7684\u62db\u5f0f\u6642\uff0c\n\u7279\u653b\u6703\u63d0\u9ad8\u3002",
            "version_group": {
                "name": "sword-shield",
                "url": "/api/v2/version-group/20/"
            }
        },
        {
            "language": {
                "name": "fr",
                "url": "/api/v2/language/5/"
            },
            "text": "Augmente l\u2019Attaque Sp\u00e9ciale du porteur\nlorsqu\u2019il utilise une capacit\u00e9 bas\u00e9e sur le son.",
            "version_group": {
                "name": "sword-shield",
                "url": "/api/v2/version-group/20/"
            }
        },
        {
            "language": {
                "name": "de",
                "url": "/api/v2/language/6/"
            },
            "text": "Erh\u00f6ht bei Einsatz einer L\u00e4rm-Attacke den\nSpezial-Angriff.",
            "version_group": {
                "name": "sword-shield",
                "url": "/api/v2/version-group/20/"
            }
        },
        {
            "language": {
                "name": "es",
                "url": "/api/v2/language/7/"
            },
            "text": "Aumenta el Ataque Especial al emplear un movimiento\nque se sirva del sonido.",
            "version_group": {
                "name": "sword-shield",
                "url": "/api/v2/version-group/20/"
            }
        },
        {
            "language": {
                "name": "it",
                "url": "/api/v2/language/8/"
            },
            "text": "Aumenta l\u2019Attacco Speciale quando il Pok\u00e9mon usa\nuna mossa basata sul suono.",
            "version_group": {
                "name": "sword-shield",
                "url": "/api/v2/version-group/20/"
            }
        },
        {
            "language": {
                "name": "en",
                "url": "/api/v2/language/9/"
            },
            "text": "Raises Sp. Atk when a Pok\u00e9mon uses a sound-based\nmove.",
            "version_group": {
                "name": "sword-shield",
                "url": "/api/v2/version-group/20/"
            }
        },
        {
            "language": {
                "name": "ja",
                "url": "/api/v2/language/11/"
            },
            "text": "\u97f3\u306b\u3000\u95a2\u3059\u308b\u3000\u6280\u3092\u3000\u4f7f\u3046\u3068\n\u7279\u653b\u304c\u3000\u4e0a\u304c\u308b\u3002",
            "version_group": {
                "name": "sword-shield",
                "url": "/api/v2/version-group/20/"
            }
        },
        {
            "language": {
                "name": "zh-Hans",
                "url": "/api/v2/language/12/"
            },
            "text": "\u4f7f\u7528\u58f0\u97f3\u76f8\u5173\u7684\u62db\u5f0f\u65f6\uff0c\n\u7279\u653b\u4f1a\u63d0\u9ad8\u3002",
            "version_group": {
                "name": "sword-shield",
                "url": "/api/v2/version-group/20/"
            }
        }
    ],
    "fling_effect": null,
    "fling_power": 30,
    "game_indices": [
        {
            "game_index": 1118,
            "generation": {
                "name": "generation-viii",
                "url": "/api/v2/generation/8/"
            }
        }
    ],
    "held_by_pokemon": [],
    "id": 1176,
    "machines": [],
    "name": "throat-spray",
    "names": [
        {
            "language": {
                "name": "ja-Hrkt",
                "url": "/api/v2/language/1/"
            },
            "name": "\u306e\u3069\u30b9\u30d7\u30ec\u30fc"
        },
        {
            "language": {
                "name": "ko",
                "url": "/api/v2/language/3/"
            },
            "name": "\ubaa9\uc2a4\ud504\ub808\uc774"
        },
        {
            "language": {
                "name": "zh-Hant",
                "url": "/api/v2/language/4/"
            },
            "name": "\u723d\u5589\u5674\u9727"
        },
        {
            "language": {
                "name": "fr",
                "url": "/api/v2/language/5/"
            },
            "name": "Spray Gorge"
        },
        {
            "language": {
                "name": "de",
                "url": "/api/v2/language/6/"
            },
            "name": "Halsspray"
        },
        {
            "language": {
                "name": "es",
                "url": "/api/v2/language/7/"
            },
            "name": "Espray Bucal"
        },
        {
            "language": {
                "name": "it",
                "url": "/api/v2/language/8/"
            },
            "name": "Spray gola"
        },
        {
            "language": {
                "name": "en",
                "url": "/api/v2/language/9/"
            },
            "name": "Throat Spray"
        },
        {
            "language": {
                "name": "ja",
                "url": "/api/v2/language/11/"
            },
            "name": "\u306e\u3069\u30b9\u30d7\u30ec\u30fc"
        },
        {
            "language": {
                "name": "zh-Hans",
                "url": "/api/v2/language/12/"
            },
            "name": "\u723d\u5589\u55b7\u96fe"
        }
    ],
    "sprites": {
        "default": null
    }
}