{
    "attributes": [],
    "baby_trigger_for": null,
    "category": {
        "name": "loot",
        "url": "/api/v2/item-category/24/"
    },
    "cost": 1000,
    "effect_entries": [],
    "flavor_text_entries": [
        {
            "language": {
                "name": "ja-Hrkt",
                "url": "/api/v2/language/1/"
            },
            "text": "\u304e\u3093\u3044\u308d\u306e\u3000\u3075\u3057\u304e\u306a\u3000\u306f\u3063\u3071\u3002\n\u3053\u306e\u3000\u306f\u3063\u3071\u3092\u3000\u3064\u3051\u308b\u3000\u304d\u306f\n\u307f\u3064\u304b\u3063\u3066\u3000\u3044\u306a\u3044\u3002",
            "version_group": {
                "name": "lets-go-pikachu-lets-go-eevee",
                "url": "/api/v2/version-group/19/"
            }
        },
        {
            "language": {
                "name": "ko",
                "url": "/api/v2/language/3/"
            },
            "text": "\uc740\ube5b\uc758 \uc2e0\ube44\ud55c \ub098\ubb47\uc78e.\n\uc774 \ub098\ubb47\uc78e\uc774 \uc790\ub77c\ub294 \ub098\ubb34\ub294\n\uc544\uc9c1 \ubc1c\uacac\ub418\uc9c0 \uc54a\uc558\ub2e4.",
            "version_group": {
                "name": "lets-go-pikachu-lets-go-eevee",
                "url": "/api/v2/version-group/19/"
            }
        },
        {
            "language": {
                "name": "zh-Hant",
                "url": "/api/v2/language/4/"
            },
            "text": "\u4e0d\u53ef\u601d\u8b70\u7684\u9280\u8272\u8449\u5b50\u3002\n\u81f3\u4eca\u9084\u672a\u767c\u73fe\n\u9577\u6709\u9019\u7a2e\u8449\u5b50\u7684\u6a39\u3002",
            "version_group": {
                "name": "lets-go-pikachu-lets-go-eevee",
                "url": "/api/v2/version-group/19/"
            }
        },
        {
            "language": {
                "name": "fr",
                "url": "/api/v2/language/5/"
            },
            "text": "Une feuille argent\u00e9e myst\u00e9rieuse. Elle ne semble\nappartenir \u00e0 aucun arbre connu.",
            "version_group": {
                "name": "lets-go-pikachu-lets-go-eevee",
                "url": "/api/v2/version-group/19/"
            }
        },
        {
            "language": {
                "name": "de",
                "url": "/api/v2/language/6/"
            },
            "text": "Ein r\u00e4tselhaftes Blatt mit silberner F\u00e4rbung. Bisher hat\nman noch keinen Baum entdeckt, an dem solche Bl\u00e4tter\nwachsen.",
            "version_group": {
                "name": "lets-go-pikachu-lets-go-eevee",
                "url": "/api/v2/version-group/19/"
            }
        },
        {
            "language": {
                "name": "es",
                "url": "/api/v2/language/7/"
            },
            "text": "Extra\u00f1a hoja de color plateado. Se desconoce de qu\u00e9\n\u00e1rbol procede.",
            "version_group": {
                "name": "lets-go-pikachu-lets-go-eevee",
                "url": "/api/v2/version-group/19/"
            }
        },
        {
            "language": {
                "name": "it",
                "url": "/api/v2/language/8/"
            },
            "text": "Una strana foglia argentata. Nessuno sa da che albero\nprovenga.",
            "version_group": {
                "name": "lets-go-pikachu-lets-go-eevee",
                "url": "/api/v2/version-group/19/"
            }
        },
        {
            "language": {
                "name": "en",
                "url": "/api/v2/language/9/"
            },
            "text": "A mysterious silver leaf. No trees with this leaf have\nbeen found yet.",
            "version_group": {
                "name": "lets-go-pikachu-lets-go-eevee",
                "url": "/api/v2/version-group/19/"
            }
        },
        {
            "language": {
                "name": "ja",
                "url": "/api/v2/language/11/"
            },
            "text": "\u9280\u8272\u306e\u3000\u4e0d\u601d\u8b70\u306a\u3000\u306f\u3063\u3071\u3002\n\u3053\u306e\u3000\u306f\u3063\u3071\u3092\u3000\u3064\u3051\u308b\u3000\u6728\u306f\n\u898b\u3064\u304b\u3063\u3066\u3000\u3044\u306a\u3044\u3002",
            "version_group": {
                "name": "lets-go-pikachu-lets-go-eevee",
                "url": "/api/v2/version-group/19/"
            }
        },
        {
            "language": {
                "name": "zh-Hans",
                "url": "/api/v2/language/12/"
            },
            "text": "\u795e\u5947\u7684\u94f6\u8272\u53f6\u5b50\u3002\n\u81f3\u4eca\u4ecd\u672a\u53d1\u73b0\u80fd\u957f\u51fa\n\u8fd9\u79cd\u53f6\u5b50\u7684\u6811\u6728\u3002",
            "version_group": {
                "name": "lets-go-pikachu-lets-go-eevee",
                "url": "/api/v2/version-group/19/"
            }
        },
        {
            "language": {
                "name": "ja-Hrkt",
                "url": "/api/v2/language/1/"
            },
            "text": "\u304e\u3093\u3044\u308d\u306e\u3000\u3075\u3057\u304e\u306a\u3000\u306f\u3063\u3071\u3002\n\u3053\u306e\u3000\u306f\u3063\u3071\u3092\u3000\u3064\u3051\u308b\u3000\u304d\u306f\n\u307f\u3064\u304b\u3063\u3066\u3000\u3044\u306a\u3044\u3002",
            "version_group": {
                "name": "sword-shield",
                "url": "/api/v2/version-group/20/"
            }
        },
        {
            "language": {
                "name": "ko",
                "url": "/api/v2/language/3/"
            },
            "text": "\uc740\ube5b\uc758 \uc2e0\ube44\ud55c \ub098\ubb47\uc78e.\n\uc774 \ub098\ubb47\uc78e\uc774 \uc790\ub77c\ub294 \ub098\ubb34\ub294\n\uc544\uc9c1 \ubc1c\uacac\ub418\uc9c0 \uc54a\uc558\ub2e4.",
            "version_group": {
                "name": "sword-shield",
                "url": "/api/v2/version-group/20/"
            }
        },
        {
            "language": {
                "name": "zh-Hant",
                "url": "/api/v2/language/4/"
            },
            "text": "\u4e0d\u53ef\u601d\u8b70\u7684\u9280\u8272\u8449\u5b50\u3002\n\u81f3\u4eca\u9084\u672a\u767c\u73fe\n\u9577\u6709\u9019\u7a2e\u8449\u5b50\u7684\u6a39\u3002",
            "version_group": {
                "name": "sword-shield",
                "url": "/api/v2/version-group/20/"
            }
        },
        {
            "language": {
                "name": "fr",
                "url": "/api/v2/language/5/"
            },
            "text": "Une feuille argent\u00e9e myst\u00e9rieuse. Elle ne semble\nappartenir \u00e0 aucun arbre connu.",
            "version_group": {
                "name": "sword-shield",
                "url": "/api/v2/version-group/20/"
            }
        },
        {
            "language": {
                "name": "de",
                "url": "/api/v2/language/6/"
            },
            "text": "Ein r\u00e4tselhaftes Blatt mit silberner F\u00e4rbung. Bisher hat\nman noch keinen Baum entdeckt, an dem solche Bl\u00e4tter\nwachsen.",
            "version_group": {
                "name": "sword-shield",
                "url": "/api/v2/version-group/20/"
            }
        },
        {
            "language": {
                "name": "es",
                "url": "/api/v2/language/7/"
            },
            "text": "Extra\u00f1a hoja de color plateado. Se desconoce de qu\u00e9\n\u00e1rbol procede.",
            "version_group": {
                "name": "sword-shield",
                "url": "/api/v2/version-group/20/"
            }
        },
        {
            "language": {
                "name": "it",
                "url": "/api/v2/language/8/"
            },
            "text": "Una strana foglia argentata. Nessuno sa da che albero\nprovenga.",
            "version_group": {
                "name": "sword-shield",
                "url": "/api/v2/version-group/20/"
            }
        },
        {
            "language": {
                "name": "en",
                "url": "/api/v2/language/9/"
            },
            "text": "A mysterious silver leaf. No trees with this leaf have\nbeen found yet.",
            "version_group": {
                "name": "sword-shield",
                "url": "/api/v2/version-group/20/"
            }
        },
        {
            "language": {
                "name": "ja",
                "url": "/api/v2/language/11/"
            },
            "text": "\u9280\u8272\u306e\u3000\u4e0d\u601d\u8b70\u306a\u3000\u306f\u3063\u3071\u3002\n\u3053\u306e\u3000\u306f\u3063\u3071\u3092\u3000\u3064\u3051\u308b\u3000\u6728\u306f\n\u898b\u3064\u304b\u3063\u3066\u3000\u3044\u306a\u3044\u3002",
            "version_group": {
                "name": "sword-shield",
                "url": "/api/v2/version-group/20/"
            }
        },
        {
            "language": {
                "name": "zh-Hans",
                "url": "/api/v2/language/12/"
            },
            "text": "\u795e\u5947\u7684\u94f6\u8272\u53f6\u5b50\u3002\n\u81f3\u4eca\u4ecd\u672a\u53d1\u73b0\u80fd\u957f\u51fa\n\u8fd9\u79cd\u53f6\u5b50\u7684\u6811\u6728\u3002",
            "version_group": {
                "name": "sword-shield",
                "url": "/api/v2/version-group/20/"
            }
        }
    ],
    "fling_effect": null,
    "fling_power": 30,
    "game_indices": [
        {
            "game_index": 891,
            "generation": {
                "name": "generation-vii",
                "url": "/api/v2/generation/7/"
            }
        },
        {
            "game_index": 891,
            "generation": {
                "name": "generation-viii",
                "url": "/api/v2/generation/8/"
            }
        }
    ],
    "held_by_pokemon": [],
    "id": 1030,
    "machines": [],
    "name": "silver-leaf",
    "names": [
        {
            "language": {
                "name": "ja-Hrkt",
                "url": "/api/v2/language/1/"
            },
            "name": "\u304e\u3093\u306e\u306f\u3063\u3071"
        },
        {
            "language": {
                "name": "ko",
                "url": "/api/v2/language/3/"
            },
            "name": "\uc740\ube5b\uc78e\uc0ac\uadc0"
        },
        {
            "language": {
                "name": "zh-Hant",
                "url": "/api/v2/language/4/"
            },
            "name": "\u9280\u8272\u8449\u5b50"
        },
        {
            "language": {
                "name": "fr",
                "url": "/api/v2/language/5/"
            },
            "name": "Feuille Argent\u00e9e"
        },
        {
            "language": {
                "name": "de",
                "url": "/api/v2/language/6/"
            },
            "name": "Silberblatt"
        },
        {
            "language": {
                "name": "es",
                "url": "/api/v2/language/7/"
            },
            "name": "Hoja de Plata"
        },
        {
            "language": {
                "name": "it",
                "url": "/api/v2/language/8/"
            },
            "name": "Fogliargento"
        },
        {
            "language": {
                "name": "en",
                "url": "/api/v2/language/9/"
            },
            "name": "Silver Leaf"
        },
        {
            "language": {
                "name": "ja",
                "url": "/api/v2/language/11/"
            },
            "name": "\u304e\u3093\u306e\u306f\u3063\u3071"
        },
        {
            "language": {
                "name": "zh-Hans",
                "url": "/api/v2/language/12/"
            },
            "name": "\u94f6\u8272\u53f6\u5b50"
        }
    ],
    "sprites": {
        "default": null
    }
}