{
    "attributes": [],
    "baby_trigger_for": null,
    "category": {
        "name": "held-items",
        "url": "/api/v2/item-category/12/"
    },
    "cost": 4000,
    "effect_entries": [],
    "flavor_text_entries": [
        {
            "language": {
                "name": "ja-Hrkt",
                "url": "/api/v2/language/1/"
            },
            "text": "\u3042\u3057\u3070\u306b\u3000\u3057\u304b\u3051\u3089\u308c\u305f\n\u308f\u306a\u306a\u3069\u306e\u3000\u3048\u3044\u304d\u3087\u3046\u3092\u3000\u3046\u3051\u306a\u304f\u306a\u308b\u3002",
            "version_group": {
                "name": "sword-shield",
                "url": "/api/v2/version-group/20/"
            }
        },
        {
            "language": {
                "name": "ko",
                "url": "/api/v2/language/3/"
            },
            "text": "\ubc1c\ubc11\uc5d0 \uc124\uce58\ub41c\n\ud568\uc815 \ub4f1\uc758 \uc601\ud5a5\uc744 \ubc1b\uc9c0 \uc54a\uac8c \ub41c\ub2e4.",
            "version_group": {
                "name": "sword-shield",
                "url": "/api/v2/version-group/20/"
            }
        },
        {
            "language": {
                "name": "zh-Hant",
                "url": "/api/v2/language/4/"
            },
            "text": "\u651c\u5e36\u5f8c\uff0c\u5c07\u4e0d\u6703\u53d7\n\u8173\u4e0b\u7684\u9677\u9631\u7b49\u6240\u5f71\u97ff\u3002",
            "version_group": {
                "name": "sword-shield",
                "url": "/api/v2/version-group/20/"
            }
        },
        {
            "language": {
                "name": "fr",
                "url": "/api/v2/language/5/"
            },
            "text": "Le porteur ne subit plus les effets des pi\u00e8ges\nou autres entraves pos\u00e9s sur le terrain.",
            "version_group": {
                "name": "sword-shield",
                "url": "/api/v2/version-group/20/"
            }
        },
        {
            "language": {
                "name": "de",
                "url": "/api/v2/language/6/"
            },
            "text": "Der Tr\u00e4ger wird nicht mehr durch Fallen und andere\nObjekte beeintr\u00e4chtigt, die auf dem Boden liegen.",
            "version_group": {
                "name": "sword-shield",
                "url": "/api/v2/version-group/20/"
            }
        },
        {
            "language": {
                "name": "es",
                "url": "/api/v2/language/7/"
            },
            "text": "Anula los efectos de aquello que se coloca a los pies\ndel Pok\u00e9mon para obstaculizarlo, como las trampas.",
            "version_group": {
                "name": "sword-shield",
                "url": "/api/v2/version-group/20/"
            }
        },
        {
            "language": {
                "name": "it",
                "url": "/api/v2/language/8/"
            },
            "text": "Protegge il Pok\u00e9mon che ce l\u2019ha dagli effetti di trappole\ne di altri ostacoli piazzati ai suoi piedi.",
            "version_group": {
                "name": "sword-shield",
                "url": "/api/v2/version-group/20/"
            }
        },
        {
            "language": {
                "name": "en",
                "url": "/api/v2/language/9/"
            },
            "text": "These boots prevent the effects of traps set on\nthe battlefield.",
            "version_group": {
                "name": "sword-shield",
                "url": "/api/v2/version-group/20/"
            }
        },
        {
            "language": {
                "name": "ja",
                "url": "/api/v2/language/11/"
            },
            "text": "\u8db3\u5834\u306b\u3000\u3057\u304b\u3051\u3089\u308c\u305f\n\u7f60\u306a\u3069\u306e\u3000\u5f71\u97ff\u3092\u3000\u53d7\u3051\u306a\u304f\u306a\u308b\u3002",
            "version_group": {
                "name": "sword-shield",
                "url": "/api/v2/version-group/20/"
            }
        },
        {
            "language": {
                "name": "zh-Hans",
                "url": "/api/v2/language/12/"
            },
            "text": "\u4e0d\u53d7\u811a\u4e0b\u9677\u9631\u7b49\u7684\u5f71\u54cd\u3002",
            "version_group": {
                "name": "sword-shield",
                "url": "/api/v2/version-group/20/"
            }
        }
    ],
    "fling_effect": null,
    "fling_power": 80,
    "game_indices": [
        {
            "game_index": 1120,
            "generation": {
                "name": "generation-viii",
                "url": "/api/v2/generation/8/"
            }
        }
    ],
    "held_by_pokemon": [],
    "id": 1178,
    "machines": [],
    "name": "heavy-duty-boots",
    "names": [
        {
            "language": {
                "name": "ja-Hrkt",
                "url": "/api/v2/language/1/"
            },
            "name": "\u3042\u3064\u305e\u3053\u30d6\u30fc\u30c4"
        },
        {
            "language": {
                "name": "ko",
                "url": "/api/v2/language/3/"
            },
            "name": "\ud1b5\uad7d\ubd80\uce20"
        },
        {
            "language": {
                "name": "zh-Hant",
                "url": "/api/v2/language/4/"
            },
            "name": "\u539a\u5e95\u9774"
        },
        {
            "language": {
                "name": "fr",
                "url": "/api/v2/language/5/"
            },
            "name": "Grosses Bottes"
        },
        {
            "language": {
                "name": "de",
                "url": "/api/v2/language/6/"
            },
            "name": "Plateauschuhe"
        },
        {
            "language": {
                "name": "es",
                "url": "/api/v2/language/7/"
            },
            "name": "Botas Gruesas"
        },
        {
            "language": {
                "name": "it",
                "url": "/api/v2/language/8/"
            },
            "name": "Scarponi robusti"
        },
        {
            "language": {
                "name": "en",
                "url": "/api/v2/language/9/"
            },
            "name": "Heavy-Duty Boots"
        },
        {
            "language": {
                "name": "ja",
                "url": "/api/v2/language/11/"
            },
            "name": "\u3042\u3064\u305e\u3053\u30d6\u30fc\u30c4"
        },
        {
            "language": {
                "name": "zh-Hans",
                "url": "/api/v2/language/12/"
            },
            "name": "\u539a\u5e95\u9774"
        }
    ],
    "sprites": {
        "default": null
    }
}