{
    "attributes": [],
    "baby_trigger_for": null,
    "category": {
        "name": "all-machines",
        "url": "/api/v2/item-category/37/"
    },
    "cost": 6000,
    "effect_entries": [],
    "flavor_text_entries": [
        {
            "language": {
                "name": "ja-Hrkt",
                "url": "/api/v2/language/1/"
            },
            "text": "\u30ab\u30de\u3084\u3000\u30c4\u30e1\u3092\u3000\u30cf\u30b5\u30df\u306e\u3088\u3046\u306b\n\u3053\u3046\u3055\u3000\u3055\u305b\u306a\u304c\u3089\u3000\u3042\u3044\u3066\u3092\u3000\u304d\u308a\u3055\u304f\u3002",
            "version_group": {
                "name": "sword-shield",
                "url": "/api/v2/version-group/20/"
            }
        },
        {
            "language": {
                "name": "ko",
                "url": "/api/v2/language/3/"
            },
            "text": "\ub0ab\uc774\ub098 \ubc1c\ud1b1\uc744 \uac00\uc704\ucc98\ub7fc\n\uad50\ucc28\uc2dc\ud0a4\uba74\uc11c \uc0c1\ub300\ub97c \ubca0\uc5b4 \uac00\ub978\ub2e4.",
            "version_group": {
                "name": "sword-shield",
                "url": "/api/v2/version-group/20/"
            }
        },
        {
            "language": {
                "name": "zh-Hant",
                "url": "/api/v2/language/4/"
            },
            "text": "\u5c07\u942e\u5200\u6216\u722a\u5b50\u50cf\u526a\u5200\u822c\u5730\u4ea4\u53c9\uff0c\n\u9806\u52e2\u5288\u958b\u5c0d\u624b\u3002",
            "version_group": {
                "name": "sword-shield",
                "url": "/api/v2/version-group/20/"
            }
        },
        {
            "language": {
                "name": "fr",
                "url": "/api/v2/language/5/"
            },
            "text": "Le lanceur taillade l\u2019ennemi en utilisant ses faux\nou ses griffes comme une paire de ciseaux.",
            "version_group": {
                "name": "sword-shield",
                "url": "/api/v2/version-group/20/"
            }
        },
        {
            "language": {
                "name": "de",
                "url": "/api/v2/language/6/"
            },
            "text": "Der Anwender f\u00fchrt eine Attacke aus, die einer\nScherenbewegung \u00e4hnelt.",
            "version_group": {
                "name": "sword-shield",
                "url": "/api/v2/version-group/20/"
            }
        },
        {
            "language": {
                "name": "es",
                "url": "/api/v2/language/7/"
            },
            "text": "Cruza las guada\u00f1as o las garras para atacar al objetivo\ncomo si fueran unas tijeras.",
            "version_group": {
                "name": "sword-shield",
                "url": "/api/v2/version-group/20/"
            }
        },
        {
            "language": {
                "name": "it",
                "url": "/api/v2/language/8/"
            },
            "text": "Chi la usa colpisce il bersaglio con un attacco\nche ricorda un colpo di forbici.",
            "version_group": {
                "name": "sword-shield",
                "url": "/api/v2/version-group/20/"
            }
        },
        {
            "language": {
                "name": "en",
                "url": "/api/v2/language/9/"
            },
            "text": "The user slashes at the target by crossing its\nscythes or claws as if they were a pair of scissors.",
            "version_group": {
                "name": "sword-shield",
                "url": "/api/v2/version-group/20/"
            }
        },
        {
            "language": {
                "name": "ja",
                "url": "/api/v2/language/11/"
            },
            "text": "\u30ab\u30de\u3084\u3000\u30c4\u30e1\u3092\u3000\u30cf\u30b5\u30df\u306e\u3088\u3046\u306b\n\u4ea4\u5dee\u3055\u305b\u306a\u304c\u3089\u3000\u76f8\u624b\u3092\u3000\u5207\u308a\u88c2\u304f\u3002",
            "version_group": {
                "name": "sword-shield",
                "url": "/api/v2/version-group/20/"
            }
        },
        {
            "language": {
                "name": "zh-Hans",
                "url": "/api/v2/language/12/"
            },
            "text": "\u5c06\u9570\u5200\u6216\u722a\u5b50\u50cf\u526a\u5200\u822c\u5730\u4ea4\u53c9\uff0c\n\u987a\u52bf\u5288\u5f00\u5bf9\u624b\u3002",
            "version_group": {
                "name": "sword-shield",
                "url": "/api/v2/version-group/20/"
            }
        }
    ],
    "fling_effect": null,
    "fling_power": 80,
    "game_indices": [
        {
            "game_index": 1190,
            "generation": {
                "name": "generation-viii",
                "url": "/api/v2/generation/8/"
            }
        }
    ],
    "held_by_pokemon": [],
    "id": 1248,
    "machines": [
        {
            "machine": {
                "url": "/api/v2/machine/1649/"
            },
            "version_group": {
                "name": "sword-shield",
                "url": "/api/v2/version-group/20/"
            }
        }
    ],
    "name": "tr60",
    "names": [
        {
            "language": {
                "name": "ja-Hrkt",
                "url": "/api/v2/language/1/"
            },
            "name": "\u308f\u3056\u30ec\u30b3\u30fc\u30c9\uff16\uff10"
        },
        {
            "language": {
                "name": "ko",
                "url": "/api/v2/language/3/"
            },
            "name": "\uae30\uc220\ub808\ucf54\ub4dc60"
        },
        {
            "language": {
                "name": "zh-Hant",
                "url": "/api/v2/language/4/"
            },
            "name": "\u62db\u5f0f\u7d00\u9304\uff16\uff10"
        },
        {
            "language": {
                "name": "fr",
                "url": "/api/v2/language/5/"
            },
            "name": "DT60"
        },
        {
            "language": {
                "name": "de",
                "url": "/api/v2/language/6/"
            },
            "name": "TP60"
        },
        {
            "language": {
                "name": "es",
                "url": "/api/v2/language/7/"
            },
            "name": "DT60"
        },
        {
            "language": {
                "name": "it",
                "url": "/api/v2/language/8/"
            },
            "name": "DT60"
        },
        {
            "language": {
                "name": "en",
                "url": "/api/v2/language/9/"
            },
            "name": "TR60"
        },
        {
            "language": {
                "name": "ja",
                "url": "/api/v2/language/11/"
            },
            "name": "\u308f\u3056\u30ec\u30b3\u30fc\u30c9\uff16\uff10"
        },
        {
            "language": {
                "name": "zh-Hans",
                "url": "/api/v2/language/12/"
            },
            "name": "\u62db\u5f0f\u8bb0\u5f55\uff16\uff10"
        }
    ],
    "sprites": {
        "default": null
    }
}