{
    "attributes": [
        {
            "name": "holdable",
            "url": "/api/v2/item-attribute/5/"
        }
    ],
    "baby_trigger_for": null,
    "category": {
        "name": "species-specific",
        "url": "/api/v2/item-category/18/"
    },
    "cost": 0,
    "effect_entries": [
        {
            "effect": "Held by palkia\n:   Holder's dragon- and water-type moves have 1.2\u00d7 their usual power.",
            "language": {
                "name": "en",
                "url": "/api/v2/language/9/"
            },
            "short_effect": "Boosts the damage from Palkia's Dragon-type and Water-type moves by 20%."
        }
    ],
    "flavor_text_entries": [
        {
            "language": {
                "name": "en",
                "url": "/api/v2/language/9/"
            },
            "text": "A beautifully glowing orb to be held by\nPALKIA. It boosts the power of Dragon-\u200b\nand Water-type moves.",
            "version_group": {
                "name": "diamond-pearl",
                "url": "/api/v2/version-group/8/"
            }
        },
        {
            "language": {
                "name": "en",
                "url": "/api/v2/language/9/"
            },
            "text": "A beautifully glowing orb to be held by\nPALKIA. It boosts the power of Dragon-\u200b\nand Water-type moves.",
            "version_group": {
                "name": "platinum",
                "url": "/api/v2/version-group/9/"
            }
        },
        {
            "language": {
                "name": "en",
                "url": "/api/v2/language/9/"
            },
            "text": "A beautifully glowing orb to be held by\nPALKIA. It boosts the power of Dragon-\u200b\nand Water-type moves.",
            "version_group": {
                "name": "heartgold-soulsilver",
                "url": "/api/v2/version-group/10/"
            }
        },
        {
            "language": {
                "name": "fr",
                "url": "/api/v2/language/5/"
            },
            "text": "Bel orbe luisant destin\u00e9 \u00e0 Palkia.\nAugmente la puissance des capacit\u00e9s\nde type Dragon et Eau.",
            "version_group": {
                "name": "black-white",
                "url": "/api/v2/version-group/11/"
            }
        },
        {
            "language": {
                "name": "en",
                "url": "/api/v2/language/9/"
            },
            "text": "A beautifully glowing orb to be held by\nPalkia. It boosts the power of Dragon-\u200b\nand Water-type moves.",
            "version_group": {
                "name": "black-white",
                "url": "/api/v2/version-group/11/"
            }
        },
        {
            "language": {
                "name": "en",
                "url": "/api/v2/language/9/"
            },
            "text": "A beautifully glowing orb to be held by\nPalkia. It boosts the power of Dragon-\u200b\nand Water-type moves.",
            "version_group": {
                "name": "black-2-white-2",
                "url": "/api/v2/version-group/14/"
            }
        },
        {
            "language": {
                "name": "ja-Hrkt",
                "url": "/api/v2/language/1/"
            },
            "text": "\u30d1\u30eb\u30ad\u30a2\u306b\u3000\u3082\u305f\u305b\u308b\u3068\u3000\u30c9\u30e9\u30b4\u30f3\u3068\n\u307f\u305a\u30bf\u30a4\u30d7\u306e\u3000\u308f\u3056\u306e\u3000\u3044\u308a\u3087\u304f\u304c\n\u3042\u304c\u308b\u3000\u3046\u3064\u304f\u3057\u304f\u3000\u304b\u304c\u3084\u304f\u3000\u305f\u307e\u3002",
            "version_group": {
                "name": "x-y",
                "url": "/api/v2/version-group/15/"
            }
        },
        {
            "language": {
                "name": "ko",
                "url": "/api/v2/language/3/"
            },
            "text": "\ud384\uae30\uc544\uc5d0\uac8c \uc9c0\ub2c8\uac8c \ud558\uba74 \ub4dc\ub798\uace4\uacfc\n\ubb3c\ud0c0\uc785 \uae30\uc220\uc758 \uc704\ub825\uc774 \uc62c\ub77c\uac00\ub294\n\uc544\ub984\ub2f5\uac8c \ubc18\uc9dd\uc774\ub294 \uad6c\uc2ac.",
            "version_group": {
                "name": "x-y",
                "url": "/api/v2/version-group/15/"
            }
        },
        {
            "language": {
                "name": "fr",
                "url": "/api/v2/language/5/"
            },
            "text": "Un bel orbe luisant destin\u00e9 \u00e0 Palkia.\nAugmente la puissance des capacit\u00e9s de type\nDragon et Eau.",
            "version_group": {
                "name": "x-y",
                "url": "/api/v2/version-group/15/"
            }
        },
        {
            "language": {
                "name": "de",
                "url": "/api/v2/language/6/"
            },
            "text": "Ein hell leuchtender Orb. Verst\u00e4rkt Attacken vom\nTyp Drache und Wasser, wenn Palkia ihn tr\u00e4gt.",
            "version_group": {
                "name": "x-y",
                "url": "/api/v2/version-group/15/"
            }
        },
        {
            "language": {
                "name": "es",
                "url": "/api/v2/language/7/"
            },
            "text": "Los Pok\u00e9mon pueden llevarla o usarla para\ndescongelarse.",
            "version_group": {
                "name": "x-y",
                "url": "/api/v2/version-group/15/"
            }
        },
        {
            "language": {
                "name": "it",
                "url": "/api/v2/language/8/"
            },
            "text": "Sfera splendente da dare a Palkia.\nPotenzia le mosse di tipo Drago e Acqua.",
            "version_group": {
                "name": "x-y",
                "url": "/api/v2/version-group/15/"
            }
        },
        {
            "language": {
                "name": "en",
                "url": "/api/v2/language/9/"
            },
            "text": "A beautifully glowing orb to be held by\nPalkia. It boosts the power of Dragon-\u200b\nand Water-type moves when it is held.",
            "version_group": {
                "name": "x-y",
                "url": "/api/v2/version-group/15/"
            }
        },
        {
            "language": {
                "name": "ja",
                "url": "/api/v2/language/11/"
            },
            "text": "\u30d1\u30eb\u30ad\u30a2\u306b\u3000\u6301\u305f\u305b\u308b\u3068\u3000\u30c9\u30e9\u30b4\u30f3\u3068\n\u307f\u305a\u30bf\u30a4\u30d7\u306e\u3000\u6280\u306e\u3000\u5a01\u529b\u304c\n\u3042\u304c\u308b\u3000\u7f8e\u3057\u304f\u3000\u8f1d\u304f\u3000\u73e0\u3002",
            "version_group": {
                "name": "x-y",
                "url": "/api/v2/version-group/15/"
            }
        },
        {
            "language": {
                "name": "ja-Hrkt",
                "url": "/api/v2/language/1/"
            },
            "text": "\u30d1\u30eb\u30ad\u30a2\u306b\u3000\u3082\u305f\u305b\u308b\u3068\u3000\u30c9\u30e9\u30b4\u30f3\u3068\n\u307f\u305a\u30bf\u30a4\u30d7\u306e\u3000\u308f\u3056\u306e\u3000\u3044\u308a\u3087\u304f\u304c\n\u3042\u304c\u308b\u3000\u3046\u3064\u304f\u3057\u304f\u3000\u304b\u304c\u3084\u304f\u3000\u305f\u307e\u3002",
            "version_group": {
                "name": "sun-moon",
                "url": "/api/v2/version-group/17/"
            }
        },
        {
            "language": {
                "name": "ko",
                "url": "/api/v2/language/3/"
            },
            "text": "\ud384\uae30\uc544\uc5d0\uac8c \uc9c0\ub2c8\uac8c \ud558\uba74 \ub4dc\ub798\uace4\uacfc\n\ubb3c\ud0c0\uc785 \uae30\uc220\uc758 \uc704\ub825\uc774 \uc62c\ub77c\uac00\ub294\n\uc544\ub984\ub2f5\uac8c \ubc18\uc9dd\uc774\ub294 \uad6c\uc2ac.",
            "version_group": {
                "name": "sun-moon",
                "url": "/api/v2/version-group/17/"
            }
        },
        {
            "language": {
                "name": "zh-Hant",
                "url": "/api/v2/language/4/"
            },
            "text": "\u8b93\u5e15\u8def\u5947\u4e9e\u651c\u5e36\u7684\u8a71\uff0c\n\u9f8d\u548c\u6c34\u5c6c\u6027\u7684\u62db\u5f0f\u5a01\u529b\u5c31\u6703\u63d0\u9ad8\u3002\n\u6563\u767c\u8457\u7f8e\u9e97\u5149\u8f1d\u7684\u5bf6\u73e0\u3002",
            "version_group": {
                "name": "sun-moon",
                "url": "/api/v2/version-group/17/"
            }
        },
        {
            "language": {
                "name": "fr",
                "url": "/api/v2/language/5/"
            },
            "text": "Un bel orbe luisant destin\u00e9 \u00e0 Palkia.\nAugmente la puissance des capacit\u00e9s de type\nDragon et Eau.",
            "version_group": {
                "name": "sun-moon",
                "url": "/api/v2/version-group/17/"
            }
        },
        {
            "language": {
                "name": "de",
                "url": "/api/v2/language/6/"
            },
            "text": "Ein hell leuchtender Orb. Verst\u00e4rkt Attacken vom\nTyp Drache und Wasser, wenn Palkia ihn tr\u00e4gt.",
            "version_group": {
                "name": "sun-moon",
                "url": "/api/v2/version-group/17/"
            }
        },
        {
            "language": {
                "name": "es",
                "url": "/api/v2/language/7/"
            },
            "text": "Una bonita esfera que potencia los movimientos\nde tipo Drag\u00f3n y Agua. Debe llevarla Palkia.",
            "version_group": {
                "name": "sun-moon",
                "url": "/api/v2/version-group/17/"
            }
        },
        {
            "language": {
                "name": "it",
                "url": "/api/v2/language/8/"
            },
            "text": "Sfera splendente da dare a Palkia.\nPotenzia le mosse di tipo Drago e Acqua.",
            "version_group": {
                "name": "sun-moon",
                "url": "/api/v2/version-group/17/"
            }
        },
        {
            "language": {
                "name": "en",
                "url": "/api/v2/language/9/"
            },
            "text": "A beautifully glowing orb to be held by Palkia.\nIt boosts the power of Dragon- and Water-type\nmoves when it is held.",
            "version_group": {
                "name": "sun-moon",
                "url": "/api/v2/version-group/17/"
            }
        },
        {
            "language": {
                "name": "ja",
                "url": "/api/v2/language/11/"
            },
            "text": "\u30d1\u30eb\u30ad\u30a2\u306b\u3000\u6301\u305f\u305b\u308b\u3068\u3000\u30c9\u30e9\u30b4\u30f3\u3068\n\u307f\u305a\u30bf\u30a4\u30d7\u306e\u3000\u6280\u306e\u3000\u5a01\u529b\u304c\n\u3042\u304c\u308b\u3000\u7f8e\u3057\u304f\u3000\u8f1d\u304f\u3000\u73e0\u3002",
            "version_group": {
                "name": "sun-moon",
                "url": "/api/v2/version-group/17/"
            }
        },
        {
            "language": {
                "name": "zh-Hans",
                "url": "/api/v2/language/12/"
            },
            "text": "\u8ba9\u5e15\u8def\u5947\u4e9a\u643a\u5e26\u7684\u8bdd\uff0c\n\u9f99\u548c\u6c34\u5c5e\u6027\u7684\u62db\u5f0f\u5a01\u529b\u5c31\u4f1a\u63d0\u9ad8\u3002\n\u6563\u53d1\u7740\u7f8e\u4e3d\u5149\u8f89\u7684\u5b9d\u73e0\u3002",
            "version_group": {
                "name": "sun-moon",
                "url": "/api/v2/version-group/17/"
            }
        },
        {
            "language": {
                "name": "ja-Hrkt",
                "url": "/api/v2/language/1/"
            },
            "text": "\u30d1\u30eb\u30ad\u30a2\u306b\u3000\u3082\u305f\u305b\u308b\u3068\u3000\u30c9\u30e9\u30b4\u30f3\u3068\n\u307f\u305a\u30bf\u30a4\u30d7\u306e\u3000\u308f\u3056\u306e\u3000\u3044\u308a\u3087\u304f\u304c\n\u3042\u304c\u308b\u3000\u3046\u3064\u304f\u3057\u304f\u3000\u304b\u304c\u3084\u304f\u3000\u305f\u307e\u3002",
            "version_group": {
                "name": "ultra-sun-ultra-moon",
                "url": "/api/v2/version-group/18/"
            }
        },
        {
            "language": {
                "name": "ko",
                "url": "/api/v2/language/3/"
            },
            "text": "\ud384\uae30\uc544\uc5d0\uac8c \uc9c0\ub2c8\uac8c \ud558\uba74 \ub4dc\ub798\uace4\uacfc\n\ubb3c\ud0c0\uc785 \uae30\uc220\uc758 \uc704\ub825\uc774 \uc62c\ub77c\uac00\ub294\n\uc544\ub984\ub2f5\uac8c \ubc18\uc9dd\uc774\ub294 \uad6c\uc2ac.",
            "version_group": {
                "name": "ultra-sun-ultra-moon",
                "url": "/api/v2/version-group/18/"
            }
        },
        {
            "language": {
                "name": "zh-Hant",
                "url": "/api/v2/language/4/"
            },
            "text": "\u8b93\u5e15\u8def\u5947\u4e9e\u651c\u5e36\u7684\u8a71\uff0c\n\u9f8d\u548c\u6c34\u5c6c\u6027\u7684\u62db\u5f0f\u5a01\u529b\u5c31\u6703\u63d0\u9ad8\u3002\n\u6563\u767c\u8457\u7f8e\u9e97\u5149\u8f1d\u7684\u5bf6\u73e0\u3002",
            "version_group": {
                "name": "ultra-sun-ultra-moon",
                "url": "/api/v2/version-group/18/"
            }
        },
        {
            "language": {
                "name": "fr",
                "url": "/api/v2/language/5/"
            },
            "text": "Un bel orbe luisant destin\u00e9 \u00e0 Palkia.\nAugmente la puissance des capacit\u00e9s de type\nDragon et Eau.",
            "version_group": {
                "name": "ultra-sun-ultra-moon",
                "url": "/api/v2/version-group/18/"
            }
        },
        {
            "language": {
                "name": "de",
                "url": "/api/v2/language/6/"
            },
            "text": "Ein hell leuchtender Orb. Verst\u00e4rkt Attacken vom\nTyp Drache und Wasser, wenn Palkia ihn tr\u00e4gt.",
            "version_group": {
                "name": "ultra-sun-ultra-moon",
                "url": "/api/v2/version-group/18/"
            }
        },
        {
            "language": {
                "name": "es",
                "url": "/api/v2/language/7/"
            },
            "text": "Una bonita esfera que potencia los movimientos\nde tipo Drag\u00f3n y Agua. Debe llevarla Palkia.",
            "version_group": {
                "name": "ultra-sun-ultra-moon",
                "url": "/api/v2/version-group/18/"
            }
        },
        {
            "language": {
                "name": "it",
                "url": "/api/v2/language/8/"
            },
            "text": "Sfera splendente da dare a Palkia.\nPotenzia le mosse di tipo Drago e Acqua.",
            "version_group": {
                "name": "ultra-sun-ultra-moon",
                "url": "/api/v2/version-group/18/"
            }
        },
        {
            "language": {
                "name": "en",
                "url": "/api/v2/language/9/"
            },
            "text": "A beautifully glowing orb to be held by Palkia.\nIt boosts the power of Dragon- and Water-type\nmoves when it is held.",
            "version_group": {
                "name": "ultra-sun-ultra-moon",
                "url": "/api/v2/version-group/18/"
            }
        },
        {
            "language": {
                "name": "ja",
                "url": "/api/v2/language/11/"
            },
            "text": "\u30d1\u30eb\u30ad\u30a2\u306b\u3000\u6301\u305f\u305b\u308b\u3068\u3000\u30c9\u30e9\u30b4\u30f3\u3068\n\u307f\u305a\u30bf\u30a4\u30d7\u306e\u3000\u6280\u306e\u3000\u5a01\u529b\u304c\n\u3042\u304c\u308b\u3000\u7f8e\u3057\u304f\u3000\u8f1d\u304f\u3000\u73e0\u3002",
            "version_group": {
                "name": "ultra-sun-ultra-moon",
                "url": "/api/v2/version-group/18/"
            }
        },
        {
            "language": {
                "name": "zh-Hans",
                "url": "/api/v2/language/12/"
            },
            "text": "\u8ba9\u5e15\u8def\u5947\u4e9a\u643a\u5e26\u7684\u8bdd\uff0c\n\u9f99\u548c\u6c34\u5c5e\u6027\u7684\u62db\u5f0f\u5a01\u529b\u5c31\u4f1a\u63d0\u9ad8\u3002\n\u6563\u53d1\u7740\u7f8e\u4e3d\u5149\u8f89\u7684\u5b9d\u73e0\u3002",
            "version_group": {
                "name": "ultra-sun-ultra-moon",
                "url": "/api/v2/version-group/18/"
            }
        },
        {
            "language": {
                "name": "ja-Hrkt",
                "url": "/api/v2/language/1/"
            },
            "text": "\u30d1\u30eb\u30ad\u30a2\u306b\u3000\u3082\u305f\u305b\u308b\u3068\u3000\u30c9\u30e9\u30b4\u30f3\u3068\n\u307f\u305a\u30bf\u30a4\u30d7\u306e\u3000\u308f\u3056\u306e\u3000\u3044\u308a\u3087\u304f\u304c\n\u3042\u304c\u308b\u3000\u3046\u3064\u304f\u3057\u304f\u3000\u304b\u304c\u3084\u304f\u3000\u305f\u307e\u3002",
            "version_group": {
                "name": "lets-go-pikachu-lets-go-eevee",
                "url": "/api/v2/version-group/19/"
            }
        },
        {
            "language": {
                "name": "ko",
                "url": "/api/v2/language/3/"
            },
            "text": "\ud384\uae30\uc544\uc5d0\uac8c \uc9c0\ub2c8\uac8c \ud558\uba74 \ub4dc\ub798\uace4\uacfc\n\ubb3c\ud0c0\uc785 \uae30\uc220\uc758 \uc704\ub825\uc774 \uc62c\ub77c\uac00\ub294\n\uc544\ub984\ub2f5\uac8c \ubc18\uc9dd\uc774\ub294 \uad6c\uc2ac.",
            "version_group": {
                "name": "lets-go-pikachu-lets-go-eevee",
                "url": "/api/v2/version-group/19/"
            }
        },
        {
            "language": {
                "name": "zh-Hant",
                "url": "/api/v2/language/4/"
            },
            "text": "\u8b93\u5e15\u8def\u5947\u4e9e\u651c\u5e36\u7684\u8a71\uff0c\n\u9f8d\u548c\u6c34\u5c6c\u6027\u7684\u62db\u5f0f\u5a01\u529b\u5c31\u6703\u63d0\u9ad8\u3002\n\u6563\u767c\u8457\u7f8e\u9e97\u5149\u8f1d\u7684\u5bf6\u73e0\u3002",
            "version_group": {
                "name": "lets-go-pikachu-lets-go-eevee",
                "url": "/api/v2/version-group/19/"
            }
        },
        {
            "language": {
                "name": "fr",
                "url": "/api/v2/language/5/"
            },
            "text": "Un bel orbe luisant destin\u00e9 \u00e0 Palkia.\nAugmente la puissance des capacit\u00e9s de type Dragon\net Eau.",
            "version_group": {
                "name": "lets-go-pikachu-lets-go-eevee",
                "url": "/api/v2/version-group/19/"
            }
        },
        {
            "language": {
                "name": "de",
                "url": "/api/v2/language/6/"
            },
            "text": "Ein hell leuchtender Orb. Verst\u00e4rkt Attacken vom\nTyp Drache und Wasser, wenn Palkia ihn tr\u00e4gt.",
            "version_group": {
                "name": "lets-go-pikachu-lets-go-eevee",
                "url": "/api/v2/version-group/19/"
            }
        },
        {
            "language": {
                "name": "es",
                "url": "/api/v2/language/7/"
            },
            "text": "Una bonita esfera que potencia los movimientos\nde tipo Drag\u00f3n y Agua. Debe llevarla Palkia.",
            "version_group": {
                "name": "lets-go-pikachu-lets-go-eevee",
                "url": "/api/v2/version-group/19/"
            }
        },
        {
            "language": {
                "name": "it",
                "url": "/api/v2/language/8/"
            },
            "text": "Sfera splendente da dare a Palkia.\nPotenzia le mosse di tipo Drago e Acqua.",
            "version_group": {
                "name": "lets-go-pikachu-lets-go-eevee",
                "url": "/api/v2/version-group/19/"
            }
        },
        {
            "language": {
                "name": "en",
                "url": "/api/v2/language/9/"
            },
            "text": "A beautifully glowing orb to be held by Palkia.\nIt boosts the power of Dragon- and Water-type\nmoves when it is held.",
            "version_group": {
                "name": "lets-go-pikachu-lets-go-eevee",
                "url": "/api/v2/version-group/19/"
            }
        },
        {
            "language": {
                "name": "ja",
                "url": "/api/v2/language/11/"
            },
            "text": "\u30d1\u30eb\u30ad\u30a2\u306b\u3000\u6301\u305f\u305b\u308b\u3068\u3000\u30c9\u30e9\u30b4\u30f3\u3068\n\u307f\u305a\u30bf\u30a4\u30d7\u306e\u3000\u6280\u306e\u3000\u5a01\u529b\u304c\n\u3042\u304c\u308b\u3000\u7f8e\u3057\u304f\u3000\u8f1d\u304f\u3000\u73e0\u3002",
            "version_group": {
                "name": "lets-go-pikachu-lets-go-eevee",
                "url": "/api/v2/version-group/19/"
            }
        },
        {
            "language": {
                "name": "zh-Hans",
                "url": "/api/v2/language/12/"
            },
            "text": "\u8ba9\u5e15\u8def\u5947\u4e9a\u643a\u5e26\u7684\u8bdd\uff0c\n\u9f99\u548c\u6c34\u5c5e\u6027\u7684\u62db\u5f0f\u5a01\u529b\u5c31\u4f1a\u63d0\u9ad8\u3002\n\u6563\u53d1\u7740\u7f8e\u4e3d\u5149\u8f89\u7684\u5b9d\u73e0\u3002",
            "version_group": {
                "name": "lets-go-pikachu-lets-go-eevee",
                "url": "/api/v2/version-group/19/"
            }
        },
        {
            "language": {
                "name": "ja-Hrkt",
                "url": "/api/v2/language/1/"
            },
            "text": "\u30d1\u30eb\u30ad\u30a2\u306b\u3000\u3082\u305f\u305b\u308b\u3068\u3000\u30c9\u30e9\u30b4\u30f3\u3068\n\u307f\u305a\u30bf\u30a4\u30d7\u306e\u3000\u308f\u3056\u306e\u3000\u3044\u308a\u3087\u304f\u304c\n\u3042\u304c\u308b\u3000\u3046\u3064\u304f\u3057\u304f\u3000\u304b\u304c\u3084\u304f\u3000\u305f\u307e\u3002",
            "version_group": {
                "name": "sword-shield",
                "url": "/api/v2/version-group/20/"
            }
        },
        {
            "language": {
                "name": "ko",
                "url": "/api/v2/language/3/"
            },
            "text": "\ud384\uae30\uc544\uc5d0\uac8c \uc9c0\ub2c8\uac8c \ud558\uba74 \ub4dc\ub798\uace4\uacfc\n\ubb3c\ud0c0\uc785 \uae30\uc220\uc758 \uc704\ub825\uc774 \uc62c\ub77c\uac00\ub294\n\uc544\ub984\ub2f5\uac8c \ubc18\uc9dd\uc774\ub294 \uad6c\uc2ac.",
            "version_group": {
                "name": "sword-shield",
                "url": "/api/v2/version-group/20/"
            }
        },
        {
            "language": {
                "name": "zh-Hant",
                "url": "/api/v2/language/4/"
            },
            "text": "\u8b93\u5e15\u8def\u5947\u4e9e\u651c\u5e36\u7684\u8a71\uff0c\n\u9f8d\u548c\u6c34\u5c6c\u6027\u7684\u62db\u5f0f\u5a01\u529b\u5c31\u6703\u63d0\u9ad8\u3002\n\u6563\u767c\u8457\u7f8e\u9e97\u5149\u8f1d\u7684\u5bf6\u73e0\u3002",
            "version_group": {
                "name": "sword-shield",
                "url": "/api/v2/version-group/20/"
            }
        },
        {
            "language": {
                "name": "fr",
                "url": "/api/v2/language/5/"
            },
            "text": "Un bel orbe luisant destin\u00e9 \u00e0 Palkia.\nAugmente la puissance des capacit\u00e9s de types\nDragon et Eau.",
            "version_group": {
                "name": "sword-shield",
                "url": "/api/v2/version-group/20/"
            }
        },
        {
            "language": {
                "name": "de",
                "url": "/api/v2/language/6/"
            },
            "text": "Ein hell leuchtender Orb. Verst\u00e4rkt Attacken vom Typ\nDrache und Wasser, wenn Palkia ihn tr\u00e4gt.",
            "version_group": {
                "name": "sword-shield",
                "url": "/api/v2/version-group/20/"
            }
        },
        {
            "language": {
                "name": "es",
                "url": "/api/v2/language/7/"
            },
            "text": "Una bonita esfera que potencia los movimientos de tipo\nDrag\u00f3n y Agua. Debe llevarla Palkia.",
            "version_group": {
                "name": "sword-shield",
                "url": "/api/v2/version-group/20/"
            }
        },
        {
            "language": {
                "name": "it",
                "url": "/api/v2/language/8/"
            },
            "text": "Sfera splendente da dare a Palkia.\nPotenzia le mosse di tipo Drago e Acqua.",
            "version_group": {
                "name": "sword-shield",
                "url": "/api/v2/version-group/20/"
            }
        },
        {
            "language": {
                "name": "en",
                "url": "/api/v2/language/9/"
            },
            "text": "A beautifully glowing orb to be held by Palkia.\nIt boosts the power of Dragon- and Water-type\nmoves when it is held.",
            "version_group": {
                "name": "sword-shield",
                "url": "/api/v2/version-group/20/"
            }
        },
        {
            "language": {
                "name": "ja",
                "url": "/api/v2/language/11/"
            },
            "text": "\u30d1\u30eb\u30ad\u30a2\u306b\u3000\u6301\u305f\u305b\u308b\u3068\u3000\u30c9\u30e9\u30b4\u30f3\u3068\n\u307f\u305a\u30bf\u30a4\u30d7\u306e\u3000\u6280\u306e\u3000\u5a01\u529b\u304c\n\u3042\u304c\u308b\u3000\u7f8e\u3057\u304f\u3000\u8f1d\u304f\u3000\u73e0\u3002",
            "version_group": {
                "name": "sword-shield",
                "url": "/api/v2/version-group/20/"
            }
        },
        {
            "language": {
                "name": "zh-Hans",
                "url": "/api/v2/language/12/"
            },
            "text": "\u8ba9\u5e15\u8def\u5947\u4e9a\u643a\u5e26\u7684\u8bdd\uff0c\n\u9f99\u548c\u6c34\u5c5e\u6027\u7684\u62db\u5f0f\u5a01\u529b\u5c31\u4f1a\u63d0\u9ad8\u3002\n\u6563\u53d1\u7740\u7f8e\u4e3d\u5149\u8f89\u7684\u5b9d\u73e0\u3002",
            "version_group": {
                "name": "sword-shield",
                "url": "/api/v2/version-group/20/"
            }
        }
    ],
    "fling_effect": null,
    "fling_power": 60,
    "game_indices": [
        {
            "game_index": 136,
            "generation": {
                "name": "generation-iv",
                "url": "/api/v2/generation/4/"
            }
        },
        {
            "game_index": 136,
            "generation": {
                "name": "generation-v",
                "url": "/api/v2/generation/5/"
            }
        },
        {
            "game_index": 136,
            "generation": {
                "name": "generation-vi",
                "url": "/api/v2/generation/6/"
            }
        },
        {
            "game_index": 136,
            "generation": {
                "name": "generation-vii",
                "url": "/api/v2/generation/7/"
            }
        },
        {
            "game_index": 136,
            "generation": {
                "name": "generation-viii",
                "url": "/api/v2/generation/8/"
            }
        }
    ],
    "held_by_pokemon": [],
    "id": 113,
    "machines": [],
    "name": "lustrous-orb",
    "names": [
        {
            "language": {
                "name": "ja-Hrkt",
                "url": "/api/v2/language/1/"
            },
            "name": "\u3057\u3089\u305f\u307e"
        },
        {
            "language": {
                "name": "ko",
                "url": "/api/v2/language/3/"
            },
            "name": "\ubc31\uc625"
        },
        {
            "language": {
                "name": "zh-Hant",
                "url": "/api/v2/language/4/"
            },
            "name": "\u767d\u7389\u5bf6\u73e0"
        },
        {
            "language": {
                "name": "fr",
                "url": "/api/v2/language/5/"
            },
            "name": "Orbe Perl\u00e9"
        },
        {
            "language": {
                "name": "de",
                "url": "/api/v2/language/6/"
            },
            "name": "Wei\u00df-Orb"
        },
        {
            "language": {
                "name": "es",
                "url": "/api/v2/language/7/"
            },
            "name": "Lustresfera"
        },
        {
            "language": {
                "name": "it",
                "url": "/api/v2/language/8/"
            },
            "name": "Splendisfera"
        },
        {
            "language": {
                "name": "en",
                "url": "/api/v2/language/9/"
            },
            "name": "Lustrous Orb"
        },
        {
            "language": {
                "name": "ja",
                "url": "/api/v2/language/11/"
            },
            "name": "\u3057\u3089\u305f\u307e"
        },
        {
            "language": {
                "name": "zh-Hans",
                "url": "/api/v2/language/12/"
            },
            "name": "\u767d\u7389\u5b9d\u73e0"
        }
    ],
    "sprites": {
        "default": "https://raw.githubusercontent.com/PokeAPI/sprites/master/sprites/items/lustrous-orb.png"
    }
}