{
    "attributes": [],
    "baby_trigger_for": null,
    "category": {
        "name": "all-machines",
        "url": "/api/v2/item-category/37/"
    },
    "cost": 10000,
    "effect_entries": [],
    "flavor_text_entries": [
        {
            "language": {
                "name": "ja-Hrkt",
                "url": "/api/v2/language/1/"
            },
            "text": "\u308a\u3087\u3046\u3046\u3067\u3092\u3000\u307e\u308f\u3057\u3000\u3042\u3044\u3066\u306b\u3000\u3042\u3066\u308b\u3002\n\u3042\u3044\u3066\u306e\u3000\u306e\u3046\u308a\u3087\u304f\u3000\u3078\u3093\u304b\u306b\n\u304b\u3093\u3051\u3044\u306a\u304f\u3000\u30c0\u30e1\u30fc\u30b8\u3092\u3000\u3042\u305f\u3048\u308b\u3002",
            "version_group": {
                "name": "sword-shield",
                "url": "/api/v2/version-group/20/"
            }
        },
        {
            "language": {
                "name": "ko",
                "url": "/api/v2/language/3/"
            },
            "text": "\uc591\ud314\uc744 \ub3cc\ub824 \uc0c1\ub300\uc5d0\uac8c \ubd80\ub52a\uce5c\ub2e4.\n\uc0c1\ub300\uc758 \ub2a5\ub825 \ubcc0\ud654\uc5d0\n\uc0c1\uad00\uc5c6\uc774 \ub370\ubbf8\uc9c0\ub97c \uc900\ub2e4.",
            "version_group": {
                "name": "sword-shield",
                "url": "/api/v2/version-group/20/"
            }
        },
        {
            "language": {
                "name": "zh-Hant",
                "url": "/api/v2/language/4/"
            },
            "text": "\u65cb\u8f49\u96d9\u81c2\u4e26\u6253\u5411\u5c0d\u624b\u3002\n\u53ef\u4e0d\u9867\u5c0d\u624b\u7684\u80fd\u529b\u8b8a\u5316\n\u7d66\u4e88\u50b7\u5bb3\u3002",
            "version_group": {
                "name": "sword-shield",
                "url": "/api/v2/version-group/20/"
            }
        },
        {
            "language": {
                "name": "fr",
                "url": "/api/v2/language/5/"
            },
            "text": "Le Pok\u00e9mon \u00e9tend les bras et frappe l\u2019adversaire\nen tournant violemment. Inflige des d\u00e9g\u00e2ts et ignore\nles changements de stats de la cible.",
            "version_group": {
                "name": "sword-shield",
                "url": "/api/v2/version-group/20/"
            }
        },
        {
            "language": {
                "name": "de",
                "url": "/api/v2/language/6/"
            },
            "text": "Der Anwender wirbelt mit beiden Armen und prallt\nso auf das Ziel. Richtet unabh\u00e4ngig von den\nStatusver\u00e4nderungen des Zieles Schaden an.",
            "version_group": {
                "name": "sword-shield",
                "url": "/api/v2/version-group/20/"
            }
        },
        {
            "language": {
                "name": "es",
                "url": "/api/v2/language/7/"
            },
            "text": "Gira sobre s\u00ed mismo y golpea al oponente con ambos\nbrazos. Ignora los cambios en las caracter\u00edsticas del\nobjetivo.",
            "version_group": {
                "name": "sword-shield",
                "url": "/api/v2/version-group/20/"
            }
        },
        {
            "language": {
                "name": "it",
                "url": "/api/v2/language/8/"
            },
            "text": "Chi la usa attacca il bersaglio mulinando gli arti.\nIl danno inflitto ignora le modifiche alle statistiche\ndel bersaglio.",
            "version_group": {
                "name": "sword-shield",
                "url": "/api/v2/version-group/20/"
            }
        },
        {
            "language": {
                "name": "en",
                "url": "/api/v2/language/9/"
            },
            "text": "The user swings both arms and hits the target.\nThe target\u2019s stat changes don\u2019t affect this\nattack\u2019s damage.",
            "version_group": {
                "name": "sword-shield",
                "url": "/api/v2/version-group/20/"
            }
        },
        {
            "language": {
                "name": "ja",
                "url": "/api/v2/language/11/"
            },
            "text": "\u4e21\u8155\u3092\u3000\u56de\u3057\u3000\u76f8\u624b\u306b\u3000\u5f53\u3066\u308b\u3002\n\u76f8\u624b\u306e\u3000\u80fd\u529b\u5909\u5316\u306b\n\u95a2\u4fc2\u306a\u304f\u3000\u30c0\u30e1\u30fc\u30b8\u3092\u3000\u4e0e\u3048\u308b\u3002",
            "version_group": {
                "name": "sword-shield",
                "url": "/api/v2/version-group/20/"
            }
        },
        {
            "language": {
                "name": "zh-Hans",
                "url": "/api/v2/language/12/"
            },
            "text": "\u65cb\u8f6c\u53cc\u81c2\u6253\u5411\u5bf9\u624b\u3002\n\u65e0\u89c6\u5bf9\u624b\u7684\u80fd\u529b\u53d8\u5316\uff0c\n\u76f4\u63a5\u7ed9\u4e88\u4f24\u5bb3\u3002",
            "version_group": {
                "name": "sword-shield",
                "url": "/api/v2/version-group/20/"
            }
        }
    ],
    "fling_effect": null,
    "fling_power": 85,
    "game_indices": [
        {
            "game_index": 1223,
            "generation": {
                "name": "generation-viii",
                "url": "/api/v2/generation/8/"
            }
        }
    ],
    "held_by_pokemon": [],
    "id": 1281,
    "machines": [
        {
            "machine": {
                "url": "/api/v2/machine/1682/"
            },
            "version_group": {
                "name": "sword-shield",
                "url": "/api/v2/version-group/20/"
            }
        }
    ],
    "name": "tr93",
    "names": [
        {
            "language": {
                "name": "ja-Hrkt",
                "url": "/api/v2/language/1/"
            },
            "name": "\u308f\u3056\u30ec\u30b3\u30fc\u30c9\uff19\uff13"
        },
        {
            "language": {
                "name": "ko",
                "url": "/api/v2/language/3/"
            },
            "name": "\uae30\uc220\ub808\ucf54\ub4dc93"
        },
        {
            "language": {
                "name": "zh-Hant",
                "url": "/api/v2/language/4/"
            },
            "name": "\u62db\u5f0f\u7d00\u9304\uff19\uff13"
        },
        {
            "language": {
                "name": "fr",
                "url": "/api/v2/language/5/"
            },
            "name": "DT93"
        },
        {
            "language": {
                "name": "de",
                "url": "/api/v2/language/6/"
            },
            "name": "TP93"
        },
        {
            "language": {
                "name": "es",
                "url": "/api/v2/language/7/"
            },
            "name": "DT93"
        },
        {
            "language": {
                "name": "it",
                "url": "/api/v2/language/8/"
            },
            "name": "DT93"
        },
        {
            "language": {
                "name": "en",
                "url": "/api/v2/language/9/"
            },
            "name": "TR93"
        },
        {
            "language": {
                "name": "ja",
                "url": "/api/v2/language/11/"
            },
            "name": "\u308f\u3056\u30ec\u30b3\u30fc\u30c9\uff19\uff13"
        },
        {
            "language": {
                "name": "zh-Hans",
                "url": "/api/v2/language/12/"
            },
            "name": "\u62db\u5f0f\u8bb0\u5f55\uff19\uff13"
        }
    ],
    "sprites": {
        "default": null
    }
}