{
    "attributes": [
        {
            "name": "underground",
            "url": "/api/v2/item-attribute/8/"
        }
    ],
    "baby_trigger_for": null,
    "category": {
        "name": "dex-completion",
        "url": "/api/v2/item-category/35/"
    },
    "cost": 7000,
    "effect_entries": [
        {
            "effect": "Give to a scientist in the mining museum in oreburgh city or the Museum of Science in pewter city to receive a shieldon.",
            "language": {
                "name": "en",
                "url": "/api/v2/language/9/"
            },
            "short_effect": "Can be revived into a Shieldon."
        }
    ],
    "flavor_text_entries": [
        {
            "language": {
                "name": "en",
                "url": "/api/v2/language/9/"
            },
            "text": "A fossil from a prehistoric Pok\u00e9mon\nthat lived on the land. It appears to\nbe part of a collar.",
            "version_group": {
                "name": "diamond-pearl",
                "url": "/api/v2/version-group/8/"
            }
        },
        {
            "language": {
                "name": "en",
                "url": "/api/v2/language/9/"
            },
            "text": "A fossil from a prehistoric Pok\u00e9mon\nthat lived on the land. It appears to\nbe part of a collar.",
            "version_group": {
                "name": "platinum",
                "url": "/api/v2/version-group/9/"
            }
        },
        {
            "language": {
                "name": "en",
                "url": "/api/v2/language/9/"
            },
            "text": "A fossil from a prehistoric Pok\u00e9mon\nthat lived on the land. It appears to\nbe part of a collar.",
            "version_group": {
                "name": "heartgold-soulsilver",
                "url": "/api/v2/version-group/10/"
            }
        },
        {
            "language": {
                "name": "fr",
                "url": "/api/v2/language/5/"
            },
            "text": "Fossile d\u2019un Pok\u00e9mon pr\u00e9historique\nterrestre. On dirait une partie d\u2019un\ncollier.",
            "version_group": {
                "name": "black-white",
                "url": "/api/v2/version-group/11/"
            }
        },
        {
            "language": {
                "name": "en",
                "url": "/api/v2/language/9/"
            },
            "text": "A fossil from a prehistoric Pok\u00e9mon\nthat lived on the land. It appears to\nbe part of a collar.",
            "version_group": {
                "name": "black-white",
                "url": "/api/v2/version-group/11/"
            }
        },
        {
            "language": {
                "name": "en",
                "url": "/api/v2/language/9/"
            },
            "text": "A fossil from a prehistoric Pok\u00e9mon\nthat lived on the land. It appears to\nbe part of a collar.",
            "version_group": {
                "name": "black-2-white-2",
                "url": "/api/v2/version-group/14/"
            }
        },
        {
            "language": {
                "name": "ja-Hrkt",
                "url": "/api/v2/language/1/"
            },
            "text": "\u304a\u304a\u3080\u304b\u3057\u3000\u3061\u3058\u3087\u3046\u3067\u3000\u304f\u3089\u3057\u305f\n\u3053\u3060\u3044\u3000\u30dd\u30b1\u30e2\u30f3\u306e\u3000\u30ab\u30bb\u30ad\u3002\n\u3048\u308a\u304b\u3056\u308a\u306e\u3000\u3044\u3061\u3076\u3000\u3089\u3057\u3044\u3002",
            "version_group": {
                "name": "x-y",
                "url": "/api/v2/version-group/15/"
            }
        },
        {
            "language": {
                "name": "ko",
                "url": "/api/v2/language/3/"
            },
            "text": "\uc624\ub79c \uc61b\ub0a0 \uc9c0\uc0c1\uc5d0\uc11c \uc0b4\uc558\ub358\n\uace0\ub300 \ud3ec\ucf13\ubaac\uc758 \ud654\uc11d.\n\uae43 \uc7a5\uc2dd\uc758 \uc77c\ubd80\uc778 \ub4ef\ud558\ub2e4.",
            "version_group": {
                "name": "x-y",
                "url": "/api/v2/version-group/15/"
            }
        },
        {
            "language": {
                "name": "fr",
                "url": "/api/v2/language/5/"
            },
            "text": "Le fossile d\u2019un Pok\u00e9mon pr\u00e9historique terrestre.\nOn dirait une partie d\u2019un collier.",
            "version_group": {
                "name": "x-y",
                "url": "/api/v2/version-group/15/"
            }
        },
        {
            "language": {
                "name": "de",
                "url": "/api/v2/language/6/"
            },
            "text": "Das Fossil eines uralten Pok\u00e9mon, das an Land\nlebte. Es sieht wie ein Schl\u00fcsselbein aus.",
            "version_group": {
                "name": "x-y",
                "url": "/api/v2/version-group/15/"
            }
        },
        {
            "language": {
                "name": "es",
                "url": "/api/v2/language/7/"
            },
            "text": "F\u00f3sil de un Pok\u00e9mon prehist\u00f3rico terrestre.\nParece ser parte de una protecci\u00f3n \u00f3sea del\ncuello.",
            "version_group": {
                "name": "x-y",
                "url": "/api/v2/version-group/15/"
            }
        },
        {
            "language": {
                "name": "it",
                "url": "/api/v2/language/8/"
            },
            "text": "Fossile di un Pok\u00e9mon preistorico che viveva\nsulla terraferma. Sembra far parte di un collare.",
            "version_group": {
                "name": "x-y",
                "url": "/api/v2/version-group/15/"
            }
        },
        {
            "language": {
                "name": "en",
                "url": "/api/v2/language/9/"
            },
            "text": "A fossil from a prehistoric Pok\u00e9mon\nthat once lived on the land. It looks to\nbe from some kind of protective collar.",
            "version_group": {
                "name": "x-y",
                "url": "/api/v2/version-group/15/"
            }
        },
        {
            "language": {
                "name": "ja",
                "url": "/api/v2/language/11/"
            },
            "text": "\u5927\u6614\u3000\u5730\u4e0a\u3067\u3000\u66ae\u3089\u3057\u305f\n\u53e4\u4ee3\u30dd\u30b1\u30e2\u30f3\u306e\u3000\u30ab\u30bb\u30ad\u3002\n\u895f\u98fe\u308a\u306e\u3000\u4e00\u90e8\u3089\u3057\u3044\u3002",
            "version_group": {
                "name": "x-y",
                "url": "/api/v2/version-group/15/"
            }
        },
        {
            "language": {
                "name": "ja-Hrkt",
                "url": "/api/v2/language/1/"
            },
            "text": "\u304a\u304a\u3080\u304b\u3057\u3000\u3061\u3058\u3087\u3046\u3067\u3000\u304f\u3089\u3057\u305f\n\u3053\u3060\u3044\u3000\u30dd\u30b1\u30e2\u30f3\u306e\u3000\u30ab\u30bb\u30ad\u3002\n\u3048\u308a\u304b\u3056\u308a\u306e\u3000\u3044\u3061\u3076\u3000\u3089\u3057\u3044\u3002",
            "version_group": {
                "name": "sun-moon",
                "url": "/api/v2/version-group/17/"
            }
        },
        {
            "language": {
                "name": "ko",
                "url": "/api/v2/language/3/"
            },
            "text": "\uc624\ub79c \uc61b\ub0a0 \uc9c0\uc0c1\uc5d0\uc11c \uc0b4\uc558\ub358\n\uace0\ub300 \ud3ec\ucf13\ubaac\uc758 \ud654\uc11d.\n\uae43 \uc7a5\uc2dd\uc758 \uc77c\ubd80\uc778 \ub4ef\ud558\ub2e4.",
            "version_group": {
                "name": "sun-moon",
                "url": "/api/v2/version-group/17/"
            }
        },
        {
            "language": {
                "name": "zh-Hant",
                "url": "/api/v2/language/4/"
            },
            "text": "\u5f88\u4e45\u4ee5\u524d\u751f\u6d3b\u5728\u5730\u4e0a\u7684\n\u53e4\u4ee3\u5bf6\u53ef\u5922\u7684\u5316\u77f3\u3002\n\u597d\u50cf\u662f\u9818\u98fe\u7684\u4e00\u90e8\u5206\u3002",
            "version_group": {
                "name": "sun-moon",
                "url": "/api/v2/version-group/17/"
            }
        },
        {
            "language": {
                "name": "fr",
                "url": "/api/v2/language/5/"
            },
            "text": "Le fossile d\u2019un Pok\u00e9mon pr\u00e9historique terrestre.\nOn dirait un morceau de collier.",
            "version_group": {
                "name": "sun-moon",
                "url": "/api/v2/version-group/17/"
            }
        },
        {
            "language": {
                "name": "de",
                "url": "/api/v2/language/6/"
            },
            "text": "Das Fossil eines uralten Pok\u00e9mon, das an\nLand lebte. Es sieht wie ein Teil eines\nNackenschildes aus.",
            "version_group": {
                "name": "sun-moon",
                "url": "/api/v2/version-group/17/"
            }
        },
        {
            "language": {
                "name": "es",
                "url": "/api/v2/language/7/"
            },
            "text": "F\u00f3sil de un Pok\u00e9mon prehist\u00f3rico terrestre.\nParece ser parte de una protecci\u00f3n \u00f3sea del\ncuello.",
            "version_group": {
                "name": "sun-moon",
                "url": "/api/v2/version-group/17/"
            }
        },
        {
            "language": {
                "name": "it",
                "url": "/api/v2/language/8/"
            },
            "text": "Fossile di un Pok\u00e9mon preistorico che viveva sulla\nterraferma. Sembra essere parte di un collare.",
            "version_group": {
                "name": "sun-moon",
                "url": "/api/v2/version-group/17/"
            }
        },
        {
            "language": {
                "name": "en",
                "url": "/api/v2/language/9/"
            },
            "text": "A fossil from a prehistoric Pok\u00e9mon that once lived\non the land. It looks to be from some kind of\nprotective collar.",
            "version_group": {
                "name": "sun-moon",
                "url": "/api/v2/version-group/17/"
            }
        },
        {
            "language": {
                "name": "ja",
                "url": "/api/v2/language/11/"
            },
            "text": "\u5927\u6614\u3000\u5730\u4e0a\u3067\u3000\u66ae\u3089\u3057\u305f\n\u53e4\u4ee3\u30dd\u30b1\u30e2\u30f3\u306e\u3000\u30ab\u30bb\u30ad\u3002\n\u895f\u98fe\u308a\u306e\u3000\u4e00\u90e8\u3089\u3057\u3044\u3002",
            "version_group": {
                "name": "sun-moon",
                "url": "/api/v2/version-group/17/"
            }
        },
        {
            "language": {
                "name": "zh-Hans",
                "url": "/api/v2/language/12/"
            },
            "text": "\u5f88\u4e45\u4ee5\u524d\u751f\u6d3b\u5728\u5730\u4e0a\u7684\n\u53e4\u4ee3\u5b9d\u53ef\u68a6\u7684\u5316\u77f3\u3002\n\u597d\u50cf\u662f\u9886\u9970\u7684\u4e00\u90e8\u5206\u3002",
            "version_group": {
                "name": "sun-moon",
                "url": "/api/v2/version-group/17/"
            }
        },
        {
            "language": {
                "name": "ja-Hrkt",
                "url": "/api/v2/language/1/"
            },
            "text": "\u304a\u304a\u3080\u304b\u3057\u3000\u3061\u3058\u3087\u3046\u3067\u3000\u304f\u3089\u3057\u305f\n\u3053\u3060\u3044\u3000\u30dd\u30b1\u30e2\u30f3\u306e\u3000\u30ab\u30bb\u30ad\u3002\n\u3048\u308a\u304b\u3056\u308a\u306e\u3000\u3044\u3061\u3076\u3000\u3089\u3057\u3044\u3002",
            "version_group": {
                "name": "ultra-sun-ultra-moon",
                "url": "/api/v2/version-group/18/"
            }
        },
        {
            "language": {
                "name": "ko",
                "url": "/api/v2/language/3/"
            },
            "text": "\uc624\ub79c \uc61b\ub0a0 \uc9c0\uc0c1\uc5d0\uc11c \uc0b4\uc558\ub358\n\uace0\ub300 \ud3ec\ucf13\ubaac\uc758 \ud654\uc11d.\n\uae43 \uc7a5\uc2dd\uc758 \uc77c\ubd80\uc778 \ub4ef\ud558\ub2e4.",
            "version_group": {
                "name": "ultra-sun-ultra-moon",
                "url": "/api/v2/version-group/18/"
            }
        },
        {
            "language": {
                "name": "zh-Hant",
                "url": "/api/v2/language/4/"
            },
            "text": "\u5f88\u4e45\u4ee5\u524d\u751f\u6d3b\u5728\u5730\u4e0a\u7684\n\u53e4\u4ee3\u5bf6\u53ef\u5922\u7684\u5316\u77f3\u3002\n\u597d\u50cf\u662f\u9818\u98fe\u7684\u4e00\u90e8\u5206\u3002",
            "version_group": {
                "name": "ultra-sun-ultra-moon",
                "url": "/api/v2/version-group/18/"
            }
        },
        {
            "language": {
                "name": "fr",
                "url": "/api/v2/language/5/"
            },
            "text": "Le fossile d\u2019un Pok\u00e9mon pr\u00e9historique terrestre.\nOn dirait un morceau de collier.",
            "version_group": {
                "name": "ultra-sun-ultra-moon",
                "url": "/api/v2/version-group/18/"
            }
        },
        {
            "language": {
                "name": "de",
                "url": "/api/v2/language/6/"
            },
            "text": "Das Fossil eines uralten Pok\u00e9mon, das an\nLand lebte. Es sieht wie ein Teil eines\nNackenschildes aus.",
            "version_group": {
                "name": "ultra-sun-ultra-moon",
                "url": "/api/v2/version-group/18/"
            }
        },
        {
            "language": {
                "name": "es",
                "url": "/api/v2/language/7/"
            },
            "text": "F\u00f3sil de un Pok\u00e9mon prehist\u00f3rico terrestre.\nParece ser parte de una protecci\u00f3n \u00f3sea del\ncuello.",
            "version_group": {
                "name": "ultra-sun-ultra-moon",
                "url": "/api/v2/version-group/18/"
            }
        },
        {
            "language": {
                "name": "it",
                "url": "/api/v2/language/8/"
            },
            "text": "Fossile di un Pok\u00e9mon preistorico che viveva sulla\nterraferma. Sembra essere parte di un collare.",
            "version_group": {
                "name": "ultra-sun-ultra-moon",
                "url": "/api/v2/version-group/18/"
            }
        },
        {
            "language": {
                "name": "en",
                "url": "/api/v2/language/9/"
            },
            "text": "A fossil from a prehistoric Pok\u00e9mon that once lived\non the land. It looks to be from some kind of\nprotective collar.",
            "version_group": {
                "name": "ultra-sun-ultra-moon",
                "url": "/api/v2/version-group/18/"
            }
        },
        {
            "language": {
                "name": "ja",
                "url": "/api/v2/language/11/"
            },
            "text": "\u5927\u6614\u3000\u5730\u4e0a\u3067\u3000\u66ae\u3089\u3057\u305f\n\u53e4\u4ee3\u30dd\u30b1\u30e2\u30f3\u306e\u3000\u30ab\u30bb\u30ad\u3002\n\u895f\u98fe\u308a\u306e\u3000\u4e00\u90e8\u3089\u3057\u3044\u3002",
            "version_group": {
                "name": "ultra-sun-ultra-moon",
                "url": "/api/v2/version-group/18/"
            }
        },
        {
            "language": {
                "name": "zh-Hans",
                "url": "/api/v2/language/12/"
            },
            "text": "\u5f88\u4e45\u4ee5\u524d\u751f\u6d3b\u5728\u5730\u4e0a\u7684\n\u53e4\u4ee3\u5b9d\u53ef\u68a6\u7684\u5316\u77f3\u3002\n\u597d\u50cf\u662f\u9886\u9970\u7684\u4e00\u90e8\u5206\u3002",
            "version_group": {
                "name": "ultra-sun-ultra-moon",
                "url": "/api/v2/version-group/18/"
            }
        },
        {
            "language": {
                "name": "ja-Hrkt",
                "url": "/api/v2/language/1/"
            },
            "text": "\u304a\u304a\u3080\u304b\u3057\u3000\u3061\u3058\u3087\u3046\u3067\u3000\u304f\u3089\u3057\u305f\n\u3053\u3060\u3044\u3000\u30dd\u30b1\u30e2\u30f3\u306e\u3000\u30ab\u30bb\u30ad\u3002\n\u3048\u308a\u304b\u3056\u308a\u306e\u3000\u3044\u3061\u3076\u3000\u3089\u3057\u3044\u3002",
            "version_group": {
                "name": "lets-go-pikachu-lets-go-eevee",
                "url": "/api/v2/version-group/19/"
            }
        },
        {
            "language": {
                "name": "ko",
                "url": "/api/v2/language/3/"
            },
            "text": "\uc624\ub79c \uc61b\ub0a0 \uc9c0\uc0c1\uc5d0\uc11c \uc0b4\uc558\ub358\n\uace0\ub300 \ud3ec\ucf13\ubaac\uc758 \ud654\uc11d.\n\uae43 \uc7a5\uc2dd\uc758 \uc77c\ubd80\uc778 \ub4ef\ud558\ub2e4.",
            "version_group": {
                "name": "lets-go-pikachu-lets-go-eevee",
                "url": "/api/v2/version-group/19/"
            }
        },
        {
            "language": {
                "name": "zh-Hant",
                "url": "/api/v2/language/4/"
            },
            "text": "\u5f88\u4e45\u4ee5\u524d\u751f\u6d3b\u5728\u5730\u4e0a\u7684\n\u53e4\u4ee3\u5bf6\u53ef\u5922\u7684\u5316\u77f3\u3002\n\u597d\u50cf\u662f\u9818\u98fe\u7684\u4e00\u90e8\u5206\u3002",
            "version_group": {
                "name": "lets-go-pikachu-lets-go-eevee",
                "url": "/api/v2/version-group/19/"
            }
        },
        {
            "language": {
                "name": "fr",
                "url": "/api/v2/language/5/"
            },
            "text": "Le fossile d\u2019un Pok\u00e9mon pr\u00e9historique terrestre.\nOn dirait un morceau de collier.",
            "version_group": {
                "name": "lets-go-pikachu-lets-go-eevee",
                "url": "/api/v2/version-group/19/"
            }
        },
        {
            "language": {
                "name": "de",
                "url": "/api/v2/language/6/"
            },
            "text": "Das Fossil eines uralten Pok\u00e9mon, das an\nLand lebte. Es sieht wie ein Teil eines\nNackenschildes aus.",
            "version_group": {
                "name": "lets-go-pikachu-lets-go-eevee",
                "url": "/api/v2/version-group/19/"
            }
        },
        {
            "language": {
                "name": "es",
                "url": "/api/v2/language/7/"
            },
            "text": "F\u00f3sil de un Pok\u00e9mon prehist\u00f3rico terrestre. Parece ser\nparte de una protecci\u00f3n \u00f3sea del cuello.",
            "version_group": {
                "name": "lets-go-pikachu-lets-go-eevee",
                "url": "/api/v2/version-group/19/"
            }
        },
        {
            "language": {
                "name": "it",
                "url": "/api/v2/language/8/"
            },
            "text": "Fossile di un Pok\u00e9mon preistorico che viveva sulla\nterraferma. Sembra essere parte di un collare.",
            "version_group": {
                "name": "lets-go-pikachu-lets-go-eevee",
                "url": "/api/v2/version-group/19/"
            }
        },
        {
            "language": {
                "name": "en",
                "url": "/api/v2/language/9/"
            },
            "text": "A fossil from a prehistoric Pok\u00e9mon that once lived\non the land. It looks to be from some kind of\nprotective collar.",
            "version_group": {
                "name": "lets-go-pikachu-lets-go-eevee",
                "url": "/api/v2/version-group/19/"
            }
        },
        {
            "language": {
                "name": "ja",
                "url": "/api/v2/language/11/"
            },
            "text": "\u5927\u6614\u3000\u5730\u4e0a\u3067\u3000\u66ae\u3089\u3057\u305f\n\u53e4\u4ee3\u30dd\u30b1\u30e2\u30f3\u306e\u3000\u30ab\u30bb\u30ad\u3002\n\u895f\u98fe\u308a\u306e\u3000\u4e00\u90e8\u3089\u3057\u3044\u3002",
            "version_group": {
                "name": "lets-go-pikachu-lets-go-eevee",
                "url": "/api/v2/version-group/19/"
            }
        },
        {
            "language": {
                "name": "zh-Hans",
                "url": "/api/v2/language/12/"
            },
            "text": "\u5f88\u4e45\u4ee5\u524d\u751f\u6d3b\u5728\u5730\u4e0a\u7684\n\u53e4\u4ee3\u5b9d\u53ef\u68a6\u7684\u5316\u77f3\u3002\n\u597d\u50cf\u662f\u9886\u9970\u7684\u4e00\u90e8\u5206\u3002",
            "version_group": {
                "name": "lets-go-pikachu-lets-go-eevee",
                "url": "/api/v2/version-group/19/"
            }
        },
        {
            "language": {
                "name": "ja-Hrkt",
                "url": "/api/v2/language/1/"
            },
            "text": "\u304a\u304a\u3080\u304b\u3057\u3000\u3061\u3058\u3087\u3046\u3067\u3000\u304f\u3089\u3057\u305f\n\u3053\u3060\u3044\u3000\u30dd\u30b1\u30e2\u30f3\u306e\u3000\u30ab\u30bb\u30ad\u3002\n\u3048\u308a\u304b\u3056\u308a\u306e\u3000\u3044\u3061\u3076\u3000\u3089\u3057\u3044\u3002",
            "version_group": {
                "name": "sword-shield",
                "url": "/api/v2/version-group/20/"
            }
        },
        {
            "language": {
                "name": "ko",
                "url": "/api/v2/language/3/"
            },
            "text": "\uc624\ub79c \uc61b\ub0a0 \uc9c0\uc0c1\uc5d0\uc11c \uc0b4\uc558\ub358\n\uace0\ub300 \ud3ec\ucf13\ubaac\uc758 \ud654\uc11d.\n\uae43 \uc7a5\uc2dd\uc758 \uc77c\ubd80\uc778 \ub4ef\ud558\ub2e4.",
            "version_group": {
                "name": "sword-shield",
                "url": "/api/v2/version-group/20/"
            }
        },
        {
            "language": {
                "name": "zh-Hant",
                "url": "/api/v2/language/4/"
            },
            "text": "\u5f88\u4e45\u4ee5\u524d\u751f\u6d3b\u5728\u5730\u4e0a\u7684\n\u53e4\u4ee3\u5bf6\u53ef\u5922\u7684\u5316\u77f3\u3002\n\u597d\u50cf\u662f\u9818\u98fe\u7684\u4e00\u90e8\u5206\u3002",
            "version_group": {
                "name": "sword-shield",
                "url": "/api/v2/version-group/20/"
            }
        },
        {
            "language": {
                "name": "fr",
                "url": "/api/v2/language/5/"
            },
            "text": "Le fossile d\u2019un Pok\u00e9mon pr\u00e9historique terrestre.\nOn dirait un morceau de collier.",
            "version_group": {
                "name": "sword-shield",
                "url": "/api/v2/version-group/20/"
            }
        },
        {
            "language": {
                "name": "de",
                "url": "/api/v2/language/6/"
            },
            "text": "Das Fossil eines uralten Pok\u00e9mon, das an Land lebte.\nEs sieht wie ein Teil eines Nackenschildes aus.",
            "version_group": {
                "name": "sword-shield",
                "url": "/api/v2/version-group/20/"
            }
        },
        {
            "language": {
                "name": "es",
                "url": "/api/v2/language/7/"
            },
            "text": "F\u00f3sil de un Pok\u00e9mon prehist\u00f3rico terrestre. Parece ser\nparte de una protecci\u00f3n \u00f3sea del cuello.",
            "version_group": {
                "name": "sword-shield",
                "url": "/api/v2/version-group/20/"
            }
        },
        {
            "language": {
                "name": "it",
                "url": "/api/v2/language/8/"
            },
            "text": "Fossile di un Pok\u00e9mon preistorico che viveva sulla\nterraferma. Sembra essere parte di un collare.",
            "version_group": {
                "name": "sword-shield",
                "url": "/api/v2/version-group/20/"
            }
        },
        {
            "language": {
                "name": "en",
                "url": "/api/v2/language/9/"
            },
            "text": "A fossil from a prehistoric Pok\u00e9mon that once lived\non the land. It looks to be from some kind of\nprotective collar.",
            "version_group": {
                "name": "sword-shield",
                "url": "/api/v2/version-group/20/"
            }
        },
        {
            "language": {
                "name": "ja",
                "url": "/api/v2/language/11/"
            },
            "text": "\u5927\u6614\u3000\u5730\u4e0a\u3067\u3000\u66ae\u3089\u3057\u305f\n\u53e4\u4ee3\u30dd\u30b1\u30e2\u30f3\u306e\u3000\u30ab\u30bb\u30ad\u3002\n\u895f\u98fe\u308a\u306e\u3000\u4e00\u90e8\u3089\u3057\u3044\u3002",
            "version_group": {
                "name": "sword-shield",
                "url": "/api/v2/version-group/20/"
            }
        },
        {
            "language": {
                "name": "zh-Hans",
                "url": "/api/v2/language/12/"
            },
            "text": "\u5f88\u4e45\u4ee5\u524d\u751f\u6d3b\u5728\u5730\u4e0a\u7684\n\u53e4\u4ee3\u5b9d\u53ef\u68a6\u7684\u5316\u77f3\u3002\n\u597d\u50cf\u662f\u9886\u9970\u7684\u4e00\u90e8\u5206\u3002",
            "version_group": {
                "name": "sword-shield",
                "url": "/api/v2/version-group/20/"
            }
        }
    ],
    "fling_effect": null,
    "fling_power": 100,
    "game_indices": [
        {
            "game_index": 104,
            "generation": {
                "name": "generation-iv",
                "url": "/api/v2/generation/4/"
            }
        },
        {
            "game_index": 104,
            "generation": {
                "name": "generation-v",
                "url": "/api/v2/generation/5/"
            }
        },
        {
            "game_index": 104,
            "generation": {
                "name": "generation-vi",
                "url": "/api/v2/generation/6/"
            }
        },
        {
            "game_index": 104,
            "generation": {
                "name": "generation-vii",
                "url": "/api/v2/generation/7/"
            }
        },
        {
            "game_index": 104,
            "generation": {
                "name": "generation-viii",
                "url": "/api/v2/generation/8/"
            }
        }
    ],
    "held_by_pokemon": [],
    "id": 104,
    "machines": [],
    "name": "armor-fossil",
    "names": [
        {
            "language": {
                "name": "ja-Hrkt",
                "url": "/api/v2/language/1/"
            },
            "name": "\u305f\u3066\u306e\u30ab\u30bb\u30ad"
        },
        {
            "language": {
                "name": "ko",
                "url": "/api/v2/language/3/"
            },
            "name": "\ubc29\ud328\uc758\ud654\uc11d"
        },
        {
            "language": {
                "name": "zh-Hant",
                "url": "/api/v2/language/4/"
            },
            "name": "\u76fe\u7532\u5316\u77f3"
        },
        {
            "language": {
                "name": "fr",
                "url": "/api/v2/language/5/"
            },
            "name": "Fossile Armure"
        },
        {
            "language": {
                "name": "de",
                "url": "/api/v2/language/6/"
            },
            "name": "Panzerfossil"
        },
        {
            "language": {
                "name": "es",
                "url": "/api/v2/language/7/"
            },
            "name": "F\u00f3sil Coraza"
        },
        {
            "language": {
                "name": "it",
                "url": "/api/v2/language/8/"
            },
            "name": "Fossilscudo"
        },
        {
            "language": {
                "name": "en",
                "url": "/api/v2/language/9/"
            },
            "name": "Armor Fossil"
        },
        {
            "language": {
                "name": "ja",
                "url": "/api/v2/language/11/"
            },
            "name": "\u305f\u3066\u306e\u30ab\u30bb\u30ad"
        },
        {
            "language": {
                "name": "zh-Hans",
                "url": "/api/v2/language/12/"
            },
            "name": "\u76fe\u7532\u5316\u77f3"
        }
    ],
    "sprites": {
        "default": "https://raw.githubusercontent.com/PokeAPI/sprites/master/sprites/items/armor-fossil.png"
    }
}