{
    "attributes": [],
    "baby_trigger_for": null,
    "category": {
        "name": "all-machines",
        "url": "/api/v2/item-category/37/"
    },
    "cost": 6000,
    "effect_entries": [],
    "flavor_text_entries": [
        {
            "language": {
                "name": "ja-Hrkt",
                "url": "/api/v2/language/1/"
            },
            "text": "\u3067\u3093\u304d\u306e\u3000\u304b\u305f\u307e\u308a\u3092\u3000\u3042\u3044\u3066\u306b\n\u3076\u3064\u3051\u308b\u3002\u3042\u3044\u3066\u3088\u308a\u3000\u3059\u3070\u3084\u3055\u304c\n\u306f\u3084\u3044\u307b\u3069\u3000\u3044\u308a\u3087\u304f\u304c\u3000\u3042\u304c\u308b\u3002",
            "version_group": {
                "name": "sword-shield",
                "url": "/api/v2/version-group/20/"
            }
        },
        {
            "language": {
                "name": "ko",
                "url": "/api/v2/language/3/"
            },
            "text": "\uc804\uae30 \ub369\uc5b4\ub9ac\ub97c \uc0c1\ub300\uc5d0\uac8c \ubd80\ub52a\uccd0\uc11c\n\uacf5\uaca9\ud55c\ub2e4. \uc0c1\ub300\ubcf4\ub2e4 \uc2a4\ud53c\ub4dc\uac00\n\ube60\ub97c\uc218\ub85d \uc704\ub825\uc774 \uc62c\ub77c\uac04\ub2e4.",
            "version_group": {
                "name": "sword-shield",
                "url": "/api/v2/version-group/20/"
            }
        },
        {
            "language": {
                "name": "zh-Hant",
                "url": "/api/v2/language/4/"
            },
            "text": "\u7528\u96fb\u7403\u653b\u64ca\u5c0d\u624b\u3002\n\u901f\u5ea6\u6bd4\u5c0d\u624b\u5feb\u8d8a\u591a\uff0c\n\u5a01\u529b\u8d8a\u5927\u3002",
            "version_group": {
                "name": "sword-shield",
                "url": "/api/v2/version-group/20/"
            }
        },
        {
            "language": {
                "name": "fr",
                "url": "/api/v2/language/5/"
            },
            "text": "Le lanceur envoie une boule d\u2019\u00e9lectricit\u00e9.\nSi sa Vitesse est plus grande que celle de l\u2019ennemi,\nles d\u00e9g\u00e2ts augmentent d\u2019autant.",
            "version_group": {
                "name": "sword-shield",
                "url": "/api/v2/version-group/20/"
            }
        },
        {
            "language": {
                "name": "de",
                "url": "/api/v2/language/6/"
            },
            "text": "Je h\u00f6her die Initiative des Anwenders im Vergleich\nzum Ziel ist, desto st\u00e4rker trifft dieses eine geballte\nLadung Strom.",
            "version_group": {
                "name": "sword-shield",
                "url": "/api/v2/version-group/20/"
            }
        },
        {
            "language": {
                "name": "es",
                "url": "/api/v2/language/7/"
            },
            "text": "Lanza una bola el\u00e9ctrica. Cuanto mayor sea la\nVelocidad del usuario en comparaci\u00f3n con la del\nobjetivo, mayor ser\u00e1 el da\u00f1o causado.",
            "version_group": {
                "name": "sword-shield",
                "url": "/api/v2/version-group/20/"
            }
        },
        {
            "language": {
                "name": "it",
                "url": "/api/v2/language/8/"
            },
            "text": "Chi la usa attacca con una sfera d\u2019energia elettrica.\nPi\u00f9 \u00e8 rapido rispetto al bersaglio, pi\u00f9 danni arreca.",
            "version_group": {
                "name": "sword-shield",
                "url": "/api/v2/version-group/20/"
            }
        },
        {
            "language": {
                "name": "en",
                "url": "/api/v2/language/9/"
            },
            "text": "The user hurls an electric orb at the target. The\nfaster the user is than the target, the greater the\nmove\u2019s power.",
            "version_group": {
                "name": "sword-shield",
                "url": "/api/v2/version-group/20/"
            }
        },
        {
            "language": {
                "name": "ja",
                "url": "/api/v2/language/11/"
            },
            "text": "\u96fb\u6c17\u306e\u3000\u584a\u3092\u3000\u76f8\u624b\u306b\n\u3076\u3064\u3051\u308b\u3002\u76f8\u624b\u3088\u308a\u3000\u7d20\u65e9\u3055\u304c\n\u901f\u3044\u307b\u3069\u3000\u5a01\u529b\u304c\u3000\u3042\u304c\u308b\u3002",
            "version_group": {
                "name": "sword-shield",
                "url": "/api/v2/version-group/20/"
            }
        },
        {
            "language": {
                "name": "zh-Hans",
                "url": "/api/v2/language/12/"
            },
            "text": "\u7528\u7535\u6c14\u56e2\u649e\u5411\u5bf9\u624b\u3002\n\u81ea\u5df1\u6bd4\u5bf9\u624b\u901f\u5ea6\u8d8a\u5feb\uff0c\u5a01\u529b\u8d8a\u5927\u3002",
            "version_group": {
                "name": "sword-shield",
                "url": "/api/v2/version-group/20/"
            }
        }
    ],
    "fling_effect": null,
    "fling_power": 10,
    "game_indices": [
        {
            "game_index": 1210,
            "generation": {
                "name": "generation-viii",
                "url": "/api/v2/generation/8/"
            }
        }
    ],
    "held_by_pokemon": [],
    "id": 1268,
    "machines": [
        {
            "machine": {
                "url": "/api/v2/machine/1669/"
            },
            "version_group": {
                "name": "sword-shield",
                "url": "/api/v2/version-group/20/"
            }
        }
    ],
    "name": "tr80",
    "names": [
        {
            "language": {
                "name": "ja-Hrkt",
                "url": "/api/v2/language/1/"
            },
            "name": "\u308f\u3056\u30ec\u30b3\u30fc\u30c9\uff18\uff10"
        },
        {
            "language": {
                "name": "ko",
                "url": "/api/v2/language/3/"
            },
            "name": "\uae30\uc220\ub808\ucf54\ub4dc80"
        },
        {
            "language": {
                "name": "zh-Hant",
                "url": "/api/v2/language/4/"
            },
            "name": "\u62db\u5f0f\u7d00\u9304\uff18\uff10"
        },
        {
            "language": {
                "name": "fr",
                "url": "/api/v2/language/5/"
            },
            "name": "DT80"
        },
        {
            "language": {
                "name": "de",
                "url": "/api/v2/language/6/"
            },
            "name": "TP80"
        },
        {
            "language": {
                "name": "es",
                "url": "/api/v2/language/7/"
            },
            "name": "DT80"
        },
        {
            "language": {
                "name": "it",
                "url": "/api/v2/language/8/"
            },
            "name": "DT80"
        },
        {
            "language": {
                "name": "en",
                "url": "/api/v2/language/9/"
            },
            "name": "TR80"
        },
        {
            "language": {
                "name": "ja",
                "url": "/api/v2/language/11/"
            },
            "name": "\u308f\u3056\u30ec\u30b3\u30fc\u30c9\uff18\uff10"
        },
        {
            "language": {
                "name": "zh-Hans",
                "url": "/api/v2/language/12/"
            },
            "name": "\u62db\u5f0f\u8bb0\u5f55\uff18\uff10"
        }
    ],
    "sprites": {
        "default": null
    }
}