{
    "attributes": [],
    "baby_trigger_for": null,
    "category": {
        "name": "plot-advancement",
        "url": "/api/v2/item-category/22/"
    },
    "cost": 0,
    "effect_entries": [],
    "flavor_text_entries": [
        {
            "language": {
                "name": "ja-Hrkt",
                "url": "/api/v2/language/1/"
            },
            "text": "\u30bd\u30cb\u30a2\u306f\u304b\u305b\u304c\u3000\u3057\u3085\u3063\u3071\u3093\u3000\u3057\u305f\u3002\n\u30ac\u30e9\u30eb\u3061\u307b\u3046\u306e\u3000\u3067\u3093\u305b\u3064\u306b\u3000\u3064\u3044\u3066\u306e\n\u3057\u3093\u306f\u3063\u3051\u3093\u304c\u3000\u304a\u3082\u3057\u308d\u304f\u3000\u304b\u304b\u308c\u3066\u3044\u308b\u3002",
            "version_group": {
                "name": "sword-shield",
                "url": "/api/v2/version-group/20/"
            }
        },
        {
            "language": {
                "name": "ko",
                "url": "/api/v2/language/3/"
            },
            "text": "\uc18c\ub2c8\uc544\ubc15\uc0ac\uac00 \ucd9c\ud310\ud588\ub2e4.\n\uac00\ub77c\ub974\uc9c0\ubc29\uc758 \uc804\uc124\uc5d0 \ub300\ud55c\n\uc0c8\ub85c\uc6b4 \ubc1c\uacac\uc774 \ud765\ubbf8\ub86d\uac8c \uc4f0\uc5ec \uc788\ub2e4.",
            "version_group": {
                "name": "sword-shield",
                "url": "/api/v2/version-group/20/"
            }
        },
        {
            "language": {
                "name": "zh-Hant",
                "url": "/api/v2/language/4/"
            },
            "text": "\u7d22\u59ae\u4e9e\u535a\u58eb\u51fa\u7248\u7684\u66f8\u3002\n\u66f8\u4e2d\u4ee5\u6709\u8da3\u7684\u624b\u6cd5\u63cf\u8ff0\u4e86\n\u95dc\u65bc\u4f3d\u52d2\u723e\u5730\u5340\u50b3\u8aaa\u7684\u65b0\u767c\u73fe\u3002",
            "version_group": {
                "name": "sword-shield",
                "url": "/api/v2/version-group/20/"
            }
        },
        {
            "language": {
                "name": "fr",
                "url": "/api/v2/language/5/"
            },
            "text": "Ouvrage publi\u00e9 par Professeure Sonya,\no\u00f9 elle conte \u00e0 sa mani\u00e8re les nouvelles d\u00e9couvertes\nfaites au sujet des l\u00e9gendes de Galar.",
            "version_group": {
                "name": "sword-shield",
                "url": "/api/v2/version-group/20/"
            }
        },
        {
            "language": {
                "name": "de",
                "url": "/api/v2/language/6/"
            },
            "text": "Dieses Buch wurde von Professor Sania herausgebracht.\nEs ist eine unterhaltsam geschriebene Abhandlung \u00fcber\nneue Erkenntnisse zu Legenden der Galar-Region.",
            "version_group": {
                "name": "sword-shield",
                "url": "/api/v2/version-group/20/"
            }
        },
        {
            "language": {
                "name": "es",
                "url": "/api/v2/language/7/"
            },
            "text": "Publicaci\u00f3n de la Profesora Sonia que trata de forma\namena los recientes descubrimientos sobre las leyendas\nde la regi\u00f3n de Galar.",
            "version_group": {
                "name": "sword-shield",
                "url": "/api/v2/version-group/20/"
            }
        },
        {
            "language": {
                "name": "it",
                "url": "/api/v2/language/8/"
            },
            "text": "Pubblicazione della Professoressa Sonia.\nRaccoglie tutte le ultime scoperte riguardanti le\nleggende di Galar in un libro scorrevole e informativo.",
            "version_group": {
                "name": "sword-shield",
                "url": "/api/v2/version-group/20/"
            }
        },
        {
            "language": {
                "name": "en",
                "url": "/api/v2/language/9/"
            },
            "text": "Professor Sonia\u2019s published writings. Her new\ndiscoveries about the Galar region\u2019s legends are\nrecorded in this enjoyable read.",
            "version_group": {
                "name": "sword-shield",
                "url": "/api/v2/version-group/20/"
            }
        },
        {
            "language": {
                "name": "ja",
                "url": "/api/v2/language/11/"
            },
            "text": "\u30bd\u30cb\u30a2\u535a\u58eb\u304c\u3000\u51fa\u7248\u3000\u3057\u305f\u3002\n\u30ac\u30e9\u30eb\u5730\u65b9\u306e\u3000\u4f1d\u8aac\u306b\u3000\u3064\u3044\u3066\u306e\n\u65b0\u767a\u898b\u304c\u3000\u304a\u3082\u3057\u308d\u304f\u3000\u66f8\u304b\u308c\u3066\u3044\u308b\u3002",
            "version_group": {
                "name": "sword-shield",
                "url": "/api/v2/version-group/20/"
            }
        },
        {
            "language": {
                "name": "zh-Hans",
                "url": "/api/v2/language/12/"
            },
            "text": "\u7d22\u59ae\u4e9a\u535a\u58eb\u51fa\u7248\u7684\u4e66\u3002\n\u4ee5\u98ce\u8da3\u7684\u6587\u7b14\u5c55\u793a\u4e86\n\u5173\u4e8e\u4f3d\u52d2\u5c14\u5730\u533a\u4f20\u8bf4\u7684\u6700\u65b0\u53d1\u73b0\u3002",
            "version_group": {
                "name": "sword-shield",
                "url": "/api/v2/version-group/20/"
            }
        }
    ],
    "fling_effect": null,
    "fling_power": null,
    "game_indices": [
        {
            "game_index": 1271,
            "generation": {
                "name": "generation-viii",
                "url": "/api/v2/generation/8/"
            }
        }
    ],
    "held_by_pokemon": [],
    "id": 1328,
    "machines": [],
    "name": "sonias-book",
    "names": [
        {
            "language": {
                "name": "ja-Hrkt",
                "url": "/api/v2/language/1/"
            },
            "name": "\u30bd\u30cb\u30a2\u306e\u307b\u3093"
        },
        {
            "language": {
                "name": "ko",
                "url": "/api/v2/language/3/"
            },
            "name": "\uc18c\ub2c8\uc544\uc758\ucc45"
        },
        {
            "language": {
                "name": "zh-Hant",
                "url": "/api/v2/language/4/"
            },
            "name": "\u7d22\u59ae\u4e9e\u7684\u66f8"
        },
        {
            "language": {
                "name": "fr",
                "url": "/api/v2/language/5/"
            },
            "name": "Livre de Sonya"
        },
        {
            "language": {
                "name": "de",
                "url": "/api/v2/language/6/"
            },
            "name": "Sanias Buch"
        },
        {
            "language": {
                "name": "es",
                "url": "/api/v2/language/7/"
            },
            "name": "Libro de Sonia"
        },
        {
            "language": {
                "name": "it",
                "url": "/api/v2/language/8/"
            },
            "name": "Libro di Sonia"
        },
        {
            "language": {
                "name": "en",
                "url": "/api/v2/language/9/"
            },
            "name": "Sonia\u2019s Book"
        },
        {
            "language": {
                "name": "ja",
                "url": "/api/v2/language/11/"
            },
            "name": "\u30bd\u30cb\u30a2\u306e\u307b\u3093"
        },
        {
            "language": {
                "name": "zh-Hans",
                "url": "/api/v2/language/12/"
            },
            "name": "\u7d22\u59ae\u4e9a\u7684\u4e66"
        }
    ],
    "sprites": {
        "default": null
    }
}