{
    "attributes": [],
    "baby_trigger_for": null,
    "category": {
        "name": "all-machines",
        "url": "/api/v2/item-category/37/"
    },
    "cost": 4000,
    "effect_entries": [],
    "flavor_text_entries": [
        {
            "language": {
                "name": "ja-Hrkt",
                "url": "/api/v2/language/1/"
            },
            "text": "\u308f\u308b\u3044\u3053\u3068\u3092\u3000\u304b\u3093\u304c\u3048\u3066\n\u3042\u305f\u307e\u3092\u3000\u304b\u3063\u305b\u3044\u304b\u3000\u3055\u305b\u308b\u3002\n\u3058\u3076\u3093\u306e\u3000\u3068\u304f\u3053\u3046\u3092\u3000\u3050\u30fc\u3093\u3068\u3000\u3042\u3052\u308b\u3002",
            "version_group": {
                "name": "sword-shield",
                "url": "/api/v2/version-group/20/"
            }
        },
        {
            "language": {
                "name": "ko",
                "url": "/api/v2/language/3/"
            },
            "text": "\ub098\uc05c \uc77c\uc744 \uc0dd\uac01\ud574\uc11c\n\uba38\ub9ac\ub97c \ud65c\uc131\ud654\uc2dc\ud0a8\ub2e4.\n\uc790\uc2e0\uc758 \ud2b9\uc218\uacf5\uaca9\uc744 \ud06c\uac8c \uc62c\ub9b0\ub2e4.",
            "version_group": {
                "name": "sword-shield",
                "url": "/api/v2/version-group/20/"
            }
        },
        {
            "language": {
                "name": "zh-Hant",
                "url": "/api/v2/language/4/"
            },
            "text": "\u52d5\u6b6a\u8166\u7b4b\uff0c\u6d3b\u5316\u5927\u8166\u3002\n\u5927\u5e45\u63d0\u9ad8\u81ea\u5df1\u7684\u7279\u653b\u3002",
            "version_group": {
                "name": "sword-shield",
                "url": "/api/v2/version-group/20/"
            }
        },
        {
            "language": {
                "name": "fr",
                "url": "/api/v2/language/5/"
            },
            "text": "Stimule l\u2019esprit par de mauvaises pens\u00e9es.\nAugmente beaucoup l\u2019Attaque Sp\u00e9ciale du lanceur.",
            "version_group": {
                "name": "sword-shield",
                "url": "/api/v2/version-group/20/"
            }
        },
        {
            "language": {
                "name": "de",
                "url": "/api/v2/language/6/"
            },
            "text": "Anwender stimuliert sein Gehirn und hat finstere\nGedanken. Erh\u00f6ht Spezial-Angriff stark.",
            "version_group": {
                "name": "sword-shield",
                "url": "/api/v2/version-group/20/"
            }
        },
        {
            "language": {
                "name": "es",
                "url": "/api/v2/language/7/"
            },
            "text": "Estimula su cerebro pensando en cosas malas.\nAumenta mucho el Ataque Especial.",
            "version_group": {
                "name": "sword-shield",
                "url": "/api/v2/version-group/20/"
            }
        },
        {
            "language": {
                "name": "it",
                "url": "/api/v2/language/8/"
            },
            "text": "Chi la usa stimola il cervello pensando a cose cattive.\nAumenta di molto l\u2019Attacco Speciale.",
            "version_group": {
                "name": "sword-shield",
                "url": "/api/v2/version-group/20/"
            }
        },
        {
            "language": {
                "name": "en",
                "url": "/api/v2/language/9/"
            },
            "text": "The user stimulates its brain by thinking bad\nthoughts. This sharply raises the user\u2019s Sp. Atk stat.",
            "version_group": {
                "name": "sword-shield",
                "url": "/api/v2/version-group/20/"
            }
        },
        {
            "language": {
                "name": "ja",
                "url": "/api/v2/language/11/"
            },
            "text": "\u60aa\u3044\u3053\u3068\u3092\u3000\u8003\u3048\u3066\n\u982d\u3092\u3000\u6d3b\u6027\u5316\u3055\u305b\u308b\u3002\n\u81ea\u5206\u306e\u3000\u7279\u653b\u3092\u3000\u3050\u30fc\u3093\u3068\u3000\u3042\u3052\u308b\u3002",
            "version_group": {
                "name": "sword-shield",
                "url": "/api/v2/version-group/20/"
            }
        },
        {
            "language": {
                "name": "zh-Hans",
                "url": "/api/v2/language/12/"
            },
            "text": "\u8c0b\u5212\u8be1\u8ba1\uff0c\u6fc0\u6d3b\u5934\u8111\u3002\n\u5927\u5e45\u63d0\u9ad8\u81ea\u5df1\u7684\u7279\u653b\u3002",
            "version_group": {
                "name": "sword-shield",
                "url": "/api/v2/version-group/20/"
            }
        }
    ],
    "fling_effect": null,
    "fling_power": 10,
    "game_indices": [
        {
            "game_index": 1198,
            "generation": {
                "name": "generation-viii",
                "url": "/api/v2/generation/8/"
            }
        }
    ],
    "held_by_pokemon": [],
    "id": 1256,
    "machines": [
        {
            "machine": {
                "url": "/api/v2/machine/1657/"
            },
            "version_group": {
                "name": "sword-shield",
                "url": "/api/v2/version-group/20/"
            }
        }
    ],
    "name": "tr68",
    "names": [
        {
            "language": {
                "name": "ja-Hrkt",
                "url": "/api/v2/language/1/"
            },
            "name": "\u308f\u3056\u30ec\u30b3\u30fc\u30c9\uff16\uff18"
        },
        {
            "language": {
                "name": "ko",
                "url": "/api/v2/language/3/"
            },
            "name": "\uae30\uc220\ub808\ucf54\ub4dc68"
        },
        {
            "language": {
                "name": "zh-Hant",
                "url": "/api/v2/language/4/"
            },
            "name": "\u62db\u5f0f\u7d00\u9304\uff16\uff18"
        },
        {
            "language": {
                "name": "fr",
                "url": "/api/v2/language/5/"
            },
            "name": "DT68"
        },
        {
            "language": {
                "name": "de",
                "url": "/api/v2/language/6/"
            },
            "name": "TP68"
        },
        {
            "language": {
                "name": "es",
                "url": "/api/v2/language/7/"
            },
            "name": "DT68"
        },
        {
            "language": {
                "name": "it",
                "url": "/api/v2/language/8/"
            },
            "name": "DT68"
        },
        {
            "language": {
                "name": "en",
                "url": "/api/v2/language/9/"
            },
            "name": "TR68"
        },
        {
            "language": {
                "name": "ja",
                "url": "/api/v2/language/11/"
            },
            "name": "\u308f\u3056\u30ec\u30b3\u30fc\u30c9\uff16\uff18"
        },
        {
            "language": {
                "name": "zh-Hans",
                "url": "/api/v2/language/12/"
            },
            "name": "\u62db\u5f0f\u8bb0\u5f55\uff16\uff18"
        }
    ],
    "sprites": {
        "default": null
    }
}