{
    "attributes": [],
    "baby_trigger_for": null,
    "category": {
        "name": "loot",
        "url": "/api/v2/item-category/24/"
    },
    "cost": 20,
    "effect_entries": [],
    "flavor_text_entries": [
        {
            "language": {
                "name": "ja-Hrkt",
                "url": "/api/v2/language/1/"
            },
            "text": "\u307b\u305d\u304f\u3066\u3000\u3061\u3044\u3055\u3044\u3000\u30d0\u30cd\u3002\n\u3059\u3063\u304b\u308a\u3000\u306e\u3073\u304d\u3063\u3066\u3000\u3064\u304b\u3044\u307f\u3061\u304c\n\u307f\u3064\u304b\u3089\u306a\u3044\u3002",
            "version_group": {
                "name": "lets-go-pikachu-lets-go-eevee",
                "url": "/api/v2/version-group/19/"
            }
        },
        {
            "language": {
                "name": "ko",
                "url": "/api/v2/language/3/"
            },
            "text": "\uac00\ub298\uace0 \uc791\uc740 \uc6a9\uc218\ucca0.\n\uc644\uc804\ud788 \ub298\uc5b4\ub098\uc11c \uc5b4\ub514\uc5d0\n\uc368\uc57c \ud560\uc9c0 \ubaa8\ub974\uaca0\ub2e4.",
            "version_group": {
                "name": "lets-go-pikachu-lets-go-eevee",
                "url": "/api/v2/version-group/19/"
            }
        },
        {
            "language": {
                "name": "zh-Hant",
                "url": "/api/v2/language/4/"
            },
            "text": "\u7d30\u5c0f\u7684\u5f48\u7c27\u3002\n\u5df2\u7d93\u5b8c\u5168\u9b06\u6389\uff0c\n\u627e\u4e0d\u5230\u4efb\u4f55\u7528\u9014\u3002",
            "version_group": {
                "name": "lets-go-pikachu-lets-go-eevee",
                "url": "/api/v2/version-group/19/"
            }
        },
        {
            "language": {
                "name": "fr",
                "url": "/api/v2/language/5/"
            },
            "text": "Un petit ressort fin et compl\u00e8tement distendu.\nNul ne sait \u00e0 quoi il peut bien servir.",
            "version_group": {
                "name": "lets-go-pikachu-lets-go-eevee",
                "url": "/api/v2/version-group/19/"
            }
        },
        {
            "language": {
                "name": "de",
                "url": "/api/v2/language/6/"
            },
            "text": "Eine kleine, d\u00fcnne Feder, die bis zum \u00c4u\u00dfersten\ngedehnt wurde. Man kann nicht mehr erkennen,\nwof\u00fcr sie urspr\u00fcnglich verwendet wurde.",
            "version_group": {
                "name": "lets-go-pikachu-lets-go-eevee",
                "url": "/api/v2/version-group/19/"
            }
        },
        {
            "language": {
                "name": "es",
                "url": "/api/v2/language/7/"
            },
            "text": "Muelle fino y peque\u00f1o. Est\u00e1 algo elongado y se\ndesconoce cu\u00e1l puede ser su uso.",
            "version_group": {
                "name": "lets-go-pikachu-lets-go-eevee",
                "url": "/api/v2/version-group/19/"
            }
        },
        {
            "language": {
                "name": "it",
                "url": "/api/v2/language/8/"
            },
            "text": "Una molla piccola e sottile.\n\u00c8 deformata e ormai inutilizzabile.",
            "version_group": {
                "name": "lets-go-pikachu-lets-go-eevee",
                "url": "/api/v2/version-group/19/"
            }
        },
        {
            "language": {
                "name": "en",
                "url": "/api/v2/language/9/"
            },
            "text": "A thin small spring. It\u2019s totally stretched out, and\nwhat it\u2019s used for is unknown.",
            "version_group": {
                "name": "lets-go-pikachu-lets-go-eevee",
                "url": "/api/v2/version-group/19/"
            }
        },
        {
            "language": {
                "name": "ja",
                "url": "/api/v2/language/11/"
            },
            "text": "\u7d30\u304f\u3066\u3000\u5c0f\u3055\u3044\u3000\u30d0\u30cd\u3002\n\u3059\u3063\u304b\u308a\u3000\u4f38\u3073\u304d\u3063\u3066\u3000\u4f7f\u3044\u9053\u304c\n\u307f\u3064\u304b\u3089\u306a\u3044\u3002",
            "version_group": {
                "name": "lets-go-pikachu-lets-go-eevee",
                "url": "/api/v2/version-group/19/"
            }
        },
        {
            "language": {
                "name": "zh-Hans",
                "url": "/api/v2/language/12/"
            },
            "text": "\u7ec6\u5c0f\u7684\u5f39\u7c27\u3002\n\u88ab\u62c9\u5f97\u592a\u957f\u4e86\uff0c\n\u4e0d\u77e5\u9053\u80fd\u6d3e\u4e0a\u4ec0\u4e48\u7528\u3002",
            "version_group": {
                "name": "lets-go-pikachu-lets-go-eevee",
                "url": "/api/v2/version-group/19/"
            }
        },
        {
            "language": {
                "name": "ja-Hrkt",
                "url": "/api/v2/language/1/"
            },
            "text": "\u307b\u305d\u304f\u3066\u3000\u3061\u3044\u3055\u3044\u3000\u30d0\u30cd\u3002\n\u3059\u3063\u304b\u308a\u3000\u306e\u3073\u304d\u3063\u3066\u3000\u3064\u304b\u3044\u307f\u3061\u304c\n\u307f\u3064\u304b\u3089\u306a\u3044\u3002",
            "version_group": {
                "name": "sword-shield",
                "url": "/api/v2/version-group/20/"
            }
        },
        {
            "language": {
                "name": "ko",
                "url": "/api/v2/language/3/"
            },
            "text": "\uac00\ub298\uace0 \uc791\uc740 \uc6a9\uc218\ucca0.\n\uc644\uc804\ud788 \ub298\uc5b4\ub098\uc11c \uc5b4\ub514\uc5d0\n\uc368\uc57c \ud560\uc9c0 \ubaa8\ub974\uaca0\ub2e4.",
            "version_group": {
                "name": "sword-shield",
                "url": "/api/v2/version-group/20/"
            }
        },
        {
            "language": {
                "name": "zh-Hant",
                "url": "/api/v2/language/4/"
            },
            "text": "\u7d30\u5c0f\u7684\u5f48\u7c27\u3002\n\u5df2\u7d93\u5b8c\u5168\u9b06\u6389\uff0c\n\u627e\u4e0d\u5230\u4efb\u4f55\u7528\u9014\u3002",
            "version_group": {
                "name": "sword-shield",
                "url": "/api/v2/version-group/20/"
            }
        },
        {
            "language": {
                "name": "fr",
                "url": "/api/v2/language/5/"
            },
            "text": "Un petit ressort fin et compl\u00e8tement distendu.\nNul ne sait \u00e0 quoi il peut bien servir.",
            "version_group": {
                "name": "sword-shield",
                "url": "/api/v2/version-group/20/"
            }
        },
        {
            "language": {
                "name": "de",
                "url": "/api/v2/language/6/"
            },
            "text": "Eine kleine, d\u00fcnne Feder, die bis zum \u00c4u\u00dfersten\ngedehnt wurde. Man kann nicht mehr erkennen,\nwof\u00fcr sie urspr\u00fcnglich verwendet wurde.",
            "version_group": {
                "name": "sword-shield",
                "url": "/api/v2/version-group/20/"
            }
        },
        {
            "language": {
                "name": "es",
                "url": "/api/v2/language/7/"
            },
            "text": "Muelle fino y peque\u00f1o. Est\u00e1 algo elongado y se\ndesconoce cu\u00e1l puede ser su uso.",
            "version_group": {
                "name": "sword-shield",
                "url": "/api/v2/version-group/20/"
            }
        },
        {
            "language": {
                "name": "it",
                "url": "/api/v2/language/8/"
            },
            "text": "Una molla piccola e sottile.\n\u00c8 deformata e ormai inutilizzabile.",
            "version_group": {
                "name": "sword-shield",
                "url": "/api/v2/version-group/20/"
            }
        },
        {
            "language": {
                "name": "en",
                "url": "/api/v2/language/9/"
            },
            "text": "A thin small spring. It\u2019s totally stretched out, and\nwhat it\u2019s used for is unknown.",
            "version_group": {
                "name": "sword-shield",
                "url": "/api/v2/version-group/20/"
            }
        },
        {
            "language": {
                "name": "ja",
                "url": "/api/v2/language/11/"
            },
            "text": "\u7d30\u304f\u3066\u3000\u5c0f\u3055\u3044\u3000\u30d0\u30cd\u3002\n\u3059\u3063\u304b\u308a\u3000\u4f38\u3073\u304d\u3063\u3066\u3000\u4f7f\u3044\u9053\u304c\n\u307f\u3064\u304b\u3089\u306a\u3044\u3002",
            "version_group": {
                "name": "sword-shield",
                "url": "/api/v2/version-group/20/"
            }
        },
        {
            "language": {
                "name": "zh-Hans",
                "url": "/api/v2/language/12/"
            },
            "text": "\u7ec6\u5c0f\u7684\u5f39\u7c27\u3002\n\u88ab\u62c9\u5f97\u592a\u957f\u4e86\uff0c\n\u4e0d\u77e5\u9053\u80fd\u6d3e\u4e0a\u4ec0\u4e48\u7528\u3002",
            "version_group": {
                "name": "sword-shield",
                "url": "/api/v2/version-group/20/"
            }
        }
    ],
    "fling_effect": null,
    "fling_power": 30,
    "game_indices": [
        {
            "game_index": 885,
            "generation": {
                "name": "generation-vii",
                "url": "/api/v2/generation/7/"
            }
        },
        {
            "game_index": 885,
            "generation": {
                "name": "generation-viii",
                "url": "/api/v2/generation/8/"
            }
        }
    ],
    "held_by_pokemon": [],
    "id": 1024,
    "machines": [],
    "name": "stretchy-spring",
    "names": [
        {
            "language": {
                "name": "ja-Hrkt",
                "url": "/api/v2/language/1/"
            },
            "name": "\u306e\u3073\u305f\u30d0\u30cd"
        },
        {
            "language": {
                "name": "ko",
                "url": "/api/v2/language/3/"
            },
            "name": "\ub298\uc5b4\ub09c\uc6a9\uc218\ucca0"
        },
        {
            "language": {
                "name": "zh-Hant",
                "url": "/api/v2/language/4/"
            },
            "name": "\u9b06\u6389\u7684\u5f48\u7c27"
        },
        {
            "language": {
                "name": "fr",
                "url": "/api/v2/language/5/"
            },
            "name": "Ressort D\u00e9tendu"
        },
        {
            "language": {
                "name": "de",
                "url": "/api/v2/language/6/"
            },
            "name": "Spiralfeder"
        },
        {
            "language": {
                "name": "es",
                "url": "/api/v2/language/7/"
            },
            "name": "Muelle Estirado"
        },
        {
            "language": {
                "name": "it",
                "url": "/api/v2/language/8/"
            },
            "name": "Molla elastica"
        },
        {
            "language": {
                "name": "en",
                "url": "/api/v2/language/9/"
            },
            "name": "Stretchy Spring"
        },
        {
            "language": {
                "name": "ja",
                "url": "/api/v2/language/11/"
            },
            "name": "\u306e\u3073\u305f\u30d0\u30cd"
        },
        {
            "language": {
                "name": "zh-Hans",
                "url": "/api/v2/language/12/"
            },
            "name": "\u677e\u6389\u7684\u5f39\u7c27"
        }
    ],
    "sprites": {
        "default": null
    }
}