{
    "attributes": [],
    "baby_trigger_for": null,
    "category": {
        "name": "dynamax-crystals",
        "url": "/api/v2/item-category/49/"
    },
    "cost": 20,
    "effect_entries": [],
    "flavor_text_entries": [
        {
            "language": {
                "name": "ja-Hrkt",
                "url": "/api/v2/language/1/"
            },
            "text": "\u3064\u304b\u3063\u305f\u3000\u3072\u306b\u3000\u30ef\u30a4\u30eb\u30c9\u30a8\u30ea\u30a2\u306e\n\u307f\u306f\u308a\u3068\u3046\u306e\u30c0\u30a4\u3059\u3042\u306a\u3000\u304b\u3089\n[VAR (0000)]\u304c\u3000\u3042\u3089\u308f\u308c\u308b\u3002",
            "version_group": {
                "name": "sword-shield",
                "url": "/api/v2/version-group/20/"
            }
        },
        {
            "language": {
                "name": "ko",
                "url": "/api/v2/language/3/"
            },
            "text": "\uc0ac\uc6a9\ud55c \ub2f9\uc77c\uc5d0\ub9cc \uc640\uc77c\ub4dc\uc5d0\ub9ac\uc5b4\uc5d0 \uc788\ub294\n\uac10\uc2dc\ud0d1\uc758 \ub2e4\uc774\ub9e5\uc2a4\uad74\uc5d0\uc11c\n[VAR (0000)][VAR (0003)] \ub098\ud0c0\ub09c\ub2e4.",
            "version_group": {
                "name": "sword-shield",
                "url": "/api/v2/version-group/20/"
            }
        },
        {
            "language": {
                "name": "zh-Hant",
                "url": "/api/v2/language/4/"
            },
            "text": "\u4f7f\u7528\u5f8c\u7684\u7576\u5929\uff0c\n[VAR (0000)]\u6703\u51fa\u73fe\u5728\n\u66e0\u91ce\u5730\u5e36\u7684\u77ad\u671b\u5854\u5de8\u5de2\u3002",
            "version_group": {
                "name": "sword-shield",
                "url": "/api/v2/version-group/20/"
            }
        },
        {
            "language": {
                "name": "fr",
                "url": "/api/v2/language/5/"
            },
            "text": "Un objet faisant appara\u00eetre un [VAR (0000)]\ndans l\u2019antre g\u00e9ant de la Tour en ruines\ndes Terres Sauvages jusqu\u2019\u00e0 la fin de la journ\u00e9e.",
            "version_group": {
                "name": "sword-shield",
                "url": "/api/v2/version-group/20/"
            }
        },
        {
            "language": {
                "name": "de",
                "url": "/api/v2/language/6/"
            },
            "text": "Dieses Item bewirkt, dass im Wachturm-Nest in der\nNaturzone ein [VAR (0000)] bis zum Ende des Tages\nerscheint, an dem das Item eingesetzt wurde.",
            "version_group": {
                "name": "sword-shield",
                "url": "/api/v2/version-group/20/"
            }
        },
        {
            "language": {
                "name": "es",
                "url": "/api/v2/language/7/"
            },
            "text": "Posibilita la aparici\u00f3n de [VAR (0000)] en el nido\nDinamax de la Atalaya del \u00c1rea Silvestre hasta finalizar\nel d\u00eda en que se ha usado.",
            "version_group": {
                "name": "sword-shield",
                "url": "/api/v2/version-group/20/"
            }
        },
        {
            "language": {
                "name": "it",
                "url": "/api/v2/language/8/"
            },
            "text": "Strumento che fa apparire [VAR (0000)] nella\ndynatana della Torre Diroccata, nelle Terre Selvagge,\nfino alla fine del giorno in cui viene usato.",
            "version_group": {
                "name": "sword-shield",
                "url": "/api/v2/version-group/20/"
            }
        },
        {
            "language": {
                "name": "en",
                "url": "/api/v2/language/9/"
            },
            "text": "An item that causes [VAR (0000)] to appear from\nthe Watchtower Lair in the Wild Area until the end of\nthe day.",
            "version_group": {
                "name": "sword-shield",
                "url": "/api/v2/version-group/20/"
            }
        },
        {
            "language": {
                "name": "ja",
                "url": "/api/v2/language/11/"
            },
            "text": "\u4f7f\u3063\u305f\u3000\u65e5\u306b\u3000\u30ef\u30a4\u30eb\u30c9\u30a8\u30ea\u30a2\u306e\n\u898b\u5f35\u308a\u5854\u306e\u30c0\u30a4\u5de3\u7a74\u3000\u304b\u3089\n[VAR (0000)]\u304c\u3000\u73fe\u308c\u308b\u3002",
            "version_group": {
                "name": "sword-shield",
                "url": "/api/v2/version-group/20/"
            }
        },
        {
            "language": {
                "name": "zh-Hans",
                "url": "/api/v2/language/12/"
            },
            "text": "\u4f7f\u7528\u540e\u7684\u5f53\u5929\uff0c\n\u65f7\u91ce\u5730\u5e26\u7684\u77ad\u671b\u5854\u5de8\u5de2\u4e2d\n\u4f1a\u51fa\u73b0[VAR (0000)]\u3002",
            "version_group": {
                "name": "sword-shield",
                "url": "/api/v2/version-group/20/"
            }
        }
    ],
    "fling_effect": null,
    "fling_power": null,
    "game_indices": [
        {
            "game_index": 1319,
            "generation": {
                "name": "generation-viii",
                "url": "/api/v2/generation/8/"
            }
        }
    ],
    "held_by_pokemon": [],
    "id": 1370,
    "machines": [],
    "name": "dynamax-crystal-eri1084",
    "names": [
        {
            "language": {
                "name": "ja-Hrkt",
                "url": "/api/v2/language/1/"
            },
            "name": "\u2605Eri1084"
        },
        {
            "language": {
                "name": "ko",
                "url": "/api/v2/language/3/"
            },
            "name": "\u2605Eri1084"
        },
        {
            "language": {
                "name": "zh-Hant",
                "url": "/api/v2/language/4/"
            },
            "name": "\u2605Eri1084"
        },
        {
            "language": {
                "name": "fr",
                "url": "/api/v2/language/5/"
            },
            "name": "\u2605Eri1084"
        },
        {
            "language": {
                "name": "de",
                "url": "/api/v2/language/6/"
            },
            "name": "\u2605Eri1084"
        },
        {
            "language": {
                "name": "es",
                "url": "/api/v2/language/7/"
            },
            "name": "\u2605Eri1084"
        },
        {
            "language": {
                "name": "it",
                "url": "/api/v2/language/8/"
            },
            "name": "\u2605Eri1084"
        },
        {
            "language": {
                "name": "en",
                "url": "/api/v2/language/9/"
            },
            "name": "\u2605Eri1084"
        },
        {
            "language": {
                "name": "ja",
                "url": "/api/v2/language/11/"
            },
            "name": "\u2605Eri1084"
        },
        {
            "language": {
                "name": "zh-Hans",
                "url": "/api/v2/language/12/"
            },
            "name": "\u2605Eri1084"
        }
    ],
    "sprites": {
        "default": null
    }
}