{
    "attributes": [],
    "baby_trigger_for": null,
    "category": {
        "name": "all-machines",
        "url": "/api/v2/item-category/37/"
    },
    "cost": 16000,
    "effect_entries": [],
    "flavor_text_entries": [
        {
            "language": {
                "name": "ja-Hrkt",
                "url": "/api/v2/language/1/"
            },
            "text": "\u3068\u304c\u3063\u305f\u3000\u3044\u308f\u3092\n\u3042\u3044\u3066\u306b\u3000\u3064\u304d\u3055\u3057\u3066\u3000\u3053\u3046\u3052\u304d\u3059\u308b\u3002\n\u304d\u3085\u3046\u3057\u3087\u306b\u3000\u3042\u305f\u308a\u3084\u3059\u3044\u3002",
            "version_group": {
                "name": "sword-shield",
                "url": "/api/v2/version-group/20/"
            }
        },
        {
            "language": {
                "name": "ko",
                "url": "/api/v2/language/3/"
            },
            "text": "\ubfb0\uc871\ud55c \ubc14\uc704\ub97c\n\uc0c1\ub300\uc5d0\uac8c \uaff0\ucc14\ub7ec\uc11c \uacf5\uaca9\ud55c\ub2e4.\n\uae09\uc18c\uc5d0 \ub9de\uae30 \uc27d\ub2e4.",
            "version_group": {
                "name": "sword-shield",
                "url": "/api/v2/version-group/20/"
            }
        },
        {
            "language": {
                "name": "zh-Hant",
                "url": "/api/v2/language/4/"
            },
            "text": "\u7528\u5c16\u92b3\u7684\u5ca9\u77f3\n\u523a\u9032\u5c0d\u624b\u9032\u884c\u653b\u64ca\u3002\n\u5bb9\u6613\u64ca\u4e2d\u8981\u5bb3\u3002",
            "version_group": {
                "name": "sword-shield",
                "url": "/api/v2/version-group/20/"
            }
        },
        {
            "language": {
                "name": "fr",
                "url": "/api/v2/language/5/"
            },
            "text": "Fait surgir des pierres aiguis\u00e9es sous l\u2019ennemi.\nTaux de critiques \u00e9lev\u00e9.",
            "version_group": {
                "name": "sword-shield",
                "url": "/api/v2/version-group/20/"
            }
        },
        {
            "language": {
                "name": "de",
                "url": "/api/v2/language/6/"
            },
            "text": "Anwender schleudert scharfe Steine auf das Ziel.\nHohe Volltrefferquote.",
            "version_group": {
                "name": "sword-shield",
                "url": "/api/v2/version-group/20/"
            }
        },
        {
            "language": {
                "name": "es",
                "url": "/api/v2/language/7/"
            },
            "text": "Clava piedras muy afiladas al objetivo. Suele ser cr\u00edtico.",
            "version_group": {
                "name": "sword-shield",
                "url": "/api/v2/version-group/20/"
            }
        },
        {
            "language": {
                "name": "it",
                "url": "/api/v2/language/8/"
            },
            "text": "Chi la usa colpisce il bersaglio dal basso con\npietre affilate. Probabile brutto colpo.",
            "version_group": {
                "name": "sword-shield",
                "url": "/api/v2/version-group/20/"
            }
        },
        {
            "language": {
                "name": "en",
                "url": "/api/v2/language/9/"
            },
            "text": "The user stabs the target from below with\nsharpened stones. Critical hits land more easily.",
            "version_group": {
                "name": "sword-shield",
                "url": "/api/v2/version-group/20/"
            }
        },
        {
            "language": {
                "name": "ja",
                "url": "/api/v2/language/11/"
            },
            "text": "\u3068\u304c\u3063\u305f\u3000\u5ca9\u3092\n\u76f8\u624b\u306b\u3000\u7a81\u304d\u523a\u3057\u3066\u3000\u653b\u6483\u3059\u308b\u3002\n\u6025\u6240\u306b\u3000\u5f53\u305f\u308a\u3084\u3059\u3044\u3002",
            "version_group": {
                "name": "sword-shield",
                "url": "/api/v2/version-group/20/"
            }
        },
        {
            "language": {
                "name": "zh-Hans",
                "url": "/api/v2/language/12/"
            },
            "text": "\u7528\u5c16\u5c16\u7684\u5ca9\u77f3\n\u523a\u5165\u5bf9\u624b\u8fdb\u884c\u653b\u51fb\u3002\n\u5bb9\u6613\u51fb\u4e2d\u8981\u5bb3\u3002",
            "version_group": {
                "name": "sword-shield",
                "url": "/api/v2/version-group/20/"
            }
        }
    ],
    "fling_effect": null,
    "fling_power": 100,
    "game_indices": [
        {
            "game_index": 1205,
            "generation": {
                "name": "generation-viii",
                "url": "/api/v2/generation/8/"
            }
        }
    ],
    "held_by_pokemon": [],
    "id": 1263,
    "machines": [
        {
            "machine": {
                "url": "/api/v2/machine/1664/"
            },
            "version_group": {
                "name": "sword-shield",
                "url": "/api/v2/version-group/20/"
            }
        }
    ],
    "name": "tr75",
    "names": [
        {
            "language": {
                "name": "ja-Hrkt",
                "url": "/api/v2/language/1/"
            },
            "name": "\u308f\u3056\u30ec\u30b3\u30fc\u30c9\uff17\uff15"
        },
        {
            "language": {
                "name": "ko",
                "url": "/api/v2/language/3/"
            },
            "name": "\uae30\uc220\ub808\ucf54\ub4dc75"
        },
        {
            "language": {
                "name": "zh-Hant",
                "url": "/api/v2/language/4/"
            },
            "name": "\u62db\u5f0f\u7d00\u9304\uff17\uff15"
        },
        {
            "language": {
                "name": "fr",
                "url": "/api/v2/language/5/"
            },
            "name": "DT75"
        },
        {
            "language": {
                "name": "de",
                "url": "/api/v2/language/6/"
            },
            "name": "TP75"
        },
        {
            "language": {
                "name": "es",
                "url": "/api/v2/language/7/"
            },
            "name": "DT75"
        },
        {
            "language": {
                "name": "it",
                "url": "/api/v2/language/8/"
            },
            "name": "DT75"
        },
        {
            "language": {
                "name": "en",
                "url": "/api/v2/language/9/"
            },
            "name": "TR75"
        },
        {
            "language": {
                "name": "ja",
                "url": "/api/v2/language/11/"
            },
            "name": "\u308f\u3056\u30ec\u30b3\u30fc\u30c9\uff17\uff15"
        },
        {
            "language": {
                "name": "zh-Hans",
                "url": "/api/v2/language/12/"
            },
            "name": "\u62db\u5f0f\u8bb0\u5f55\uff17\uff15"
        }
    ],
    "sprites": {
        "default": null
    }
}