{
    "attributes": [],
    "baby_trigger_for": null,
    "category": {
        "name": "baking-only",
        "url": "/api/v2/item-category/8/"
    },
    "cost": 200,
    "effect_entries": [
        {
            "effect": "No effect; only useful for planting and cooking.",
            "language": {
                "name": "en",
                "url": "/api/v2/language/9/"
            },
            "short_effect": "Used for creating Pok\u00e9Blocks and Poffins."
        }
    ],
    "flavor_text_entries": [
        {
            "language": {
                "name": "en",
                "url": "/api/v2/language/9/"
            },
            "text": "POK\u00e9BLOCK ingredient.\nPlant in loamy soil\nto grow RAZZ.",
            "version_group": {
                "name": "ruby-sapphire",
                "url": "/api/v2/version-group/5/"
            }
        },
        {
            "language": {
                "name": "en",
                "url": "/api/v2/language/9/"
            },
            "text": "POK\u00e9BLOCK ingredient.\nPlant in loamy soil\nto grow RAZZ.",
            "version_group": {
                "name": "emerald",
                "url": "/api/v2/version-group/6/"
            }
        },
        {
            "language": {
                "name": "en",
                "url": "/api/v2/language/9/"
            },
            "text": "Can be ground up into a powder as\nan ingredient for medicine.",
            "version_group": {
                "name": "firered-leafgreen",
                "url": "/api/v2/version-group/7/"
            }
        },
        {
            "language": {
                "name": "en",
                "url": "/api/v2/language/9/"
            },
            "text": "A Poffin ingredient.\nBury it in soft soil to grow a\nRazz Plant.",
            "version_group": {
                "name": "diamond-pearl",
                "url": "/api/v2/version-group/8/"
            }
        },
        {
            "language": {
                "name": "en",
                "url": "/api/v2/language/9/"
            },
            "text": "A Poffin ingredient.\nBury it in soft soil to grow a\nRazz Plant.",
            "version_group": {
                "name": "platinum",
                "url": "/api/v2/version-group/9/"
            }
        },
        {
            "language": {
                "name": "en",
                "url": "/api/v2/language/9/"
            },
            "text": "In the Sinnoh region, they like to make\nsweets known as Poffins with this Berry\nand feed them to their Pok\u00e9mon.",
            "version_group": {
                "name": "heartgold-soulsilver",
                "url": "/api/v2/version-group/10/"
            }
        },
        {
            "language": {
                "name": "fr",
                "url": "/api/v2/language/5/"
            },
            "text": "Baie tr\u00e8s rare \u00e0 Unys.\nLes amateurs en donnent un bon prix.",
            "version_group": {
                "name": "black-white",
                "url": "/api/v2/version-group/11/"
            }
        },
        {
            "language": {
                "name": "en",
                "url": "/api/v2/language/9/"
            },
            "text": "A Berry which is very rare in the\nUnova region.\nA maniac will buy it for a high price.",
            "version_group": {
                "name": "black-white",
                "url": "/api/v2/version-group/11/"
            }
        },
        {
            "language": {
                "name": "en",
                "url": "/api/v2/language/9/"
            },
            "text": "A Berry which is very rare in the\nUnova region.\nA maniac will buy it for a high price.",
            "version_group": {
                "name": "black-2-white-2",
                "url": "/api/v2/version-group/14/"
            }
        },
        {
            "language": {
                "name": "ja-Hrkt",
                "url": "/api/v2/language/1/"
            },
            "text": "\u30a4\u30c3\u30b7\u30e5\u3061\u307b\u3046\u3067\u306f\u3000\u3068\u3066\u3082\n\u3081\u305a\u3089\u3057\u3044\u3000\u304d\u306e\u307f\u3002",
            "version_group": {
                "name": "x-y",
                "url": "/api/v2/version-group/15/"
            }
        },
        {
            "language": {
                "name": "ko",
                "url": "/api/v2/language/3/"
            },
            "text": "\ud558\ub098\uc9c0\ubc29\uc5d0\uc11c\ub294 \ub9e4\uc6b0\n\ud76c\uadc0\ud55c \ub098\ubb34\uc5f4\ub9e4.",
            "version_group": {
                "name": "x-y",
                "url": "/api/v2/version-group/15/"
            }
        },
        {
            "language": {
                "name": "fr",
                "url": "/api/v2/language/5/"
            },
            "text": "Une Baie tr\u00e8s rare \u00e0 Unys.",
            "version_group": {
                "name": "x-y",
                "url": "/api/v2/version-group/15/"
            }
        },
        {
            "language": {
                "name": "de",
                "url": "/api/v2/language/6/"
            },
            "text": "Eine Beerensorte, die in der Einall-Region\nganz besonders selten ist.",
            "version_group": {
                "name": "x-y",
                "url": "/api/v2/version-group/15/"
            }
        },
        {
            "language": {
                "name": "es",
                "url": "/api/v2/language/7/"
            },
            "text": "Una baya muy rara en la regi\u00f3n de Teselia.",
            "version_group": {
                "name": "x-y",
                "url": "/api/v2/version-group/15/"
            }
        },
        {
            "language": {
                "name": "it",
                "url": "/api/v2/language/8/"
            },
            "text": "Bacca molto rara a Unima.",
            "version_group": {
                "name": "x-y",
                "url": "/api/v2/version-group/15/"
            }
        },
        {
            "language": {
                "name": "en",
                "url": "/api/v2/language/9/"
            },
            "text": "A Berry to be used in cooking.\nThis Berry is very rare and hard\nto obtain in the Unova region.",
            "version_group": {
                "name": "x-y",
                "url": "/api/v2/version-group/15/"
            }
        },
        {
            "language": {
                "name": "ja",
                "url": "/api/v2/language/11/"
            },
            "text": "\u30a4\u30c3\u30b7\u30e5\u5730\u65b9\u3067\u306f\u3000\u3068\u3066\u3082\n\u73cd\u3057\u3044\u3000\u304d\u306e\u307f\u3002",
            "version_group": {
                "name": "x-y",
                "url": "/api/v2/version-group/15/"
            }
        },
        {
            "language": {
                "name": "ja-Hrkt",
                "url": "/api/v2/language/1/"
            },
            "text": "\u304b\u3063\u3053\u3088\u3055\u306b\u3000\u307f\u304c\u304d\u3092\u3000\u304b\u3051\u308b\u3000\u305f\u3081\u306e\n\u30dd\u30ed\u30c3\u30af\u3092\u3000\u3064\u304f\u308b\u3068\u304d\u3000\u3064\u304b\u308f\u308c\u308b\u3002\n\u3042\u304b\u3044\u308d\u306e\u3000\u307f\u306f\u3000\u305f\u3079\u308b\u3068\u3000\u304b\u3089\u3044\u3002",
            "version_group": {
                "name": "sun-moon",
                "url": "/api/v2/version-group/17/"
            }
        },
        {
            "language": {
                "name": "ko",
                "url": "/api/v2/language/3/"
            },
            "text": "\uadfc\uc0ac\ud568\uc744 \uc5f0\ub9c8\ud558\uae30 \uc704\ud55c\n\ud3ec\ucf13\ubaac\uc2a4\ub125\uc744 \ub9cc\ub4e4 \ub54c \uc0ac\uc6a9\ub41c\ub2e4.\n\ube68\uac04\uc0c9 \uc5f4\ub9e4\ub294 \uba39\uc73c\uba74 \ub9f5\ub2e4.",
            "version_group": {
                "name": "sun-moon",
                "url": "/api/v2/version-group/17/"
            }
        },
        {
            "language": {
                "name": "zh-Hant",
                "url": "/api/v2/language/4/"
            },
            "text": "\u88fd\u4f5c\u7528\u65bc\u589e\u9032\u5e25\u6c23\u7684\n\u5bf6\u53ef\u65b9\u584a\u6642\u4f7f\u7528\u3002\n\u7d05\u8272\u7684\u679c\u5be6\u5617\u8d77\u4f86\u662f\u8fa3\u7684\u3002",
            "version_group": {
                "name": "sun-moon",
                "url": "/api/v2/version-group/17/"
            }
        },
        {
            "language": {
                "name": "fr",
                "url": "/api/v2/language/5/"
            },
            "text": "Une Baie orange au go\u00fbt \u00e9pic\u00e9, utilis\u00e9e pour\npr\u00e9parer des Pok\u00e9blocs permettant d\u2019augmenter\nle Sang-froid d\u2019un Pok\u00e9mon.",
            "version_group": {
                "name": "sun-moon",
                "url": "/api/v2/version-group/17/"
            }
        },
        {
            "language": {
                "name": "de",
                "url": "/api/v2/language/6/"
            },
            "text": "Eine Beerensorte, die als Zutat f\u00fcr Pok\u00e9riegel\nverwendet wird, welche die Coolness erh\u00f6hen.\nIhr r\u00f6tliches Fruchtfleisch schmeckt scharf.",
            "version_group": {
                "name": "sun-moon",
                "url": "/api/v2/version-group/17/"
            }
        },
        {
            "language": {
                "name": "es",
                "url": "/api/v2/language/7/"
            },
            "text": "Se utiliza en la producci\u00f3n de Pok\u00e9cubos que\npotencian el carisma. Es de color rojizo y sabor\npicante.",
            "version_group": {
                "name": "sun-moon",
                "url": "/api/v2/version-group/17/"
            }
        },
        {
            "language": {
                "name": "it",
                "url": "/api/v2/language/8/"
            },
            "text": "Bacca arancione dal sapore piccante usata\nper creare Pok\u00e9melle che aumentano la Classe\ndel Pok\u00e9mon.",
            "version_group": {
                "name": "sun-moon",
                "url": "/api/v2/version-group/17/"
            }
        },
        {
            "language": {
                "name": "en",
                "url": "/api/v2/language/9/"
            },
            "text": "Used to make Pok\u00e9blocks that will enhance your\nCoolness. Its red flesh is spicy when eaten.",
            "version_group": {
                "name": "sun-moon",
                "url": "/api/v2/version-group/17/"
            }
        },
        {
            "language": {
                "name": "ja",
                "url": "/api/v2/language/11/"
            },
            "text": "\u304b\u3063\u3053\u3088\u3055\u306b\u3000\u78e8\u304d\u3092\u3000\u304b\u3051\u308b\u3000\u305f\u3081\u306e\n\u30dd\u30ed\u30c3\u30af\u3092\u3000\u3064\u304f\u308b\u3068\u304d\u3000\u4f7f\u308f\u308c\u308b\u3002\n\u8d64\u8272\u306e\u5b9f\u306f\u3000\u98df\u3079\u308b\u3068\u3000\u8f9b\u3044\u3002",
            "version_group": {
                "name": "sun-moon",
                "url": "/api/v2/version-group/17/"
            }
        },
        {
            "language": {
                "name": "zh-Hans",
                "url": "/api/v2/language/12/"
            },
            "text": "\u7528\u4e8e\u5236\u4f5c\u5b9d\u53ef\u65b9\u5757\uff0c\n\u5236\u4f5c\u51fa\u6765\u7684\u5b9d\u53ef\u65b9\u5757\u53ef\u7528\u6765\u6253\u78e8\u5e05\u6c14\u3002\n\u7ea2\u8272\u7684\u679c\u5b9e\u5c1d\u8d77\u6765\u662f\u8fa3\u7684\u3002",
            "version_group": {
                "name": "sun-moon",
                "url": "/api/v2/version-group/17/"
            }
        },
        {
            "language": {
                "name": "ja-Hrkt",
                "url": "/api/v2/language/1/"
            },
            "text": "\u304b\u3063\u3053\u3088\u3055\u306b\u3000\u307f\u304c\u304d\u3092\u3000\u304b\u3051\u308b\u3000\u305f\u3081\u306e\n\u30dd\u30ed\u30c3\u30af\u3092\u3000\u3064\u304f\u308b\u3068\u304d\u3000\u3064\u304b\u308f\u308c\u308b\u3002\n\u3042\u304b\u3044\u308d\u306e\u3000\u307f\u306f\u3000\u305f\u3079\u308b\u3068\u3000\u304b\u3089\u3044\u3002",
            "version_group": {
                "name": "ultra-sun-ultra-moon",
                "url": "/api/v2/version-group/18/"
            }
        },
        {
            "language": {
                "name": "ko",
                "url": "/api/v2/language/3/"
            },
            "text": "\uadfc\uc0ac\ud568\uc744 \uc5f0\ub9c8\ud558\uae30 \uc704\ud55c\n\ud3ec\ucf13\ubaac\uc2a4\ub125\uc744 \ub9cc\ub4e4 \ub54c \uc0ac\uc6a9\ub41c\ub2e4.\n\ube68\uac04\uc0c9 \uc5f4\ub9e4\ub294 \uba39\uc73c\uba74 \ub9f5\ub2e4.",
            "version_group": {
                "name": "ultra-sun-ultra-moon",
                "url": "/api/v2/version-group/18/"
            }
        },
        {
            "language": {
                "name": "zh-Hant",
                "url": "/api/v2/language/4/"
            },
            "text": "\u88fd\u4f5c\u7528\u65bc\u589e\u9032\u5e25\u6c23\u7684\n\u5bf6\u53ef\u65b9\u584a\u6642\u4f7f\u7528\u3002\n\u7d05\u8272\u7684\u679c\u5be6\u5617\u8d77\u4f86\u662f\u8fa3\u7684\u3002",
            "version_group": {
                "name": "ultra-sun-ultra-moon",
                "url": "/api/v2/version-group/18/"
            }
        },
        {
            "language": {
                "name": "fr",
                "url": "/api/v2/language/5/"
            },
            "text": "Une Baie orange au go\u00fbt \u00e9pic\u00e9, utilis\u00e9e pour\npr\u00e9parer des Pok\u00e9blocs permettant d\u2019augmenter\nle Sang-froid d\u2019un Pok\u00e9mon.",
            "version_group": {
                "name": "ultra-sun-ultra-moon",
                "url": "/api/v2/version-group/18/"
            }
        },
        {
            "language": {
                "name": "de",
                "url": "/api/v2/language/6/"
            },
            "text": "Eine Beerensorte, die als Zutat f\u00fcr Pok\u00e9riegel\nverwendet wird, welche die Coolness erh\u00f6hen.\nIhr r\u00f6tliches Fruchtfleisch schmeckt scharf.",
            "version_group": {
                "name": "ultra-sun-ultra-moon",
                "url": "/api/v2/version-group/18/"
            }
        },
        {
            "language": {
                "name": "es",
                "url": "/api/v2/language/7/"
            },
            "text": "Se utiliza en la producci\u00f3n de Pok\u00e9cubos que\npotencian el carisma. Es de color rojizo y sabor\npicante.",
            "version_group": {
                "name": "ultra-sun-ultra-moon",
                "url": "/api/v2/version-group/18/"
            }
        },
        {
            "language": {
                "name": "it",
                "url": "/api/v2/language/8/"
            },
            "text": "Bacca arancione dal sapore piccante usata\nper creare Pok\u00e9melle che aumentano la Classe\ndel Pok\u00e9mon.",
            "version_group": {
                "name": "ultra-sun-ultra-moon",
                "url": "/api/v2/version-group/18/"
            }
        },
        {
            "language": {
                "name": "en",
                "url": "/api/v2/language/9/"
            },
            "text": "Used to make Pok\u00e9blocks that will enhance your\nCoolness. Its red flesh is spicy when eaten.",
            "version_group": {
                "name": "ultra-sun-ultra-moon",
                "url": "/api/v2/version-group/18/"
            }
        },
        {
            "language": {
                "name": "ja",
                "url": "/api/v2/language/11/"
            },
            "text": "\u304b\u3063\u3053\u3088\u3055\u306b\u3000\u78e8\u304d\u3092\u3000\u304b\u3051\u308b\u3000\u305f\u3081\u306e\n\u30dd\u30ed\u30c3\u30af\u3092\u3000\u3064\u304f\u308b\u3068\u304d\u3000\u4f7f\u308f\u308c\u308b\u3002\n\u8d64\u8272\u306e\u5b9f\u306f\u3000\u98df\u3079\u308b\u3068\u3000\u8f9b\u3044\u3002",
            "version_group": {
                "name": "ultra-sun-ultra-moon",
                "url": "/api/v2/version-group/18/"
            }
        },
        {
            "language": {
                "name": "zh-Hans",
                "url": "/api/v2/language/12/"
            },
            "text": "\u7528\u4e8e\u5236\u4f5c\u5b9d\u53ef\u65b9\u5757\uff0c\n\u5236\u4f5c\u51fa\u6765\u7684\u5b9d\u53ef\u65b9\u5757\u53ef\u7528\u6765\u6253\u78e8\u5e05\u6c14\u3002\n\u7ea2\u8272\u7684\u679c\u5b9e\u5c1d\u8d77\u6765\u662f\u8fa3\u7684\u3002",
            "version_group": {
                "name": "ultra-sun-ultra-moon",
                "url": "/api/v2/version-group/18/"
            }
        },
        {
            "language": {
                "name": "ja-Hrkt",
                "url": "/api/v2/language/1/"
            },
            "text": "\u30dd\u30b1\u30e2\u30f3\u306b\u3000\u3042\u305f\u3048\u308b\u3068\n\u3059\u3053\u3057\u3000\u3064\u304b\u307e\u3048\u3000\u3084\u3059\u304f\u306a\u308b\u3000\u304d\u306e\u307f\u3002",
            "version_group": {
                "name": "lets-go-pikachu-lets-go-eevee",
                "url": "/api/v2/version-group/19/"
            }
        },
        {
            "language": {
                "name": "ko",
                "url": "/api/v2/language/3/"
            },
            "text": "\ud3ec\ucf13\ubaac\uc5d0\uac8c \uc8fc\uba74\n\uc870\uae08 \uc7a1\uae30 \uc26c\uc6cc\uc9c0\ub294 \ub098\ubb34\uc5f4\ub9e4.",
            "version_group": {
                "name": "lets-go-pikachu-lets-go-eevee",
                "url": "/api/v2/version-group/19/"
            }
        },
        {
            "language": {
                "name": "zh-Hant",
                "url": "/api/v2/language/4/"
            },
            "text": "\u628a\u9019\u500b\u6a39\u679c\u9935\u7d66\u5bf6\u53ef\u5922\uff0c\n\u5c31\u80fd\u8b93\u7260\u5011\u8b8a\u5f97\u6bd4\u8f03\u5bb9\u6613\u6355\u6349\u3002",
            "version_group": {
                "name": "lets-go-pikachu-lets-go-eevee",
                "url": "/api/v2/version-group/19/"
            }
        },
        {
            "language": {
                "name": "fr",
                "url": "/api/v2/language/5/"
            },
            "text": "Une Baie \u00e0 donner \u00e0 un Pok\u00e9mon sauvage pour pouvoir\nl\u2019attraper un peu plus facilement.",
            "version_group": {
                "name": "lets-go-pikachu-lets-go-eevee",
                "url": "/api/v2/version-group/19/"
            }
        },
        {
            "language": {
                "name": "de",
                "url": "/api/v2/language/6/"
            },
            "text": "Gibst du diese Beere einem Pok\u00e9mon zu essen,\nl\u00e4sst es sich ein bisschen leichter fangen.",
            "version_group": {
                "name": "lets-go-pikachu-lets-go-eevee",
                "url": "/api/v2/version-group/19/"
            }
        },
        {
            "language": {
                "name": "es",
                "url": "/api/v2/language/7/"
            },
            "text": "Una baya que puedes lanzar a un Pok\u00e9mon salvaje\npara que resulte un poco m\u00e1s f\u00e1cil capturarlo.",
            "version_group": {
                "name": "lets-go-pikachu-lets-go-eevee",
                "url": "/api/v2/version-group/19/"
            }
        },
        {
            "language": {
                "name": "it",
                "url": "/api/v2/language/8/"
            },
            "text": "Bacca che facilita un po\u2019 la cattura del Pok\u00e9mon\nselvatico a cui viene data.",
            "version_group": {
                "name": "lets-go-pikachu-lets-go-eevee",
                "url": "/api/v2/version-group/19/"
            }
        },
        {
            "language": {
                "name": "en",
                "url": "/api/v2/language/9/"
            },
            "text": "A Berry that makes it slightly easier to catch Pok\u00e9mon\nwhen given to them.",
            "version_group": {
                "name": "lets-go-pikachu-lets-go-eevee",
                "url": "/api/v2/version-group/19/"
            }
        },
        {
            "language": {
                "name": "ja",
                "url": "/api/v2/language/11/"
            },
            "text": "\u30dd\u30b1\u30e2\u30f3\u306b\u3000\u3042\u305f\u3048\u308b\u3068\n\u5c11\u3057\u3000\u6355\u307e\u3048\u3000\u3084\u3059\u304f\u306a\u308b\u3000\u304d\u306e\u307f\u3002",
            "version_group": {
                "name": "lets-go-pikachu-lets-go-eevee",
                "url": "/api/v2/version-group/19/"
            }
        },
        {
            "language": {
                "name": "zh-Hans",
                "url": "/api/v2/language/12/"
            },
            "text": "\u628a\u8fd9\u6811\u679c\u4ea4\u7ed9\u5b9d\u53ef\u68a6\u540e\uff0c\n\u5b9d\u53ef\u68a6\u5c31\u4f1a\u53d8\u5f97\n\u7a0d\u5fae\u5bb9\u6613\u6355\u6349\u4e00\u70b9\u3002",
            "version_group": {
                "name": "lets-go-pikachu-lets-go-eevee",
                "url": "/api/v2/version-group/19/"
            }
        },
        {
            "language": {
                "name": "ja-Hrkt",
                "url": "/api/v2/language/1/"
            },
            "text": "\u304b\u3063\u3053\u3088\u3055\u306b\u3000\u307f\u304c\u304d\u3092\u3000\u304b\u3051\u308b\u3000\u305f\u3081\u306e\n\u30dd\u30ed\u30c3\u30af\u3092\u3000\u3064\u304f\u308b\u3068\u304d\u3000\u3064\u304b\u308f\u308c\u308b\u3002\n\u3042\u304b\u3044\u308d\u306e\u3000\u307f\u306f\u3000\u305f\u3079\u308b\u3068\u3000\u304b\u3089\u3044\u3002",
            "version_group": {
                "name": "sword-shield",
                "url": "/api/v2/version-group/20/"
            }
        },
        {
            "language": {
                "name": "ko",
                "url": "/api/v2/language/3/"
            },
            "text": "\uadfc\uc0ac\ud568\uc744 \uc5f0\ub9c8\ud558\uae30 \uc704\ud55c\n\ud3ec\ucf13\ubaac\uc2a4\ub125\uc744 \ub9cc\ub4e4 \ub54c \uc0ac\uc6a9\ub41c\ub2e4.\n\ube68\uac04\uc0c9 \uc5f4\ub9e4\ub294 \uba39\uc73c\uba74 \ub9f5\ub2e4.",
            "version_group": {
                "name": "sword-shield",
                "url": "/api/v2/version-group/20/"
            }
        },
        {
            "language": {
                "name": "zh-Hant",
                "url": "/api/v2/language/4/"
            },
            "text": "\u88fd\u4f5c\u7528\u65bc\u589e\u9032\u5e25\u6c23\u7684\n\u5bf6\u53ef\u65b9\u584a\u6642\u4f7f\u7528\u3002\n\u7d05\u8272\u7684\u679c\u5be6\u5617\u8d77\u4f86\u662f\u8fa3\u7684\u3002",
            "version_group": {
                "name": "sword-shield",
                "url": "/api/v2/version-group/20/"
            }
        },
        {
            "language": {
                "name": "fr",
                "url": "/api/v2/language/5/"
            },
            "text": "Une Baie orange au go\u00fbt \u00e9pic\u00e9, utilis\u00e9e pour pr\u00e9parer\ndes Pok\u00e9blocs permettant d\u2019augmenter le Sang-froid\nd\u2019un Pok\u00e9mon.",
            "version_group": {
                "name": "sword-shield",
                "url": "/api/v2/version-group/20/"
            }
        },
        {
            "language": {
                "name": "de",
                "url": "/api/v2/language/6/"
            },
            "text": "Eine Beerensorte, die als Zutat f\u00fcr Pok\u00e9riegel\nverwendet wird, welche die Coolness erh\u00f6hen.\nIhr r\u00f6tliches Fruchtfleisch schmeckt scharf.",
            "version_group": {
                "name": "sword-shield",
                "url": "/api/v2/version-group/20/"
            }
        },
        {
            "language": {
                "name": "es",
                "url": "/api/v2/language/7/"
            },
            "text": "Se utiliza en la producci\u00f3n de Pok\u00e9cubos que potencian\nel carisma. Es de color rojizo y sabor picante.",
            "version_group": {
                "name": "sword-shield",
                "url": "/api/v2/version-group/20/"
            }
        },
        {
            "language": {
                "name": "it",
                "url": "/api/v2/language/8/"
            },
            "text": "Bacca arancione dal sapore piccante usata\nper creare Pok\u00e9melle che aumentano la Classe\ndel Pok\u00e9mon.",
            "version_group": {
                "name": "sword-shield",
                "url": "/api/v2/version-group/20/"
            }
        },
        {
            "language": {
                "name": "en",
                "url": "/api/v2/language/9/"
            },
            "text": "Used to make Pok\u00e9blocks that will enhance your\nCoolness. Its red flesh is spicy when eaten.",
            "version_group": {
                "name": "sword-shield",
                "url": "/api/v2/version-group/20/"
            }
        },
        {
            "language": {
                "name": "ja",
                "url": "/api/v2/language/11/"
            },
            "text": "\u304b\u3063\u3053\u3088\u3055\u306b\u3000\u78e8\u304d\u3092\u3000\u304b\u3051\u308b\u3000\u305f\u3081\u306e\n\u30dd\u30ed\u30c3\u30af\u3092\u3000\u3064\u304f\u308b\u3068\u304d\u3000\u4f7f\u308f\u308c\u308b\u3002\n\u8d64\u8272\u306e\u5b9f\u306f\u3000\u98df\u3079\u308b\u3068\u3000\u8f9b\u3044\u3002",
            "version_group": {
                "name": "sword-shield",
                "url": "/api/v2/version-group/20/"
            }
        },
        {
            "language": {
                "name": "zh-Hans",
                "url": "/api/v2/language/12/"
            },
            "text": "\u7528\u4e8e\u5236\u4f5c\u5b9d\u53ef\u65b9\u5757\uff0c\n\u5236\u4f5c\u51fa\u6765\u7684\u5b9d\u53ef\u65b9\u5757\u53ef\u7528\u6765\u6253\u78e8\u5e05\u6c14\u3002\n\u7ea2\u8272\u7684\u679c\u5b9e\u5c1d\u8d77\u6765\u662f\u8fa3\u7684\u3002",
            "version_group": {
                "name": "sword-shield",
                "url": "/api/v2/version-group/20/"
            }
        }
    ],
    "fling_effect": null,
    "fling_power": 10,
    "game_indices": [
        {
            "game_index": 148,
            "generation": {
                "name": "generation-iii",
                "url": "/api/v2/generation/3/"
            }
        },
        {
            "game_index": 164,
            "generation": {
                "name": "generation-iv",
                "url": "/api/v2/generation/4/"
            }
        },
        {
            "game_index": 164,
            "generation": {
                "name": "generation-v",
                "url": "/api/v2/generation/5/"
            }
        },
        {
            "game_index": 164,
            "generation": {
                "name": "generation-vi",
                "url": "/api/v2/generation/6/"
            }
        },
        {
            "game_index": 164,
            "generation": {
                "name": "generation-vii",
                "url": "/api/v2/generation/7/"
            }
        },
        {
            "game_index": 164,
            "generation": {
                "name": "generation-viii",
                "url": "/api/v2/generation/8/"
            }
        }
    ],
    "held_by_pokemon": [],
    "id": 141,
    "machines": [],
    "name": "razz-berry",
    "names": [
        {
            "language": {
                "name": "ja-Hrkt",
                "url": "/api/v2/language/1/"
            },
            "name": "\u30ba\u30ea\u306e\u307f"
        },
        {
            "language": {
                "name": "ko",
                "url": "/api/v2/language/3/"
            },
            "name": "\ub77c\uc988\uc5f4\ub9e4"
        },
        {
            "language": {
                "name": "zh-Hant",
                "url": "/api/v2/language/4/"
            },
            "name": "\u8513\u8393\u679c"
        },
        {
            "language": {
                "name": "fr",
                "url": "/api/v2/language/5/"
            },
            "name": "Baie Framby"
        },
        {
            "language": {
                "name": "de",
                "url": "/api/v2/language/6/"
            },
            "name": "Himmihbeere"
        },
        {
            "language": {
                "name": "es",
                "url": "/api/v2/language/7/"
            },
            "name": "Baya Frambu"
        },
        {
            "language": {
                "name": "it",
                "url": "/api/v2/language/8/"
            },
            "name": "Baccalampon"
        },
        {
            "language": {
                "name": "en",
                "url": "/api/v2/language/9/"
            },
            "name": "Razz Berry"
        },
        {
            "language": {
                "name": "ja",
                "url": "/api/v2/language/11/"
            },
            "name": "\u30ba\u30ea\u306e\u307f"
        },
        {
            "language": {
                "name": "zh-Hans",
                "url": "/api/v2/language/12/"
            },
            "name": "\u8513\u8393\u679c"
        }
    ],
    "sprites": {
        "default": "https://raw.githubusercontent.com/PokeAPI/sprites/master/sprites/items/razz-berry.png"
    }
}