{
    "attributes": [],
    "baby_trigger_for": null,
    "category": {
        "name": "plot-advancement",
        "url": "/api/v2/item-category/22/"
    },
    "cost": 0,
    "effect_entries": [],
    "flavor_text_entries": [
        {
            "language": {
                "name": "ja-Hrkt",
                "url": "/api/v2/language/1/"
            },
            "text": "\u30b5\u30f3\u30c8\u30fb\u30a2\u30f3\u30cc\u3054\u3046\u306b\u3000\u306e\u308b\u3068\u304d\n\u3072\u3064\u3088\u3046\u306a\u3000\u3075\u306d\u306e\u3000\u30c1\u30b1\u30c3\u30c8\u3002\n\u3075\u306d\u306e\u3000\u3048\u304c\u3000\u304b\u304b\u308c\u3066\u3044\u308b\u3002",
            "version_group": {
                "name": "lets-go-pikachu-lets-go-eevee",
                "url": "/api/v2/version-group/19/"
            }
        },
        {
            "language": {
                "name": "ko",
                "url": "/api/v2/language/3/"
            },
            "text": "\uc0c1\ud2b8\uc559\ub290\ud638\uc5d0 \ud0c8 \ub54c\n\ud544\uc694\ud55c \uc2b9\uc120 \ud2f0\ucf13.\n\ubc30 \uadf8\ub9bc\uc774 \uadf8\ub824\uc838 \uc788\ub2e4.",
            "version_group": {
                "name": "lets-go-pikachu-lets-go-eevee",
                "url": "/api/v2/version-group/19/"
            }
        },
        {
            "language": {
                "name": "zh-Hant",
                "url": "/api/v2/language/4/"
            },
            "text": "\u4e58\u642d\u8056\u7279\u5b89\u52aa\u865f\u6642\n\u6240\u9700\u7684\u8239\u7968\u3002\n\u4e0a\u9762\u756b\u4e86\u4e00\u8258\u8239\u3002",
            "version_group": {
                "name": "lets-go-pikachu-lets-go-eevee",
                "url": "/api/v2/version-group/19/"
            }
        },
        {
            "language": {
                "name": "fr",
                "url": "/api/v2/language/5/"
            },
            "text": "Un ticket n\u00e9cessaire pour embarquer \u00e0 bord\nde L\u2019Oc\u00e9ane. Il y a une image du navire dessus.",
            "version_group": {
                "name": "lets-go-pikachu-lets-go-eevee",
                "url": "/api/v2/version-group/19/"
            }
        },
        {
            "language": {
                "name": "de",
                "url": "/api/v2/language/6/"
            },
            "text": "Ein Ticket, das ben\u00f6tigt wird, um an Bord der MS Anne\nzu gehen. Das Schiff ist darauf abgebildet.",
            "version_group": {
                "name": "lets-go-pikachu-lets-go-eevee",
                "url": "/api/v2/version-group/19/"
            }
        },
        {
            "language": {
                "name": "es",
                "url": "/api/v2/language/7/"
            },
            "text": "Billete necesario para embarcar en el S. S. Anne. Tiene\ndibujado un barco.",
            "version_group": {
                "name": "lets-go-pikachu-lets-go-eevee",
                "url": "/api/v2/version-group/19/"
            }
        },
        {
            "language": {
                "name": "it",
                "url": "/api/v2/language/8/"
            },
            "text": "Biglietto per salire sulla Motonave Anna.\nC\u2019\u00e8 disegnata sopra una nave.",
            "version_group": {
                "name": "lets-go-pikachu-lets-go-eevee",
                "url": "/api/v2/version-group/19/"
            }
        },
        {
            "language": {
                "name": "en",
                "url": "/api/v2/language/9/"
            },
            "text": "The ticket required to board the S.S. Anne.\nIt has a drawing of a ship on it.",
            "version_group": {
                "name": "lets-go-pikachu-lets-go-eevee",
                "url": "/api/v2/version-group/19/"
            }
        },
        {
            "language": {
                "name": "ja",
                "url": "/api/v2/language/11/"
            },
            "text": "\u30b5\u30f3\u30c8\u30fb\u30a2\u30f3\u30cc\u53f7\u306b\u3000\u4e57\u308b\u3068\u304d\n\u5fc5\u8981\u306a\u3000\u8239\u306e\u3000\u30c1\u30b1\u30c3\u30c8\u3002\n\u8239\u306e\u3000\u7d75\u304c\u3000\u63cf\u304b\u308c\u3066\u3044\u308b\u3002",
            "version_group": {
                "name": "lets-go-pikachu-lets-go-eevee",
                "url": "/api/v2/version-group/19/"
            }
        },
        {
            "language": {
                "name": "zh-Hans",
                "url": "/api/v2/language/12/"
            },
            "text": "\u4e58\u5750\u5723\u7279\u5b89\u52aa\u53f7\u65f6\u6240\u9700\u7684\u8239\u7968\u3002\n\u4e0a\u9762\u7ed8\u6709\u8239\u53ea\u7684\u56fe\u6848\u3002",
            "version_group": {
                "name": "lets-go-pikachu-lets-go-eevee",
                "url": "/api/v2/version-group/19/"
            }
        },
        {
            "language": {
                "name": "ja-Hrkt",
                "url": "/api/v2/language/1/"
            },
            "text": "\u30b5\u30f3\u30c8\u30fb\u30a2\u30f3\u30cc\u3054\u3046\u306b\u3000\u306e\u308b\u3068\u304d\n\u3072\u3064\u3088\u3046\u306a\u3000\u3075\u306d\u306e\u3000\u30c1\u30b1\u30c3\u30c8\u3002\n\u3075\u306d\u306e\u3000\u3048\u304c\u3000\u304b\u304b\u308c\u3066\u3044\u308b\u3002",
            "version_group": {
                "name": "sword-shield",
                "url": "/api/v2/version-group/20/"
            }
        },
        {
            "language": {
                "name": "ko",
                "url": "/api/v2/language/3/"
            },
            "text": "\uc0c1\ud2b8\uc559\ub290\ud638\uc5d0 \ud0c8 \ub54c\n\ud544\uc694\ud55c \uc2b9\uc120 \ud2f0\ucf13.\n\ubc30 \uadf8\ub9bc\uc774 \uadf8\ub824\uc838 \uc788\ub2e4.",
            "version_group": {
                "name": "sword-shield",
                "url": "/api/v2/version-group/20/"
            }
        },
        {
            "language": {
                "name": "zh-Hant",
                "url": "/api/v2/language/4/"
            },
            "text": "\u4e58\u642d\u8056\u7279\u5b89\u52aa\u865f\u6642\n\u6240\u9700\u7684\u8239\u7968\u3002\n\u4e0a\u9762\u756b\u4e86\u4e00\u8258\u8239\u3002",
            "version_group": {
                "name": "sword-shield",
                "url": "/api/v2/version-group/20/"
            }
        },
        {
            "language": {
                "name": "fr",
                "url": "/api/v2/language/5/"
            },
            "text": "Un ticket n\u00e9cessaire pour embarquer \u00e0 bord\nde L\u2019Oc\u00e9ane. Il y a une image du navire dessus.",
            "version_group": {
                "name": "sword-shield",
                "url": "/api/v2/version-group/20/"
            }
        },
        {
            "language": {
                "name": "de",
                "url": "/api/v2/language/6/"
            },
            "text": "Ein Ticket, das ben\u00f6tigt wird, um an Bord der MS Anne\nzu gehen. Das Schiff ist darauf abgebildet.",
            "version_group": {
                "name": "sword-shield",
                "url": "/api/v2/version-group/20/"
            }
        },
        {
            "language": {
                "name": "es",
                "url": "/api/v2/language/7/"
            },
            "text": "Billete necesario para embarcar en el S. S. Anne. Tiene\ndibujado un barco.",
            "version_group": {
                "name": "sword-shield",
                "url": "/api/v2/version-group/20/"
            }
        },
        {
            "language": {
                "name": "it",
                "url": "/api/v2/language/8/"
            },
            "text": "Biglietto per salire sulla Motonave Anna.\nC\u2019\u00e8 disegnata sopra una nave.",
            "version_group": {
                "name": "sword-shield",
                "url": "/api/v2/version-group/20/"
            }
        },
        {
            "language": {
                "name": "en",
                "url": "/api/v2/language/9/"
            },
            "text": "The ticket required to board the S.S. Anne.\nIt has a drawing of a ship on it.",
            "version_group": {
                "name": "sword-shield",
                "url": "/api/v2/version-group/20/"
            }
        },
        {
            "language": {
                "name": "ja",
                "url": "/api/v2/language/11/"
            },
            "text": "\u30b5\u30f3\u30c8\u30fb\u30a2\u30f3\u30cc\u53f7\u306b\u3000\u4e57\u308b\u3068\u304d\n\u5fc5\u8981\u306a\u3000\u8239\u306e\u3000\u30c1\u30b1\u30c3\u30c8\u3002\n\u8239\u306e\u3000\u7d75\u304c\u3000\u63cf\u304b\u308c\u3066\u3044\u308b\u3002",
            "version_group": {
                "name": "sword-shield",
                "url": "/api/v2/version-group/20/"
            }
        },
        {
            "language": {
                "name": "zh-Hans",
                "url": "/api/v2/language/12/"
            },
            "text": "\u4e58\u5750\u5723\u7279\u5b89\u52aa\u53f7\u65f6\u6240\u9700\u7684\u8239\u7968\u3002\n\u4e0a\u9762\u7ed8\u6709\u8239\u53ea\u7684\u56fe\u6848\u3002",
            "version_group": {
                "name": "sword-shield",
                "url": "/api/v2/version-group/20/"
            }
        }
    ],
    "fling_effect": null,
    "fling_power": null,
    "game_indices": [
        {
            "game_index": 873,
            "generation": {
                "name": "generation-vii",
                "url": "/api/v2/generation/7/"
            }
        },
        {
            "game_index": 873,
            "generation": {
                "name": "generation-viii",
                "url": "/api/v2/generation/8/"
            }
        }
    ],
    "held_by_pokemon": [],
    "id": 1021,
    "machines": [],
    "name": "ss-ticket--letsgo",
    "names": [
        {
            "language": {
                "name": "ja-Hrkt",
                "url": "/api/v2/language/1/"
            },
            "name": "\u3075\u306d\u306e\u30c1\u30b1\u30c3\u30c8"
        },
        {
            "language": {
                "name": "ko",
                "url": "/api/v2/language/3/"
            },
            "name": "\uc2b9\uc120\ud2f0\ucf13"
        },
        {
            "language": {
                "name": "zh-Hant",
                "url": "/api/v2/language/4/"
            },
            "name": "\u8239\u7968"
        },
        {
            "language": {
                "name": "fr",
                "url": "/api/v2/language/5/"
            },
            "name": "Passe Bateau"
        },
        {
            "language": {
                "name": "de",
                "url": "/api/v2/language/6/"
            },
            "name": "Bootsticket"
        },
        {
            "language": {
                "name": "es",
                "url": "/api/v2/language/7/"
            },
            "name": "Ticket del Barco"
        },
        {
            "language": {
                "name": "it",
                "url": "/api/v2/language/8/"
            },
            "name": "Biglietto nave"
        },
        {
            "language": {
                "name": "en",
                "url": "/api/v2/language/9/"
            },
            "name": "S.S. Ticket"
        },
        {
            "language": {
                "name": "ja",
                "url": "/api/v2/language/11/"
            },
            "name": "\u3075\u306d\u306e\u30c1\u30b1\u30c3\u30c8"
        },
        {
            "language": {
                "name": "zh-Hans",
                "url": "/api/v2/language/12/"
            },
            "name": "\u8239\u7968"
        }
    ],
    "sprites": {
        "default": null
    }
}