{
    "attributes": [],
    "baby_trigger_for": null,
    "category": {
        "name": "all-machines",
        "url": "/api/v2/item-category/37/"
    },
    "cost": 10000,
    "effect_entries": [],
    "flavor_text_entries": [
        {
            "language": {
                "name": "ja-Hrkt",
                "url": "/api/v2/language/1/"
            },
            "text": "\u30b5\u30a4\u30b3\u30d1\u30ef\u30fc\u3067\u3000\u304b\u307f\u3064\u3044\u3066\n\u3042\u3044\u3066\u3092\u3000\u3053\u3046\u3052\u304d\u3059\u308b\u3002\u3000\u3072\u304b\u308a\u306e\u304b\u3079\u3084\n\u30ea\u30d5\u30ec\u30af\u30bf\u30fc\u3000\u306a\u3069\u3082\u3000\u306f\u304b\u3044\u3067\u304d\u308b\u3002",
            "version_group": {
                "name": "sword-shield",
                "url": "/api/v2/version-group/20/"
            }
        },
        {
            "language": {
                "name": "ko",
                "url": "/api/v2/language/3/"
            },
            "text": "\uc0ac\uc774\ucf54 \ud30c\uc6cc\ub85c \ubb3c\uc5b4\uc11c\n\uc0c1\ub300\ub97c \uacf5\uaca9\ud55c\ub2e4. \ube5b\uc758\uc7a5\ub9c9\uc774\ub098\n\ub9ac\ud50c\ub809\ud130\ub3c4 \ud30c\uad34\ud560 \uc218 \uc788\ub2e4.",
            "version_group": {
                "name": "sword-shield",
                "url": "/api/v2/version-group/20/"
            }
        },
        {
            "language": {
                "name": "zh-Hant",
                "url": "/api/v2/language/4/"
            },
            "text": "\u5229\u7528\u7cbe\u795e\u529b\u91cf\u54ac\u4f4f\u5c0d\u624b\u9032\u884c\u653b\u64ca\u3002\n\u4e26\u53ef\u7834\u58de\u5149\u7246\u548c\u53cd\u5c04\u58c1\u7b49\u3002",
            "version_group": {
                "name": "sword-shield",
                "url": "/api/v2/version-group/20/"
            }
        },
        {
            "language": {
                "name": "fr",
                "url": "/api/v2/language/5/"
            },
            "text": "Le lanceur mord la cible avec ses pouvoirs psychiques.\nBrise aussi les barri\u00e8res comme Mur Lumi\u00e8re\net Protection.",
            "version_group": {
                "name": "sword-shield",
                "url": "/api/v2/version-group/20/"
            }
        },
        {
            "language": {
                "name": "de",
                "url": "/api/v2/language/6/"
            },
            "text": "Der Anwender bei\u00dft das Ziel mithilfe von\nPsycho-Kr\u00e4ften. Die Attacke durchbricht auch\nBarrieren wie Lichtschild und Reflektor.",
            "version_group": {
                "name": "sword-shield",
                "url": "/api/v2/version-group/20/"
            }
        },
        {
            "language": {
                "name": "es",
                "url": "/api/v2/language/7/"
            },
            "text": "Ataca a sus rivales con poderes ps\u00edquicos que adem\u00e1s\ndestruyen barreras como Pantalla de Luz y Reflejo.",
            "version_group": {
                "name": "sword-shield",
                "url": "/api/v2/version-group/20/"
            }
        },
        {
            "language": {
                "name": "it",
                "url": "/api/v2/language/8/"
            },
            "text": "Morde il bersaglio con delle zanne generate\ncon l\u2019energia psichica e rompe barriere come\nRiflesso e Schermoluce.",
            "version_group": {
                "name": "sword-shield",
                "url": "/api/v2/version-group/20/"
            }
        },
        {
            "language": {
                "name": "en",
                "url": "/api/v2/language/9/"
            },
            "text": "The user bites the target with its psychic\ncapabilities. This can also destroy Light Screen\nand Reflect.",
            "version_group": {
                "name": "sword-shield",
                "url": "/api/v2/version-group/20/"
            }
        },
        {
            "language": {
                "name": "ja",
                "url": "/api/v2/language/11/"
            },
            "text": "\u30b5\u30a4\u30b3\u30d1\u30ef\u30fc\u3067\u3000\u304b\u307f\u3064\u3044\u3066\n\u76f8\u624b\u3092\u3000\u653b\u6483\u3059\u308b\u3002\u3000\u3072\u304b\u308a\u306e\u304b\u3079\u3084\n\u30ea\u30d5\u30ec\u30af\u30bf\u30fc\u3000\u306a\u3069\u3082\u3000\u7834\u58ca\u3067\u304d\u308b\u3002",
            "version_group": {
                "name": "sword-shield",
                "url": "/api/v2/version-group/20/"
            }
        },
        {
            "language": {
                "name": "zh-Hans",
                "url": "/api/v2/language/12/"
            },
            "text": "\u5229\u7528\u7cbe\u795e\u529b\u91cf\u54ac\u4f4f\u5bf9\u624b\u8fdb\u884c\u653b\u51fb\u3002\n\u8fd8\u53ef\u4ee5\u7834\u574f\u5149\u5899\u548c\u53cd\u5c04\u58c1\u7b49\u3002",
            "version_group": {
                "name": "sword-shield",
                "url": "/api/v2/version-group/20/"
            }
        }
    ],
    "fling_effect": null,
    "fling_power": 85,
    "game_indices": [
        {
            "game_index": 1227,
            "generation": {
                "name": "generation-viii",
                "url": "/api/v2/generation/8/"
            }
        }
    ],
    "held_by_pokemon": [],
    "id": 1285,
    "machines": [
        {
            "machine": {
                "url": "/api/v2/machine/1686/"
            },
            "version_group": {
                "name": "sword-shield",
                "url": "/api/v2/version-group/20/"
            }
        }
    ],
    "name": "tr97",
    "names": [
        {
            "language": {
                "name": "ja-Hrkt",
                "url": "/api/v2/language/1/"
            },
            "name": "\u308f\u3056\u30ec\u30b3\u30fc\u30c9\uff19\uff17"
        },
        {
            "language": {
                "name": "ko",
                "url": "/api/v2/language/3/"
            },
            "name": "\uae30\uc220\ub808\ucf54\ub4dc97"
        },
        {
            "language": {
                "name": "zh-Hant",
                "url": "/api/v2/language/4/"
            },
            "name": "\u62db\u5f0f\u7d00\u9304\uff19\uff17"
        },
        {
            "language": {
                "name": "fr",
                "url": "/api/v2/language/5/"
            },
            "name": "DT97"
        },
        {
            "language": {
                "name": "de",
                "url": "/api/v2/language/6/"
            },
            "name": "TP97"
        },
        {
            "language": {
                "name": "es",
                "url": "/api/v2/language/7/"
            },
            "name": "DT97"
        },
        {
            "language": {
                "name": "it",
                "url": "/api/v2/language/8/"
            },
            "name": "DT97"
        },
        {
            "language": {
                "name": "en",
                "url": "/api/v2/language/9/"
            },
            "name": "TR97"
        },
        {
            "language": {
                "name": "ja",
                "url": "/api/v2/language/11/"
            },
            "name": "\u308f\u3056\u30ec\u30b3\u30fc\u30c9\uff19\uff17"
        },
        {
            "language": {
                "name": "zh-Hans",
                "url": "/api/v2/language/12/"
            },
            "name": "\u62db\u5f0f\u8bb0\u5f55\uff19\uff17"
        }
    ],
    "sprites": {
        "default": null
    }
}