{
    "attributes": [],
    "baby_trigger_for": null,
    "category": {
        "name": "spelunking",
        "url": "/api/v2/item-category/11/"
    },
    "cost": 900,
    "effect_entries": [],
    "flavor_text_entries": [
        {
            "language": {
                "name": "ja-Hrkt",
                "url": "/api/v2/language/1/"
            },
            "text": "\u3064\u304b\u3046\u3068\u3000\u3081\u305a\u3089\u3057\u3044\u3000\u30dd\u30b1\u30e2\u30f3\u304c\n\u3067\u3066\u3000\u304d\u3084\u3059\u304f\u3000\u306a\u308b\u3000\u3053\u3046\u3059\u3044\u3002\n\u30b7\u30eb\u30d0\u30fc\u30b3\u30ed\u30f3\u3088\u308a\u3000\u306a\u304c\u304f\u3000\u3082\u3064\u3002",
            "version_group": {
                "name": "lets-go-pikachu-lets-go-eevee",
                "url": "/api/v2/version-group/19/"
            }
        },
        {
            "language": {
                "name": "ko",
                "url": "/api/v2/language/3/"
            },
            "text": "\uc0ac\uc6a9\ud558\uba74 \ud76c\uadc0\ud55c \ud3ec\ucf13\ubaac\uc774\n\ub098\uc624\uae30 \uc26c\uc6cc\uc9c0\ub294 \ud5a5\uc218.\n\uc2e4\ubc84\ucf54\ub871\ubcf4\ub2e4 \ud6a8\uacfc\uac00 \uc624\ub798\uac04\ub2e4.",
            "version_group": {
                "name": "lets-go-pikachu-lets-go-eevee",
                "url": "/api/v2/version-group/19/"
            }
        },
        {
            "language": {
                "name": "zh-Hant",
                "url": "/api/v2/language/4/"
            },
            "text": "\u4f7f\u7528\u5f8c\uff0c\u8b93\u7a00\u6709\u5bf6\u53ef\u5922\n\u8b8a\u5f97\u5bb9\u6613\u51fa\u73fe\u7684\u9999\u6c34\u3002\n\u6548\u679c\u6bd4\u767d\u9280\u9999\u6c34\u66f4\u6301\u4e45\u3002",
            "version_group": {
                "name": "lets-go-pikachu-lets-go-eevee",
                "url": "/api/v2/version-group/19/"
            }
        },
        {
            "language": {
                "name": "fr",
                "url": "/api/v2/language/5/"
            },
            "text": "Une substance qui fait appara\u00eetre les Pok\u00e9mon rares\nplus facilement pendant une dur\u00e9e plus longue que\nle Super Parfum.",
            "version_group": {
                "name": "lets-go-pikachu-lets-go-eevee",
                "url": "/api/v2/version-group/19/"
            }
        },
        {
            "language": {
                "name": "de",
                "url": "/api/v2/language/6/"
            },
            "text": "Ein Parf\u00fcm, das f\u00fcr kurze Zeit vermehrt\nseltene Pok\u00e9mon erscheinen l\u00e4sst.\nWirkt l\u00e4nger als das Item Super-Lockparf\u00fcm.",
            "version_group": {
                "name": "lets-go-pikachu-lets-go-eevee",
                "url": "/api/v2/version-group/19/"
            }
        },
        {
            "language": {
                "name": "es",
                "url": "/api/v2/language/7/"
            },
            "text": "Colonia que atrae a los Pok\u00e9mon raros y cuyo efecto\nes algo m\u00e1s duradero que el de la Supercolonia.",
            "version_group": {
                "name": "lets-go-pikachu-lets-go-eevee",
                "url": "/api/v2/version-group/19/"
            }
        },
        {
            "language": {
                "name": "it",
                "url": "/api/v2/language/8/"
            },
            "text": "Profumo che attira Pok\u00e9mon rari.\nIl suo effetto dura pi\u00f9 a lungo di quello\ndel Superprofumo.",
            "version_group": {
                "name": "lets-go-pikachu-lets-go-eevee",
                "url": "/api/v2/version-group/19/"
            }
        },
        {
            "language": {
                "name": "en",
                "url": "/api/v2/language/9/"
            },
            "text": "A glass bottle of perfume that makes rare Pok\u00e9mon\nmore likely to appear. It lasts longer than a Super Lure.",
            "version_group": {
                "name": "lets-go-pikachu-lets-go-eevee",
                "url": "/api/v2/version-group/19/"
            }
        },
        {
            "language": {
                "name": "ja",
                "url": "/api/v2/language/11/"
            },
            "text": "\u4f7f\u3046\u3068\u3000\u73cd\u3057\u3044\u3000\u30dd\u30b1\u30e2\u30f3\u304c\n\u51fa\u3066\u3000\u304d\u3084\u3059\u304f\u3000\u306a\u308b\u3000\u9999\u6c34\u3002\n\u30b7\u30eb\u30d0\u30fc\u30b3\u30ed\u30f3\u3088\u308a\u3000\u9577\u304f\u3000\u3082\u3064\u3002",
            "version_group": {
                "name": "lets-go-pikachu-lets-go-eevee",
                "url": "/api/v2/version-group/19/"
            }
        },
        {
            "language": {
                "name": "zh-Hans",
                "url": "/api/v2/language/12/"
            },
            "text": "\u4f7f\u7528\u8be5\u9999\u6c34\u540e\uff0c\n\u7a00\u6709\u5b9d\u53ef\u68a6\u4f1a\u66f4\u5bb9\u6613\u51fa\u73b0\u3002\n\u6548\u679c\u6bd4\u767d\u94f6\u9999\u6c34\u66f4\u6301\u4e45\u3002",
            "version_group": {
                "name": "lets-go-pikachu-lets-go-eevee",
                "url": "/api/v2/version-group/19/"
            }
        },
        {
            "language": {
                "name": "ja-Hrkt",
                "url": "/api/v2/language/1/"
            },
            "text": "\u3064\u304b\u3046\u3068\u3000\u3081\u305a\u3089\u3057\u3044\u3000\u30dd\u30b1\u30e2\u30f3\u304c\n\u3067\u3066\u3000\u304d\u3084\u3059\u304f\u3000\u306a\u308b\u3000\u3053\u3046\u3059\u3044\u3002\n\u30b7\u30eb\u30d0\u30fc\u30b3\u30ed\u30f3\u3088\u308a\u3000\u306a\u304c\u304f\u3000\u3082\u3064\u3002",
            "version_group": {
                "name": "sword-shield",
                "url": "/api/v2/version-group/20/"
            }
        },
        {
            "language": {
                "name": "ko",
                "url": "/api/v2/language/3/"
            },
            "text": "\uc0ac\uc6a9\ud558\uba74 \ud76c\uadc0\ud55c \ud3ec\ucf13\ubaac\uc774\n\ub098\uc624\uae30 \uc26c\uc6cc\uc9c0\ub294 \ud5a5\uc218.\n\uc2e4\ubc84\ucf54\ub871\ubcf4\ub2e4 \ud6a8\uacfc\uac00 \uc624\ub798\uac04\ub2e4.",
            "version_group": {
                "name": "sword-shield",
                "url": "/api/v2/version-group/20/"
            }
        },
        {
            "language": {
                "name": "zh-Hant",
                "url": "/api/v2/language/4/"
            },
            "text": "\u4f7f\u7528\u5f8c\uff0c\u8b93\u7a00\u6709\u5bf6\u53ef\u5922\n\u8b8a\u5f97\u5bb9\u6613\u51fa\u73fe\u7684\u9999\u6c34\u3002\n\u6548\u679c\u6bd4\u767d\u9280\u9999\u6c34\u66f4\u6301\u4e45\u3002",
            "version_group": {
                "name": "sword-shield",
                "url": "/api/v2/version-group/20/"
            }
        },
        {
            "language": {
                "name": "fr",
                "url": "/api/v2/language/5/"
            },
            "text": "Une substance qui fait appara\u00eetre les Pok\u00e9mon rares\nplus facilement pendant une dur\u00e9e plus longue que\nle Super Parfum.",
            "version_group": {
                "name": "sword-shield",
                "url": "/api/v2/version-group/20/"
            }
        },
        {
            "language": {
                "name": "de",
                "url": "/api/v2/language/6/"
            },
            "text": "Ein Parf\u00fcm, das f\u00fcr kurze Zeit vermehrt seltene\nPok\u00e9mon erscheinen l\u00e4sst. Wirkt l\u00e4nger als das Item\nSuper-Lockparf\u00fcm.",
            "version_group": {
                "name": "sword-shield",
                "url": "/api/v2/version-group/20/"
            }
        },
        {
            "language": {
                "name": "es",
                "url": "/api/v2/language/7/"
            },
            "text": "Colonia que atrae a los Pok\u00e9mon raros y cuyo efecto\nes algo m\u00e1s duradero que el de la Supercolonia.",
            "version_group": {
                "name": "sword-shield",
                "url": "/api/v2/version-group/20/"
            }
        },
        {
            "language": {
                "name": "it",
                "url": "/api/v2/language/8/"
            },
            "text": "Profumo che attira Pok\u00e9mon rari.\nIl suo effetto dura pi\u00f9 a lungo di quello\ndel Superprofumo.",
            "version_group": {
                "name": "sword-shield",
                "url": "/api/v2/version-group/20/"
            }
        },
        {
            "language": {
                "name": "en",
                "url": "/api/v2/language/9/"
            },
            "text": "A glass bottle of perfume that makes rare Pok\u00e9mon\nmore likely to appear. It lasts longer than a Super Lure.",
            "version_group": {
                "name": "sword-shield",
                "url": "/api/v2/version-group/20/"
            }
        },
        {
            "language": {
                "name": "ja",
                "url": "/api/v2/language/11/"
            },
            "text": "\u4f7f\u3046\u3068\u3000\u73cd\u3057\u3044\u3000\u30dd\u30b1\u30e2\u30f3\u304c\n\u51fa\u3066\u3000\u304d\u3084\u3059\u304f\u3000\u306a\u308b\u3000\u9999\u6c34\u3002\n\u30b7\u30eb\u30d0\u30fc\u30b3\u30ed\u30f3\u3088\u308a\u3000\u9577\u304f\u3000\u3082\u3064\u3002",
            "version_group": {
                "name": "sword-shield",
                "url": "/api/v2/version-group/20/"
            }
        },
        {
            "language": {
                "name": "zh-Hans",
                "url": "/api/v2/language/12/"
            },
            "text": "\u4f7f\u7528\u8be5\u9999\u6c34\u540e\uff0c\n\u7a00\u6709\u5b9d\u53ef\u68a6\u4f1a\u66f4\u5bb9\u6613\u51fa\u73b0\u3002\n\u6548\u679c\u6bd4\u767d\u94f6\u9999\u6c34\u66f4\u6301\u4e45\u3002",
            "version_group": {
                "name": "sword-shield",
                "url": "/api/v2/version-group/20/"
            }
        }
    ],
    "fling_effect": null,
    "fling_power": 30,
    "game_indices": [
        {
            "game_index": 902,
            "generation": {
                "name": "generation-vii",
                "url": "/api/v2/generation/7/"
            }
        },
        {
            "game_index": 902,
            "generation": {
                "name": "generation-viii",
                "url": "/api/v2/generation/8/"
            }
        }
    ],
    "held_by_pokemon": [],
    "id": 1038,
    "machines": [],
    "name": "max-lure",
    "names": [
        {
            "language": {
                "name": "ja-Hrkt",
                "url": "/api/v2/language/1/"
            },
            "name": "\u30b4\u30fc\u30eb\u30c9\u30b3\u30ed\u30f3"
        },
        {
            "language": {
                "name": "ko",
                "url": "/api/v2/language/3/"
            },
            "name": "\uace8\ub4dc\ucf54\ub871"
        },
        {
            "language": {
                "name": "zh-Hant",
                "url": "/api/v2/language/4/"
            },
            "name": "\u9ec3\u91d1\u9999\u6c34"
        },
        {
            "language": {
                "name": "fr",
                "url": "/api/v2/language/5/"
            },
            "name": "Parfum Max"
        },
        {
            "language": {
                "name": "de",
                "url": "/api/v2/language/6/"
            },
            "name": "Top-Lockparf\u00fcm"
        },
        {
            "language": {
                "name": "es",
                "url": "/api/v2/language/7/"
            },
            "name": "Colonia M\u00e1xima"
        },
        {
            "language": {
                "name": "it",
                "url": "/api/v2/language/8/"
            },
            "name": "Profumo Max"
        },
        {
            "language": {
                "name": "en",
                "url": "/api/v2/language/9/"
            },
            "name": "Max Lure"
        },
        {
            "language": {
                "name": "ja",
                "url": "/api/v2/language/11/"
            },
            "name": "\u30b4\u30fc\u30eb\u30c9\u30b3\u30ed\u30f3"
        },
        {
            "language": {
                "name": "zh-Hans",
                "url": "/api/v2/language/12/"
            },
            "name": "\u9ec4\u91d1\u9999\u6c34"
        }
    ],
    "sprites": {
        "default": null
    }
}