{
    "attributes": [],
    "baby_trigger_for": null,
    "category": {
        "name": "all-machines",
        "url": "/api/v2/item-category/37/"
    },
    "cost": 4000,
    "effect_entries": [],
    "flavor_text_entries": [
        {
            "language": {
                "name": "ja-Hrkt",
                "url": "/api/v2/language/1/"
            },
            "text": "\u3057\u3093\u3074\u3066\u304d\u3067\u3000\u3061\u304b\u3089\u3065\u3088\u3044\u3000\u307e\u3044\u3092\n\u306f\u3052\u3057\u304f\u3000\u304a\u3069\u308b\u3002\u3000\u3058\u3076\u3093\u306e\n\u3053\u3046\u3052\u304d\u3068\u3000\u3059\u3070\u3084\u3055\u3092\u3000\u3042\u3052\u308b\u3002",
            "version_group": {
                "name": "sword-shield",
                "url": "/api/v2/version-group/20/"
            }
        },
        {
            "language": {
                "name": "ko",
                "url": "/api/v2/language/3/"
            },
            "text": "\uc2e0\ube44\ub86d\uace0 \ud798\uc13c \ucda4\uc744\n\uaca9\ub82c\ud558\uac8c \ucd98\ub2e4. \uc790\uc2e0\uc758\n\uacf5\uaca9\uacfc \uc2a4\ud53c\ub4dc\ub97c \uc62c\ub9b0\ub2e4.",
            "version_group": {
                "name": "sword-shield",
                "url": "/api/v2/version-group/20/"
            }
        },
        {
            "language": {
                "name": "zh-Hant",
                "url": "/api/v2/language/4/"
            },
            "text": "\u6fc0\u70c8\u5730\u8df3\u8d77\u795e\u79d8\u53c8\u5f37\u800c\u6709\u529b\u7684\u821e\u8e48\u3002\n\u63d0\u9ad8\u81ea\u5df1\u7684\u653b\u64ca\u548c\u901f\u5ea6\u3002",
            "version_group": {
                "name": "sword-shield",
                "url": "/api/v2/version-group/20/"
            }
        },
        {
            "language": {
                "name": "fr",
                "url": "/api/v2/language/5/"
            },
            "text": "Une danse mystique dont le rythme effr\u00e9n\u00e9\naugmente l\u2019Attaque et la Vitesse du lanceur.",
            "version_group": {
                "name": "sword-shield",
                "url": "/api/v2/version-group/20/"
            }
        },
        {
            "language": {
                "name": "de",
                "url": "/api/v2/language/6/"
            },
            "text": "Ein mystischer Tanz, der den Angriffs- und\nInitiative-Wert erh\u00f6ht.",
            "version_group": {
                "name": "sword-shield",
                "url": "/api/v2/version-group/20/"
            }
        },
        {
            "language": {
                "name": "es",
                "url": "/api/v2/language/7/"
            },
            "text": "Danza m\u00edstica que sube el Ataque y la Velocidad.",
            "version_group": {
                "name": "sword-shield",
                "url": "/api/v2/version-group/20/"
            }
        },
        {
            "language": {
                "name": "it",
                "url": "/api/v2/language/8/"
            },
            "text": "Danza mistica e vigorosa che aumenta l\u2019Attacco\ne la Velocit\u00e0 di chi la usa.",
            "version_group": {
                "name": "sword-shield",
                "url": "/api/v2/version-group/20/"
            }
        },
        {
            "language": {
                "name": "en",
                "url": "/api/v2/language/9/"
            },
            "text": "The user vigorously performs a mystic, powerful\ndance that raises its Attack and Speed stats.",
            "version_group": {
                "name": "sword-shield",
                "url": "/api/v2/version-group/20/"
            }
        },
        {
            "language": {
                "name": "ja",
                "url": "/api/v2/language/11/"
            },
            "text": "\u795e\u79d8\u7684\u3067\u3000\u529b\u5f37\u3044\u3000\u821e\u3092\n\u6fc0\u3057\u304f\u3000\u304a\u3069\u308b\u3002\u3000\u81ea\u5206\u306e\n\u653b\u6483\u3068\u3000\u7d20\u65e9\u3055\u3092\u3000\u3042\u3052\u308b\u3002",
            "version_group": {
                "name": "sword-shield",
                "url": "/api/v2/version-group/20/"
            }
        },
        {
            "language": {
                "name": "zh-Hans",
                "url": "/api/v2/language/12/"
            },
            "text": "\u6fc0\u70c8\u5730\u8df3\u8d77\u795e\u79d8\u4e14\n\u5f3a\u6709\u529b\u7684\u821e\u8e48\u3002\n\u4ece\u800c\u63d0\u9ad8\u81ea\u5df1\u7684\u653b\u51fb\u548c\u901f\u5ea6\u3002",
            "version_group": {
                "name": "sword-shield",
                "url": "/api/v2/version-group/20/"
            }
        }
    ],
    "fling_effect": null,
    "fling_power": 10,
    "game_indices": [
        {
            "game_index": 1181,
            "generation": {
                "name": "generation-viii",
                "url": "/api/v2/generation/8/"
            }
        }
    ],
    "held_by_pokemon": [],
    "id": 1239,
    "machines": [
        {
            "machine": {
                "url": "/api/v2/machine/1640/"
            },
            "version_group": {
                "name": "sword-shield",
                "url": "/api/v2/version-group/20/"
            }
        }
    ],
    "name": "tr51",
    "names": [
        {
            "language": {
                "name": "ja-Hrkt",
                "url": "/api/v2/language/1/"
            },
            "name": "\u308f\u3056\u30ec\u30b3\u30fc\u30c9\uff15\uff11"
        },
        {
            "language": {
                "name": "ko",
                "url": "/api/v2/language/3/"
            },
            "name": "\uae30\uc220\ub808\ucf54\ub4dc51"
        },
        {
            "language": {
                "name": "zh-Hant",
                "url": "/api/v2/language/4/"
            },
            "name": "\u62db\u5f0f\u7d00\u9304\uff15\uff11"
        },
        {
            "language": {
                "name": "fr",
                "url": "/api/v2/language/5/"
            },
            "name": "DT51"
        },
        {
            "language": {
                "name": "de",
                "url": "/api/v2/language/6/"
            },
            "name": "TP51"
        },
        {
            "language": {
                "name": "es",
                "url": "/api/v2/language/7/"
            },
            "name": "DT51"
        },
        {
            "language": {
                "name": "it",
                "url": "/api/v2/language/8/"
            },
            "name": "DT51"
        },
        {
            "language": {
                "name": "en",
                "url": "/api/v2/language/9/"
            },
            "name": "TR51"
        },
        {
            "language": {
                "name": "ja",
                "url": "/api/v2/language/11/"
            },
            "name": "\u308f\u3056\u30ec\u30b3\u30fc\u30c9\uff15\uff11"
        },
        {
            "language": {
                "name": "zh-Hans",
                "url": "/api/v2/language/12/"
            },
            "name": "\u62db\u5f0f\u8bb0\u5f55\uff15\uff11"
        }
    ],
    "sprites": {
        "default": null
    }
}