{
    "attributes": [],
    "baby_trigger_for": null,
    "category": {
        "name": "catching-bonus",
        "url": "/api/v2/item-category/48/"
    },
    "cost": 5000,
    "effect_entries": [],
    "flavor_text_entries": [
        {
            "language": {
                "name": "ja-Hrkt",
                "url": "/api/v2/language/1/"
            },
            "text": "\u30dd\u30b1\u30e2\u30f3\u306b\u3000\u3042\u305f\u3048\u308b\u3068\n\u304b\u306a\u308a\u3000\u3064\u304b\u307e\u3048\u3000\u3084\u3059\u304f\u306a\u308b\u3000\u304d\u306e\u307f\u3002",
            "version_group": {
                "name": "lets-go-pikachu-lets-go-eevee",
                "url": "/api/v2/version-group/19/"
            }
        },
        {
            "language": {
                "name": "ko",
                "url": "/api/v2/language/3/"
            },
            "text": "\ud3ec\ucf13\ubaac\uc5d0\uac8c \uc8fc\uba74\n\uc0c1\ub2f9\ud788 \uc7a1\uae30 \uc26c\uc6cc\uc9c0\ub294 \ub098\ubb34\uc5f4\ub9e4.",
            "version_group": {
                "name": "lets-go-pikachu-lets-go-eevee",
                "url": "/api/v2/version-group/19/"
            }
        },
        {
            "language": {
                "name": "zh-Hant",
                "url": "/api/v2/language/4/"
            },
            "text": "\u628a\u9019\u500b\u6a39\u679c\u9935\u7d66\u5bf6\u53ef\u5922\uff0c\n\u5c31\u80fd\u8b93\u7260\u5011\u8b8a\u5f97\u5341\u5206\u5bb9\u6613\u6355\u6349\u3002",
            "version_group": {
                "name": "lets-go-pikachu-lets-go-eevee",
                "url": "/api/v2/version-group/19/"
            }
        },
        {
            "language": {
                "name": "fr",
                "url": "/api/v2/language/5/"
            },
            "text": "Une Baie \u00e0 donner \u00e0 un Pok\u00e9mon sauvage pour pouvoir\nl\u2019attraper beaucoup plus facilement.",
            "version_group": {
                "name": "lets-go-pikachu-lets-go-eevee",
                "url": "/api/v2/version-group/19/"
            }
        },
        {
            "language": {
                "name": "de",
                "url": "/api/v2/language/6/"
            },
            "text": "Gibst du diese Beere einem Pok\u00e9mon zu essen,\nl\u00e4sst es sich viel leichter fangen.",
            "version_group": {
                "name": "lets-go-pikachu-lets-go-eevee",
                "url": "/api/v2/version-group/19/"
            }
        },
        {
            "language": {
                "name": "es",
                "url": "/api/v2/language/7/"
            },
            "text": "Una baya que puedes lanzar a un Pok\u00e9mon salvaje\npara que resulte mucho m\u00e1s f\u00e1cil capturarlo.",
            "version_group": {
                "name": "lets-go-pikachu-lets-go-eevee",
                "url": "/api/v2/version-group/19/"
            }
        },
        {
            "language": {
                "name": "it",
                "url": "/api/v2/language/8/"
            },
            "text": "Bacca che facilita di molto la cattura del Pok\u00e9mon\nselvatico a cui viene data.",
            "version_group": {
                "name": "lets-go-pikachu-lets-go-eevee",
                "url": "/api/v2/version-group/19/"
            }
        },
        {
            "language": {
                "name": "en",
                "url": "/api/v2/language/9/"
            },
            "text": "A Berry that makes it drastically easier to catch\nPok\u00e9mon when given to them.",
            "version_group": {
                "name": "lets-go-pikachu-lets-go-eevee",
                "url": "/api/v2/version-group/19/"
            }
        },
        {
            "language": {
                "name": "ja",
                "url": "/api/v2/language/11/"
            },
            "text": "\u30dd\u30b1\u30e2\u30f3\u306b\u3000\u3042\u305f\u3048\u308b\u3068\n\u304b\u306a\u308a\u3000\u6355\u307e\u3048\u3000\u3084\u3059\u304f\u306a\u308b\u3000\u304d\u306e\u307f\u3002",
            "version_group": {
                "name": "lets-go-pikachu-lets-go-eevee",
                "url": "/api/v2/version-group/19/"
            }
        },
        {
            "language": {
                "name": "zh-Hans",
                "url": "/api/v2/language/12/"
            },
            "text": "\u628a\u8fd9\u6811\u679c\u4ea4\u7ed9\u5b9d\u53ef\u68a6\u540e\uff0c\n\u5b9d\u53ef\u68a6\u5c31\u4f1a\u53d8\u5f97\u5341\u5206\u5bb9\u6613\u6355\u6349\u3002",
            "version_group": {
                "name": "lets-go-pikachu-lets-go-eevee",
                "url": "/api/v2/version-group/19/"
            }
        },
        {
            "language": {
                "name": "ja-Hrkt",
                "url": "/api/v2/language/1/"
            },
            "text": "\u30dd\u30b1\u30e2\u30f3\u306b\u3000\u3042\u305f\u3048\u308b\u3068\n\u304b\u306a\u308a\u3000\u3064\u304b\u307e\u3048\u3000\u3084\u3059\u304f\u306a\u308b\u3000\u304d\u306e\u307f\u3002",
            "version_group": {
                "name": "sword-shield",
                "url": "/api/v2/version-group/20/"
            }
        },
        {
            "language": {
                "name": "ko",
                "url": "/api/v2/language/3/"
            },
            "text": "\ud3ec\ucf13\ubaac\uc5d0\uac8c \uc8fc\uba74\n\uc0c1\ub2f9\ud788 \uc7a1\uae30 \uc26c\uc6cc\uc9c0\ub294 \ub098\ubb34\uc5f4\ub9e4.",
            "version_group": {
                "name": "sword-shield",
                "url": "/api/v2/version-group/20/"
            }
        },
        {
            "language": {
                "name": "zh-Hant",
                "url": "/api/v2/language/4/"
            },
            "text": "\u628a\u9019\u500b\u6a39\u679c\u9935\u7d66\u5bf6\u53ef\u5922\uff0c\n\u5c31\u80fd\u8b93\u7260\u5011\u8b8a\u5f97\u5341\u5206\u5bb9\u6613\u6355\u6349\u3002",
            "version_group": {
                "name": "sword-shield",
                "url": "/api/v2/version-group/20/"
            }
        },
        {
            "language": {
                "name": "fr",
                "url": "/api/v2/language/5/"
            },
            "text": "Une Baie \u00e0 donner \u00e0 un Pok\u00e9mon sauvage pour pouvoir\nl\u2019attraper beaucoup plus facilement.",
            "version_group": {
                "name": "sword-shield",
                "url": "/api/v2/version-group/20/"
            }
        },
        {
            "language": {
                "name": "de",
                "url": "/api/v2/language/6/"
            },
            "text": "Gibst du diese Beere einem Pok\u00e9mon zu essen,\nl\u00e4sst es sich viel leichter fangen.",
            "version_group": {
                "name": "sword-shield",
                "url": "/api/v2/version-group/20/"
            }
        },
        {
            "language": {
                "name": "es",
                "url": "/api/v2/language/7/"
            },
            "text": "Una baya que puedes lanzar a un Pok\u00e9mon salvaje\npara que resulte mucho m\u00e1s f\u00e1cil capturarlo.",
            "version_group": {
                "name": "sword-shield",
                "url": "/api/v2/version-group/20/"
            }
        },
        {
            "language": {
                "name": "it",
                "url": "/api/v2/language/8/"
            },
            "text": "Bacca che facilita di molto la cattura del Pok\u00e9mon\nselvatico a cui viene data.",
            "version_group": {
                "name": "sword-shield",
                "url": "/api/v2/version-group/20/"
            }
        },
        {
            "language": {
                "name": "en",
                "url": "/api/v2/language/9/"
            },
            "text": "A Berry that makes it drastically easier to catch\nPok\u00e9mon when given to them.",
            "version_group": {
                "name": "sword-shield",
                "url": "/api/v2/version-group/20/"
            }
        },
        {
            "language": {
                "name": "ja",
                "url": "/api/v2/language/11/"
            },
            "text": "\u30dd\u30b1\u30e2\u30f3\u306b\u3000\u3042\u305f\u3048\u308b\u3068\n\u304b\u306a\u308a\u3000\u6355\u307e\u3048\u3000\u3084\u3059\u304f\u306a\u308b\u3000\u304d\u306e\u307f\u3002",
            "version_group": {
                "name": "sword-shield",
                "url": "/api/v2/version-group/20/"
            }
        },
        {
            "language": {
                "name": "zh-Hans",
                "url": "/api/v2/language/12/"
            },
            "text": "\u628a\u8fd9\u6811\u679c\u4ea4\u7ed9\u5b9d\u53ef\u68a6\u540e\uff0c\n\u5b9d\u53ef\u68a6\u5c31\u4f1a\u53d8\u5f97\u5341\u5206\u5bb9\u6613\u6355\u6349\u3002",
            "version_group": {
                "name": "sword-shield",
                "url": "/api/v2/version-group/20/"
            }
        }
    ],
    "fling_effect": null,
    "fling_power": 10,
    "game_indices": [
        {
            "game_index": 862,
            "generation": {
                "name": "generation-vii",
                "url": "/api/v2/generation/7/"
            }
        },
        {
            "game_index": 862,
            "generation": {
                "name": "generation-viii",
                "url": "/api/v2/generation/8/"
            }
        }
    ],
    "held_by_pokemon": [],
    "id": 1015,
    "machines": [],
    "name": "golden-razz-berry",
    "names": [
        {
            "language": {
                "name": "ja-Hrkt",
                "url": "/api/v2/language/1/"
            },
            "name": "\u304d\u3093\u306e\u30ba\u30ea\u306e\u307f"
        },
        {
            "language": {
                "name": "ko",
                "url": "/api/v2/language/3/"
            },
            "name": "\ud669\uae08 \ub77c\uc988\uc5f4\ub9e4"
        },
        {
            "language": {
                "name": "zh-Hant",
                "url": "/api/v2/language/4/"
            },
            "name": "\u91d1\u8272\u8513\u8393\u679c"
        },
        {
            "language": {
                "name": "fr",
                "url": "/api/v2/language/5/"
            },
            "name": "Baie Framby dor\u00e9e"
        },
        {
            "language": {
                "name": "de",
                "url": "/api/v2/language/6/"
            },
            "name": "Goldene Himmihbeere"
        },
        {
            "language": {
                "name": "es",
                "url": "/api/v2/language/7/"
            },
            "name": "Baya Frambu Dorada"
        },
        {
            "language": {
                "name": "it",
                "url": "/api/v2/language/8/"
            },
            "name": "Baccalampon dorata"
        },
        {
            "language": {
                "name": "en",
                "url": "/api/v2/language/9/"
            },
            "name": "Golden Razz Berry"
        },
        {
            "language": {
                "name": "ja",
                "url": "/api/v2/language/11/"
            },
            "name": "\u304d\u3093\u306e\u30ba\u30ea\u306e\u307f"
        },
        {
            "language": {
                "name": "zh-Hans",
                "url": "/api/v2/language/12/"
            },
            "name": "\u91d1\u8272\u8513\u8393\u679c"
        }
    ],
    "sprites": {
        "default": null
    }
}