{
    "attributes": [],
    "baby_trigger_for": null,
    "category": {
        "name": "curry-ingredients",
        "url": "/api/v2/item-category/51/"
    },
    "cost": 400,
    "effect_entries": [],
    "flavor_text_entries": [
        {
            "language": {
                "name": "ja-Hrkt",
                "url": "/api/v2/language/1/"
            },
            "text": "\u30ad\u30e3\u30f3\u30d7\u306e\u3000\u308a\u3087\u3046\u308a\u306b\u3000\u3064\u304b\u3046\n\u3057\u3087\u304f\u3056\u3044\u306e\u3000\u3044\u3063\u3057\u3085\u3002\u3044\u308d\u3093\u306a\u3000\u30ad\u30ce\u30b3\u306e\n\u306f\u3054\u305f\u3048\u304c\u3000\u3057\u3087\u3063\u304b\u3093\u3092\u3000\u304b\u3048\u3066\u304f\u308c\u308b\u3002",
            "version_group": {
                "name": "sword-shield",
                "url": "/api/v2/version-group/20/"
            }
        },
        {
            "language": {
                "name": "ko",
                "url": "/api/v2/language/3/"
            },
            "text": "\ucea0\ud504 \uc694\ub9ac\uc5d0 \uc0ac\uc6a9\ub418\ub294\n\uc2dd\uc7ac\ub8cc \uc911 \ud558\ub098. \ub2e4\uc591\ud55c \ubc84\uc12f\uc758\n\uc9c8\uac10\uc774 \uc2dd\uac10\uc744 \ubc14\uafd4\uc900\ub2e4.",
            "version_group": {
                "name": "sword-shield",
                "url": "/api/v2/version-group/20/"
            }
        },
        {
            "language": {
                "name": "zh-Hant",
                "url": "/api/v2/language/4/"
            },
            "text": "\u88fd\u4f5c\u9732\u71df\u6599\u7406\u6642\u4f7f\u7528\u7684\u98df\u6750\u4e4b\u4e00\u3002\n\u5404\u7a2e\u83c7\u985e\u7684\u56bc\u52c1\n\u6703\u6539\u8b8a\u6599\u7406\u7684\u53e3\u611f\u3002",
            "version_group": {
                "name": "sword-shield",
                "url": "/api/v2/version-group/20/"
            }
        },
        {
            "language": {
                "name": "fr",
                "url": "/api/v2/language/5/"
            },
            "text": "Un ingr\u00e9dient de cuisine pour le camping.\nLa texture unique de chaque champignon\ninfluence la sensation en bouche du curry.",
            "version_group": {
                "name": "sword-shield",
                "url": "/api/v2/version-group/20/"
            }
        },
        {
            "language": {
                "name": "de",
                "url": "/api/v2/language/6/"
            },
            "text": "Eine Zutat f\u00fcr Pok\u00e9Camping-Mahlzeiten. Die Konsistenz\nder verschiedenen Pilzsorten verleiht dem Curry eine\nbesondere Note.",
            "version_group": {
                "name": "sword-shield",
                "url": "/api/v2/version-group/20/"
            }
        },
        {
            "language": {
                "name": "es",
                "url": "/api/v2/language/7/"
            },
            "text": "Un ingrediente para cocinar en el campamento. Los\ndistintos tipos de setas aportan diferentes texturas al\ncurri.",
            "version_group": {
                "name": "sword-shield",
                "url": "/api/v2/version-group/20/"
            }
        },
        {
            "language": {
                "name": "it",
                "url": "/api/v2/language/8/"
            },
            "text": "Uno degli ingredienti che puoi usare per cucinare\nin campeggio. La diversa consistenza dei vari tipi\ndi funghi dona al piatto un sapore ancora pi\u00f9 ricco.",
            "version_group": {
                "name": "sword-shield",
                "url": "/api/v2/version-group/20/"
            }
        },
        {
            "language": {
                "name": "en",
                "url": "/api/v2/language/9/"
            },
            "text": "One of the many ingredients that can be used for\ncooking at your camp. The chewy texture of the\nmushrooms transforms any dish they\u2019re added to.",
            "version_group": {
                "name": "sword-shield",
                "url": "/api/v2/version-group/20/"
            }
        },
        {
            "language": {
                "name": "ja",
                "url": "/api/v2/language/11/"
            },
            "text": "\u30ad\u30e3\u30f3\u30d7\u306e\u3000\u6599\u7406\u306b\u3000\u4f7f\u3046\n\u98df\u6750\u306e\u3000\u4e00\u7a2e\u3002\u3044\u308d\u3093\u306a\u3000\u30ad\u30ce\u30b3\u306e\n\u6b6f\u5fdc\u3048\u304c\u3000\u98df\u611f\u3092\u3000\u5909\u3048\u3066\u304f\u308c\u308b\u3002",
            "version_group": {
                "name": "sword-shield",
                "url": "/api/v2/version-group/20/"
            }
        },
        {
            "language": {
                "name": "zh-Hans",
                "url": "/api/v2/language/12/"
            },
            "text": "\u5728\u9732\u8425\u8425\u5730\u5236\u4f5c\u6599\u7406\u65f6\u4f1a\u4f7f\u7528\u7684\n\u4e00\u79cd\u98df\u6750\u3002\u5404\u79cd\u83cc\u83c7\u6df7\u5728\u4e00\u8d77\u7684\u56bc\u52b2\n\u4f1a\u4e3a\u53e3\u611f\u5e26\u6765\u53d8\u5316\u3002",
            "version_group": {
                "name": "sword-shield",
                "url": "/api/v2/version-group/20/"
            }
        }
    ],
    "fling_effect": null,
    "fling_power": 10,
    "game_indices": [
        {
            "game_index": 1090,
            "generation": {
                "name": "generation-viii",
                "url": "/api/v2/generation/8/"
            }
        }
    ],
    "held_by_pokemon": [],
    "id": 1150,
    "machines": [],
    "name": "mixed-mushrooms",
    "names": [
        {
            "language": {
                "name": "ja-Hrkt",
                "url": "/api/v2/language/1/"
            },
            "name": "\u30ad\u30ce\u30b3\u30d1\u30c3\u30af"
        },
        {
            "language": {
                "name": "ko",
                "url": "/api/v2/language/3/"
            },
            "name": "\ubc84\uc12f\ud329"
        },
        {
            "language": {
                "name": "zh-Hant",
                "url": "/api/v2/language/4/"
            },
            "name": "\u888b\u88dd\u8548\u83c7"
        },
        {
            "language": {
                "name": "fr",
                "url": "/api/v2/language/5/"
            },
            "name": "Champignons"
        },
        {
            "language": {
                "name": "de",
                "url": "/api/v2/language/6/"
            },
            "name": "Pilzmix"
        },
        {
            "language": {
                "name": "es",
                "url": "/api/v2/language/7/"
            },
            "name": "Setas"
        },
        {
            "language": {
                "name": "it",
                "url": "/api/v2/language/8/"
            },
            "name": "Funghi"
        },
        {
            "language": {
                "name": "en",
                "url": "/api/v2/language/9/"
            },
            "name": "Mixed Mushrooms"
        },
        {
            "language": {
                "name": "ja",
                "url": "/api/v2/language/11/"
            },
            "name": "\u30ad\u30ce\u30b3\u30d1\u30c3\u30af"
        },
        {
            "language": {
                "name": "zh-Hans",
                "url": "/api/v2/language/12/"
            },
            "name": "\u888b\u88c5\u8548\u83c7"
        }
    ],
    "sprites": {
        "default": null
    }
}