{
    "attributes": [],
    "baby_trigger_for": null,
    "category": {
        "name": "held-items",
        "url": "/api/v2/item-category/12/"
    },
    "cost": 4000,
    "effect_entries": [],
    "flavor_text_entries": [
        {
            "language": {
                "name": "ja-Hrkt",
                "url": "/api/v2/language/1/"
            },
            "text": "\u3081\u3044\u3061\u3085\u3046\u308a\u3064\u306b\u3000\u3088\u3063\u3066\n\u308f\u3056\u304c\u3000\u306f\u305a\u308c\u305f\u3068\u304d\n\u3059\u3070\u3084\u3055\u304c\u3000\u3050\u30fc\u3093\u3068\u3000\u3042\u304c\u308b\u3002",
            "version_group": {
                "name": "sword-shield",
                "url": "/api/v2/version-group/20/"
            }
        },
        {
            "language": {
                "name": "ko",
                "url": "/api/v2/language/3/"
            },
            "text": "\uba85\uc911\ub960\uc5d0 \uc758\ud574\n\uae30\uc220\uc774 \ube57\ub098\uac14\uc744 \ub54c\n\uc2a4\ud53c\ub4dc\uac00 \ud06c\uac8c \uc62c\ub77c\uac04\ub2e4.",
            "version_group": {
                "name": "sword-shield",
                "url": "/api/v2/version-group/20/"
            }
        },
        {
            "language": {
                "name": "zh-Hant",
                "url": "/api/v2/language/4/"
            },
            "text": "\u7576\u62db\u5f0f\u53d7\u547d\u4e2d\u7387\u5f71\u97ff\n\u800c\u672a\u80fd\u64ca\u4e2d\u5c0d\u624b\u6642\uff0c\n\u81ea\u5df1\u7684\u901f\u5ea6\u5c07\u5927\u5e45\u63d0\u9ad8\u3002",
            "version_group": {
                "name": "sword-shield",
                "url": "/api/v2/version-group/20/"
            }
        },
        {
            "language": {
                "name": "fr",
                "url": "/api/v2/language/5/"
            },
            "text": "Si un Pok\u00e9mon manque sa cible parce qu\u2019une capacit\u00e9\na peu de Pr\u00e9cision, sa Vitesse augmente beaucoup.",
            "version_group": {
                "name": "sword-shield",
                "url": "/api/v2/version-group/20/"
            }
        },
        {
            "language": {
                "name": "de",
                "url": "/api/v2/language/6/"
            },
            "text": "Schl\u00e4gt eine Attacke des Anwenders mangels\nGenauigkeit fehl, steigt im Gegenzug dessen\nInitiative stark an.",
            "version_group": {
                "name": "sword-shield",
                "url": "/api/v2/version-group/20/"
            }
        },
        {
            "language": {
                "name": "es",
                "url": "/api/v2/language/7/"
            },
            "text": "Aumenta mucho la Velocidad cuando el Pok\u00e9mon yerra\nel movimiento debido a la precisi\u00f3n.",
            "version_group": {
                "name": "sword-shield",
                "url": "/api/v2/version-group/20/"
            }
        },
        {
            "language": {
                "name": "it",
                "url": "/api/v2/language/8/"
            },
            "text": "Se una mossa non va a segno a causa della scarsa\nprecisione, la Velocit\u00e0 aumenta considerevolmente.",
            "version_group": {
                "name": "sword-shield",
                "url": "/api/v2/version-group/20/"
            }
        },
        {
            "language": {
                "name": "en",
                "url": "/api/v2/language/9/"
            },
            "text": "Raises Speed sharply when a Pok\u00e9mon misses with a\nmove because of accuracy.",
            "version_group": {
                "name": "sword-shield",
                "url": "/api/v2/version-group/20/"
            }
        },
        {
            "language": {
                "name": "ja",
                "url": "/api/v2/language/11/"
            },
            "text": "\u547d\u4e2d\u7387\u306b\u3000\u3088\u3063\u3066\n\u6280\u304c\u3000\u306f\u305a\u308c\u305f\u3068\u304d\n\u7d20\u65e9\u3055\u304c\u3000\u3050\u30fc\u3093\u3068\u3000\u4e0a\u304c\u308b\u3002",
            "version_group": {
                "name": "sword-shield",
                "url": "/api/v2/version-group/20/"
            }
        },
        {
            "language": {
                "name": "zh-Hans",
                "url": "/api/v2/language/12/"
            },
            "text": "\u62db\u5f0f\u56e0\u547d\u4e2d\u7387\u5f71\u54cd\u800c\u843d\u7a7a\u65f6\uff0c\n\u901f\u5ea6\u4f1a\u5927\u5e45\u63d0\u9ad8\u3002",
            "version_group": {
                "name": "sword-shield",
                "url": "/api/v2/version-group/20/"
            }
        }
    ],
    "fling_effect": null,
    "fling_power": 80,
    "game_indices": [
        {
            "game_index": 1121,
            "generation": {
                "name": "generation-viii",
                "url": "/api/v2/generation/8/"
            }
        }
    ],
    "held_by_pokemon": [],
    "id": 1179,
    "machines": [],
    "name": "blunder-policy",
    "names": [
        {
            "language": {
                "name": "ja-Hrkt",
                "url": "/api/v2/language/1/"
            },
            "name": "\u304b\u3089\u3076\u308a\u307b\u3051\u3093"
        },
        {
            "language": {
                "name": "ko",
                "url": "/api/v2/language/3/"
            },
            "name": "\ud5c8\ud0d5\ubcf4\ud5d8"
        },
        {
            "language": {
                "name": "zh-Hant",
                "url": "/api/v2/language/4/"
            },
            "name": "\u6253\u7a7a\u4fdd\u96aa"
        },
        {
            "language": {
                "name": "fr",
                "url": "/api/v2/language/5/"
            },
            "name": "Assurance \u00c9chec"
        },
        {
            "language": {
                "name": "de",
                "url": "/api/v2/language/6/"
            },
            "name": "Fehlschlagschutz"
        },
        {
            "language": {
                "name": "es",
                "url": "/api/v2/language/7/"
            },
            "name": "Seguro Fallo"
        },
        {
            "language": {
                "name": "it",
                "url": "/api/v2/language/8/"
            },
            "name": "Fiascopolizza"
        },
        {
            "language": {
                "name": "en",
                "url": "/api/v2/language/9/"
            },
            "name": "Blunder Policy"
        },
        {
            "language": {
                "name": "ja",
                "url": "/api/v2/language/11/"
            },
            "name": "\u304b\u3089\u3076\u308a\u307b\u3051\u3093"
        },
        {
            "language": {
                "name": "zh-Hans",
                "url": "/api/v2/language/12/"
            },
            "name": "\u6253\u7a7a\u4fdd\u9669"
        }
    ],
    "sprites": {
        "default": null
    }
}