{
    "attributes": [],
    "baby_trigger_for": null,
    "category": {
        "name": "all-machines",
        "url": "/api/v2/item-category/37/"
    },
    "cost": 4000,
    "effect_entries": [],
    "flavor_text_entries": [
        {
            "language": {
                "name": "ja-Hrkt",
                "url": "/api/v2/language/1/"
            },
            "text": "\u3061\u304b\u3089\u3092\u3000\u306c\u3044\u3066\u3000\u304b\u3089\u3060\u3092\u3000\u304b\u308b\u304f\u3057\u3066\n\u3053\u3046\u305d\u304f\u3067\u3000\u3046\u3054\u304f\u3002\n\u3058\u3076\u3093\u306e\u3000\u3059\u3070\u3084\u3055\u3092\u3000\u3050\u30fc\u3093\u3068\u3000\u3042\u3052\u308b\u3002",
            "version_group": {
                "name": "sword-shield",
                "url": "/api/v2/version-group/20/"
            }
        },
        {
            "language": {
                "name": "ko",
                "url": "/api/v2/language/3/"
            },
            "text": "\ud798\uc744 \ube7c\uace0 \ubab8\uc744 \uac00\ubccd\uac8c \ud574\uc11c\n\uace0\uc18d\uc73c\ub85c \uc6c0\uc9c1\uc778\ub2e4.\n\uc790\uc2e0\uc758 \uc2a4\ud53c\ub4dc\ub97c \ud06c\uac8c \uc62c\ub9b0\ub2e4.",
            "version_group": {
                "name": "sword-shield",
                "url": "/api/v2/version-group/20/"
            }
        },
        {
            "language": {
                "name": "zh-Hant",
                "url": "/api/v2/language/4/"
            },
            "text": "\u653e\u9b06\u8eab\u9ad4\uff0c\n\u8b93\u81ea\u5df1\u8b8a\u5f97\u8f15\u76c8\u4ee5\u9032\u884c\u9ad8\u901f\u79fb\u52d5\u3002\n\u53ef\u5927\u5e45\u63d0\u9ad8\u81ea\u5df1\u7684\u901f\u5ea6\u3002",
            "version_group": {
                "name": "sword-shield",
                "url": "/api/v2/version-group/20/"
            }
        },
        {
            "language": {
                "name": "fr",
                "url": "/api/v2/language/5/"
            },
            "text": "Le lanceur se relaxe et all\u00e8ge son corps pour beaucoup\naugmenter sa Vitesse.",
            "version_group": {
                "name": "sword-shield",
                "url": "/api/v2/version-group/20/"
            }
        },
        {
            "language": {
                "name": "de",
                "url": "/api/v2/language/6/"
            },
            "text": "Entspannt den K\u00f6rper, um den Initiative-Wert stark\nzu erh\u00f6hen.",
            "version_group": {
                "name": "sword-shield",
                "url": "/api/v2/version-group/20/"
            }
        },
        {
            "language": {
                "name": "es",
                "url": "/api/v2/language/7/"
            },
            "text": "Relaja el cuerpo para ganar mucha Velocidad.",
            "version_group": {
                "name": "sword-shield",
                "url": "/api/v2/version-group/20/"
            }
        },
        {
            "language": {
                "name": "it",
                "url": "/api/v2/language/8/"
            },
            "text": "Chi la usa rilassa e alleggerisce il proprio corpo\nper far salire di molto la Velocit\u00e0.",
            "version_group": {
                "name": "sword-shield",
                "url": "/api/v2/version-group/20/"
            }
        },
        {
            "language": {
                "name": "en",
                "url": "/api/v2/language/9/"
            },
            "text": "The user relaxes and lightens its body to move\nfaster. This sharply raises the Speed stat.",
            "version_group": {
                "name": "sword-shield",
                "url": "/api/v2/version-group/20/"
            }
        },
        {
            "language": {
                "name": "ja",
                "url": "/api/v2/language/11/"
            },
            "text": "\u529b\u3092\u3000\u306c\u3044\u3066\u3000\u4f53\u3092\u3000\u8efd\u304f\u3057\u3066\n\u9ad8\u901f\u3067\u3000\u52d5\u304f\u3002\n\u81ea\u5206\u306e\u3000\u7d20\u65e9\u3055\u3092\u3000\u3050\u30fc\u3093\u3068\u3000\u3042\u3052\u308b\u3002",
            "version_group": {
                "name": "sword-shield",
                "url": "/api/v2/version-group/20/"
            }
        },
        {
            "language": {
                "name": "zh-Hans",
                "url": "/api/v2/language/12/"
            },
            "text": "\u8ba9\u8eab\u4f53\u653e\u677e\u53d8\u5f97\u8f7b\u76c8\uff0c\n\u4ee5\u4fbf\u9ad8\u901f\u79fb\u52a8\u3002\n\u5927\u5e45\u63d0\u9ad8\u81ea\u5df1\u7684\u901f\u5ea6\u3002",
            "version_group": {
                "name": "sword-shield",
                "url": "/api/v2/version-group/20/"
            }
        }
    ],
    "fling_effect": null,
    "fling_power": 10,
    "game_indices": [
        {
            "game_index": 1142,
            "generation": {
                "name": "generation-viii",
                "url": "/api/v2/generation/8/"
            }
        }
    ],
    "held_by_pokemon": [],
    "id": 1200,
    "machines": [
        {
            "machine": {
                "url": "/api/v2/machine/1601/"
            },
            "version_group": {
                "name": "sword-shield",
                "url": "/api/v2/version-group/20/"
            }
        }
    ],
    "name": "tr12",
    "names": [
        {
            "language": {
                "name": "ja-Hrkt",
                "url": "/api/v2/language/1/"
            },
            "name": "\u308f\u3056\u30ec\u30b3\u30fc\u30c9\uff11\uff12"
        },
        {
            "language": {
                "name": "ko",
                "url": "/api/v2/language/3/"
            },
            "name": "\uae30\uc220\ub808\ucf54\ub4dc12"
        },
        {
            "language": {
                "name": "zh-Hant",
                "url": "/api/v2/language/4/"
            },
            "name": "\u62db\u5f0f\u7d00\u9304\uff11\uff12"
        },
        {
            "language": {
                "name": "fr",
                "url": "/api/v2/language/5/"
            },
            "name": "DT12"
        },
        {
            "language": {
                "name": "de",
                "url": "/api/v2/language/6/"
            },
            "name": "TP12"
        },
        {
            "language": {
                "name": "es",
                "url": "/api/v2/language/7/"
            },
            "name": "DT12"
        },
        {
            "language": {
                "name": "it",
                "url": "/api/v2/language/8/"
            },
            "name": "DT12"
        },
        {
            "language": {
                "name": "en",
                "url": "/api/v2/language/9/"
            },
            "name": "TR12"
        },
        {
            "language": {
                "name": "ja",
                "url": "/api/v2/language/11/"
            },
            "name": "\u308f\u3056\u30ec\u30b3\u30fc\u30c9\uff11\uff12"
        },
        {
            "language": {
                "name": "zh-Hans",
                "url": "/api/v2/language/12/"
            },
            "name": "\u62db\u5f0f\u8bb0\u5f55\uff11\uff12"
        }
    ],
    "sprites": {
        "default": null
    }
}