{
    "attributes": [],
    "baby_trigger_for": null,
    "category": {
        "name": "vitamins",
        "url": "/api/v2/item-category/26/"
    },
    "cost": 20,
    "effect_entries": [],
    "flavor_text_entries": [
        {
            "language": {
                "name": "ja-Hrkt",
                "url": "/api/v2/language/1/"
            },
            "text": "\u30a8\u30cd\u30eb\u30ae\u30fc\u306e\u3000\u3064\u307e\u3063\u305f\u3000\u304a\u304a\u304d\u3044\u3000\u30a2\u30e1\u3002\n\u30ec\u30d9\u30eb\uff13\uff10\u3000\u3044\u3058\u3087\u3046\u306e\u3000\u30dd\u30b1\u30e2\u30f3\u306e\n\u3068\u304f\u307c\u3046\u3092\u3000\u3042\u3052\u308b\u3002",
            "version_group": {
                "name": "lets-go-pikachu-lets-go-eevee",
                "url": "/api/v2/version-group/19/"
            }
        },
        {
            "language": {
                "name": "ko",
                "url": "/api/v2/language/3/"
            },
            "text": "\uc5d0\ub108\uc9c0\uac00 \uac00\ub4dd\ud55c \ud070 \uc0ac\ud0d5.\n\ub808\ubca8 30 \uc774\uc0c1\uc778 \ud3ec\ucf13\ubaac\uc758\n\ud2b9\uc218\ubc29\uc5b4\ub97c \uc62c\ub9b0\ub2e4.",
            "version_group": {
                "name": "lets-go-pikachu-lets-go-eevee",
                "url": "/api/v2/version-group/19/"
            }
        },
        {
            "language": {
                "name": "zh-Hant",
                "url": "/api/v2/language/4/"
            },
            "text": "\u5145\u6eff\u80fd\u91cf\u7684\u5927\u7cd6\u679c\u3002\n\u80fd\u63d0\u9ad8\u7b49\u7d1a\u572830\u4ee5\u4e0a\u7684\n\u5bf6\u53ef\u5922\u7684\u7279\u9632\u3002",
            "version_group": {
                "name": "lets-go-pikachu-lets-go-eevee",
                "url": "/api/v2/version-group/19/"
            }
        },
        {
            "language": {
                "name": "fr",
                "url": "/api/v2/language/5/"
            },
            "text": "Un gros bonbon plein d\u2019\u00e9nergie.\nIl augmente la D\u00e9fense Sp\u00e9ciale d\u2019un Pok\u00e9mon\nde niveau 30 ou sup\u00e9rieur.",
            "version_group": {
                "name": "lets-go-pikachu-lets-go-eevee",
                "url": "/api/v2/version-group/19/"
            }
        },
        {
            "language": {
                "name": "de",
                "url": "/api/v2/language/6/"
            },
            "text": "Ein gro\u00dfes Bonbon, das voller Energie steckt.\nErh\u00f6ht dauerhaft die Spezial-Verteidigung eines\nPok\u00e9mon ab Level 30.",
            "version_group": {
                "name": "lets-go-pikachu-lets-go-eevee",
                "url": "/api/v2/version-group/19/"
            }
        },
        {
            "language": {
                "name": "es",
                "url": "/api/v2/language/7/"
            },
            "text": "Caramelo energ\u00e9tico grande que aumenta la Defensa\nEspecial de un Pok\u00e9mon de Nv. 30 o superior.",
            "version_group": {
                "name": "lets-go-pikachu-lets-go-eevee",
                "url": "/api/v2/version-group/19/"
            }
        },
        {
            "language": {
                "name": "it",
                "url": "/api/v2/language/8/"
            },
            "text": "Una caramella piena zeppa di energia.\nAumenta la Difesa Speciale di un Pok\u00e9mon\ndi livello 30 o superiore.",
            "version_group": {
                "name": "lets-go-pikachu-lets-go-eevee",
                "url": "/api/v2/version-group/19/"
            }
        },
        {
            "language": {
                "name": "en",
                "url": "/api/v2/language/9/"
            },
            "text": "A big candy that is packed with energy. When given to\na Pok\u00e9mon at Lv. 30 or higher, it will increase that\nPok\u00e9mon\u2019s Sp. Def stat.",
            "version_group": {
                "name": "lets-go-pikachu-lets-go-eevee",
                "url": "/api/v2/version-group/19/"
            }
        },
        {
            "language": {
                "name": "ja",
                "url": "/api/v2/language/11/"
            },
            "text": "\u30a8\u30cd\u30eb\u30ae\u30fc\u306e\u3000\u3064\u307e\u3063\u305f\u3000\u5927\u304d\u3044\u3000\u30a2\u30e1\u3002\n\u30ec\u30d9\u30eb\uff13\uff10\u3000\u4ee5\u4e0a\u306e\u3000\u30dd\u30b1\u30e2\u30f3\u306e\n\u3068\u304f\u307c\u3046\u3092\u3000\u4e0a\u3052\u308b\u3002",
            "version_group": {
                "name": "lets-go-pikachu-lets-go-eevee",
                "url": "/api/v2/version-group/19/"
            }
        },
        {
            "language": {
                "name": "zh-Hans",
                "url": "/api/v2/language/12/"
            },
            "text": "\u5145\u6ee1\u80fd\u91cf\u7684\u5927\u7cd6\u679c\u3002\n\u80fd\u8ba9\u7b49\u7ea730\u4ee5\u4e0a\u7684\n\u5b9d\u53ef\u68a6\u7684\u7279\u9632\u4e0a\u5347\u3002",
            "version_group": {
                "name": "lets-go-pikachu-lets-go-eevee",
                "url": "/api/v2/version-group/19/"
            }
        },
        {
            "language": {
                "name": "ja-Hrkt",
                "url": "/api/v2/language/1/"
            },
            "text": "\u30a8\u30cd\u30eb\u30ae\u30fc\u306e\u3000\u3064\u307e\u3063\u305f\u3000\u304a\u304a\u304d\u3044\u3000\u30a2\u30e1\u3002\n\u30ec\u30d9\u30eb\uff13\uff10\u3000\u3044\u3058\u3087\u3046\u306e\u3000\u30dd\u30b1\u30e2\u30f3\u306e\n\u3068\u304f\u307c\u3046\u3092\u3000\u3042\u3052\u308b\u3002",
            "version_group": {
                "name": "sword-shield",
                "url": "/api/v2/version-group/20/"
            }
        },
        {
            "language": {
                "name": "ko",
                "url": "/api/v2/language/3/"
            },
            "text": "\uc5d0\ub108\uc9c0\uac00 \uac00\ub4dd\ud55c \ud070 \uc0ac\ud0d5.\n\ub808\ubca8 30 \uc774\uc0c1\uc778 \ud3ec\ucf13\ubaac\uc758\n\ud2b9\uc218\ubc29\uc5b4\ub97c \uc62c\ub9b0\ub2e4.",
            "version_group": {
                "name": "sword-shield",
                "url": "/api/v2/version-group/20/"
            }
        },
        {
            "language": {
                "name": "zh-Hant",
                "url": "/api/v2/language/4/"
            },
            "text": "\u5145\u6eff\u80fd\u91cf\u7684\u5927\u7cd6\u679c\u3002\n\u80fd\u63d0\u9ad8\u7b49\u7d1a\u5728\uff13\uff10\u4ee5\u4e0a\u7684\n\u5bf6\u53ef\u5922\u7684\u7279\u9632\u3002",
            "version_group": {
                "name": "sword-shield",
                "url": "/api/v2/version-group/20/"
            }
        },
        {
            "language": {
                "name": "fr",
                "url": "/api/v2/language/5/"
            },
            "text": "Un gros bonbon plein d\u2019\u00e9nergie.\nIl augmente la D\u00e9fense Sp\u00e9ciale d\u2019un Pok\u00e9mon\nde niveau 30 ou sup\u00e9rieur.",
            "version_group": {
                "name": "sword-shield",
                "url": "/api/v2/version-group/20/"
            }
        },
        {
            "language": {
                "name": "de",
                "url": "/api/v2/language/6/"
            },
            "text": "Ein gro\u00dfes Bonbon, das voller Energie steckt.\nErh\u00f6ht dauerhaft die Spezial-Verteidigung eines\nPok\u00e9mon ab Level 30.",
            "version_group": {
                "name": "sword-shield",
                "url": "/api/v2/version-group/20/"
            }
        },
        {
            "language": {
                "name": "es",
                "url": "/api/v2/language/7/"
            },
            "text": "Caramelo energ\u00e9tico grande que aumenta la Defensa\nEspecial de un Pok\u00e9mon de Nv. 30 o superior.",
            "version_group": {
                "name": "sword-shield",
                "url": "/api/v2/version-group/20/"
            }
        },
        {
            "language": {
                "name": "it",
                "url": "/api/v2/language/8/"
            },
            "text": "Una caramella piena zeppa di energia.\nAumenta la Difesa Speciale di un Pok\u00e9mon\ndi livello 30 o superiore.",
            "version_group": {
                "name": "sword-shield",
                "url": "/api/v2/version-group/20/"
            }
        },
        {
            "language": {
                "name": "en",
                "url": "/api/v2/language/9/"
            },
            "text": "A big candy that is packed with energy. When given to\na Pok\u00e9mon at Lv. 30 or higher, it will increase that\nPok\u00e9mon\u2019s Sp. Def stat.",
            "version_group": {
                "name": "sword-shield",
                "url": "/api/v2/version-group/20/"
            }
        },
        {
            "language": {
                "name": "ja",
                "url": "/api/v2/language/11/"
            },
            "text": "\u30a8\u30cd\u30eb\u30ae\u30fc\u306e\u3000\u3064\u307e\u3063\u305f\u3000\u5927\u304d\u3044\u3000\u30a2\u30e1\u3002\n\u30ec\u30d9\u30eb\uff13\uff10\u3000\u4ee5\u4e0a\u306e\u3000\u30dd\u30b1\u30e2\u30f3\u306e\n\u3068\u304f\u307c\u3046\u3092\u3000\u4e0a\u3052\u308b\u3002",
            "version_group": {
                "name": "sword-shield",
                "url": "/api/v2/version-group/20/"
            }
        },
        {
            "language": {
                "name": "zh-Hans",
                "url": "/api/v2/language/12/"
            },
            "text": "\u5145\u6ee1\u80fd\u91cf\u7684\u5927\u7cd6\u679c\u3002\n\u80fd\u8ba9\u7b49\u7ea7\uff13\uff10\u4ee5\u4e0a\u7684\n\u5b9d\u53ef\u68a6\u7684\u7279\u9632\u4e0a\u5347\u3002",
            "version_group": {
                "name": "sword-shield",
                "url": "/api/v2/version-group/20/"
            }
        }
    ],
    "fling_effect": null,
    "fling_power": null,
    "game_indices": [
        {
            "game_index": 970,
            "generation": {
                "name": "generation-vii",
                "url": "/api/v2/generation/7/"
            }
        },
        {
            "game_index": 970,
            "generation": {
                "name": "generation-viii",
                "url": "/api/v2/generation/8/"
            }
        }
    ],
    "held_by_pokemon": [],
    "id": 1050,
    "machines": [],
    "name": "courage-candy-l",
    "names": [
        {
            "language": {
                "name": "ja-Hrkt",
                "url": "/api/v2/language/1/"
            },
            "name": "\u3053\u3053\u308d\u306e\u30a2\u30e1\uff2c"
        },
        {
            "language": {
                "name": "ko",
                "url": "/api/v2/language/3/"
            },
            "name": "\ub9c8\uc74c\uc758\uc0ac\ud0d5L"
        },
        {
            "language": {
                "name": "zh-Hant",
                "url": "/api/v2/language/4/"
            },
            "name": "\u5fc3\u9748\u7cd6\u679c\uff2c"
        },
        {
            "language": {
                "name": "fr",
                "url": "/api/v2/language/5/"
            },
            "name": "Bonbon Mental M"
        },
        {
            "language": {
                "name": "de",
                "url": "/api/v2/language/6/"
            },
            "name": "Mentalbonbon+"
        },
        {
            "language": {
                "name": "es",
                "url": "/api/v2/language/7/"
            },
            "name": "Caramelo Mente +"
        },
        {
            "language": {
                "name": "it",
                "url": "/api/v2/language/8/"
            },
            "name": "Caramella intuito M"
        },
        {
            "language": {
                "name": "en",
                "url": "/api/v2/language/9/"
            },
            "name": "Courage Candy L"
        },
        {
            "language": {
                "name": "ja",
                "url": "/api/v2/language/11/"
            },
            "name": "\u3053\u3053\u308d\u306e\u30a2\u30e1\uff2c"
        },
        {
            "language": {
                "name": "zh-Hans",
                "url": "/api/v2/language/12/"
            },
            "name": "\u5fc3\u7075\u7cd6\u679c\uff2c"
        }
    ],
    "sprites": {
        "default": null
    }
}