{
    "attributes": [],
    "baby_trigger_for": null,
    "category": {
        "name": "all-machines",
        "url": "/api/v2/item-category/37/"
    },
    "cost": 4000,
    "effect_entries": [],
    "flavor_text_entries": [
        {
            "language": {
                "name": "ja-Hrkt",
                "url": "/api/v2/language/1/"
            },
            "text": "\u3042\u3044\u3066\u306e\u3000\u3042\u3057\u3082\u3068\u306b\u3000\u3069\u304f\u3073\u3057\u3092\n\u3057\u304b\u3051\u308b\u3002\u3000\u3053\u3046\u305f\u3044\u3067\u3000\u3067\u3066\u304d\u305f\u3000\u3042\u3044\u3066\u306e\n\u30dd\u30b1\u30e2\u30f3\u306b\u3000\u3069\u304f\u3092\u3000\u304a\u308f\u305b\u308b\u3002",
            "version_group": {
                "name": "sword-shield",
                "url": "/api/v2/version-group/20/"
            }
        },
        {
            "language": {
                "name": "ko",
                "url": "/api/v2/language/3/"
            },
            "text": "\uc0c1\ub300\uc758 \ubc1c\ubc11\uc5d0 \ub3c5 \uc555\uc815\uc744\n\ubfcc\ub9b0\ub2e4. \uad50\uccb4\ub85c \ub098\uc628 \uc0c1\ub300\n\ud3ec\ucf13\ubaac\uc5d0\uac8c \ub3c5\uc744 \ud37c\uc9c0\uac8c \ud55c\ub2e4.",
            "version_group": {
                "name": "sword-shield",
                "url": "/api/v2/version-group/20/"
            }
        },
        {
            "language": {
                "name": "zh-Hant",
                "url": "/api/v2/language/4/"
            },
            "text": "\u5728\u5c0d\u624b\u8173\u4e0b\u6563\u5e03\u6bd2\u83f1\u3002\n\u8b93\u5c0d\u624b\u66ff\u63db\u51fa\u5834\u7684\u5bf6\u53ef\u5922\n\u9677\u5165\u4e2d\u6bd2\u72c0\u614b\u3002",
            "version_group": {
                "name": "sword-shield",
                "url": "/api/v2/version-group/20/"
            }
        },
        {
            "language": {
                "name": "fr",
                "url": "/api/v2/language/5/"
            },
            "text": "Lance des pics autour de l\u2019ennemi.\nIls empoisonnent les ennemis qui entrent au combat.",
            "version_group": {
                "name": "sword-shield",
                "url": "/api/v2/version-group/20/"
            }
        },
        {
            "language": {
                "name": "de",
                "url": "/api/v2/language/6/"
            },
            "text": "Anwender legt eine Falle mit Giftdornen aus. In den\nKampf eingewechselte gegnerische Pok\u00e9mon werden\nvergiftet.",
            "version_group": {
                "name": "sword-shield",
                "url": "/api/v2/version-group/20/"
            }
        },
        {
            "language": {
                "name": "es",
                "url": "/api/v2/language/7/"
            },
            "text": "Lanza una trampa de p\u00faas t\u00f3xicas a los pies del\nobjetivo. El veneno afecta a los Pok\u00e9mon oponentes\nque entran en combate.",
            "version_group": {
                "name": "sword-shield",
                "url": "/api/v2/version-group/20/"
            }
        },
        {
            "language": {
                "name": "it",
                "url": "/api/v2/language/8/"
            },
            "text": "Chi la usa piazza una trappola di punte che\navvelenano i nemici che scendono in campo.",
            "version_group": {
                "name": "sword-shield",
                "url": "/api/v2/version-group/20/"
            }
        },
        {
            "language": {
                "name": "en",
                "url": "/api/v2/language/9/"
            },
            "text": "The user lays a trap of poison spikes at the feet of\nthe opposing team. The spikes will poison opposing\nPok\u00e9mon that switch into battle.",
            "version_group": {
                "name": "sword-shield",
                "url": "/api/v2/version-group/20/"
            }
        },
        {
            "language": {
                "name": "ja",
                "url": "/api/v2/language/11/"
            },
            "text": "\u76f8\u624b\u306e\u3000\u8db3\u4e0b\u306b\u3000\u3069\u304f\u3073\u3057\u3092\n\u3057\u304b\u3051\u308b\u3002\u3000\u4ea4\u4ee3\u3067\u3000\u3067\u3066\u304d\u305f\u3000\u76f8\u624b\u306e\n\u30dd\u30b1\u30e2\u30f3\u306b\u3000\u6bd2\u3092\u3000\u304a\u308f\u305b\u308b\u3002",
            "version_group": {
                "name": "sword-shield",
                "url": "/api/v2/version-group/20/"
            }
        },
        {
            "language": {
                "name": "zh-Hans",
                "url": "/api/v2/language/12/"
            },
            "text": "\u5728\u5bf9\u624b\u7684\u811a\u4e0b\u6492\u6bd2\u83f1\u3002\n\u4f7f\u5bf9\u624b\u66ff\u6362\u51fa\u573a\u7684\u5b9d\u53ef\u68a6\u4e2d\u6bd2\u3002",
            "version_group": {
                "name": "sword-shield",
                "url": "/api/v2/version-group/20/"
            }
        }
    ],
    "fling_effect": null,
    "fling_power": 10,
    "game_indices": [
        {
            "game_index": 1184,
            "generation": {
                "name": "generation-viii",
                "url": "/api/v2/generation/8/"
            }
        }
    ],
    "held_by_pokemon": [],
    "id": 1242,
    "machines": [
        {
            "machine": {
                "url": "/api/v2/machine/1643/"
            },
            "version_group": {
                "name": "sword-shield",
                "url": "/api/v2/version-group/20/"
            }
        }
    ],
    "name": "tr54",
    "names": [
        {
            "language": {
                "name": "ja-Hrkt",
                "url": "/api/v2/language/1/"
            },
            "name": "\u308f\u3056\u30ec\u30b3\u30fc\u30c9\uff15\uff14"
        },
        {
            "language": {
                "name": "ko",
                "url": "/api/v2/language/3/"
            },
            "name": "\uae30\uc220\ub808\ucf54\ub4dc54"
        },
        {
            "language": {
                "name": "zh-Hant",
                "url": "/api/v2/language/4/"
            },
            "name": "\u62db\u5f0f\u7d00\u9304\uff15\uff14"
        },
        {
            "language": {
                "name": "fr",
                "url": "/api/v2/language/5/"
            },
            "name": "DT54"
        },
        {
            "language": {
                "name": "de",
                "url": "/api/v2/language/6/"
            },
            "name": "TP54"
        },
        {
            "language": {
                "name": "es",
                "url": "/api/v2/language/7/"
            },
            "name": "DT54"
        },
        {
            "language": {
                "name": "it",
                "url": "/api/v2/language/8/"
            },
            "name": "DT54"
        },
        {
            "language": {
                "name": "en",
                "url": "/api/v2/language/9/"
            },
            "name": "TR54"
        },
        {
            "language": {
                "name": "ja",
                "url": "/api/v2/language/11/"
            },
            "name": "\u308f\u3056\u30ec\u30b3\u30fc\u30c9\uff15\uff14"
        },
        {
            "language": {
                "name": "zh-Hans",
                "url": "/api/v2/language/12/"
            },
            "name": "\u62db\u5f0f\u8bb0\u5f55\uff15\uff14"
        }
    ],
    "sprites": {
        "default": null
    }
}