{
    "attributes": [],
    "baby_trigger_for": null,
    "category": {
        "name": "all-machines",
        "url": "/api/v2/item-category/37/"
    },
    "cost": 16000,
    "effect_entries": [],
    "flavor_text_entries": [
        {
            "language": {
                "name": "ja-Hrkt",
                "url": "/api/v2/language/1/"
            },
            "text": "\u30d5\u30eb\u30d1\u30ef\u30fc\u3067\u3000\u3042\u3044\u3066\u3092\u3000\u3053\u3046\u3052\u304d\u3059\u308b\u3002\n\u3064\u304b\u3046\u3068\u3000\u306f\u3093\u3069\u3046\u3067\n\u3058\u3076\u3093\u306e\u3000\u3068\u304f\u3053\u3046\u304c\u3000\u304c\u304f\u3063\u3068\u3000\u3055\u304c\u308b\u3002",
            "version_group": {
                "name": "sword-shield",
                "url": "/api/v2/version-group/20/"
            }
        },
        {
            "language": {
                "name": "ko",
                "url": "/api/v2/language/3/"
            },
            "text": "\ud480 \ud30c\uc6cc\ub85c \uc0c1\ub300\ub97c \uacf5\uaca9\ud55c\ub2e4.\n\uc4f0\uba74 \ubc18\ub3d9\uc73c\ub85c\n\uc790\uc2e0\uc758 \ud2b9\uc218\uacf5\uaca9\uc774 \ud06c\uac8c \ub5a8\uc5b4\uc9c4\ub2e4.",
            "version_group": {
                "name": "sword-shield",
                "url": "/api/v2/version-group/20/"
            }
        },
        {
            "language": {
                "name": "zh-Hant",
                "url": "/api/v2/language/4/"
            },
            "text": "\u91cb\u653e\u5168\u90e8\u80fd\u91cf\u653b\u64ca\u5c0d\u624b\u3002\n\u4f7f\u7528\u5f8c\u56e0\u70ba\u53cd\u4f5c\u7528\u529b\uff0c\n\u81ea\u5df1\u7684\u7279\u653b\u6703\u5927\u5e45\u964d\u4f4e\u3002",
            "version_group": {
                "name": "sword-shield",
                "url": "/api/v2/version-group/20/"
            }
        },
        {
            "language": {
                "name": "fr",
                "url": "/api/v2/language/5/"
            },
            "text": "Attaque l\u2019ennemi \u00e0 pleine puissance.\nLe contrecoup baisse beaucoup l\u2019Attaque Sp\u00e9ciale\ndu lanceur.",
            "version_group": {
                "name": "sword-shield",
                "url": "/api/v2/version-group/20/"
            }
        },
        {
            "language": {
                "name": "de",
                "url": "/api/v2/language/6/"
            },
            "text": "Angriff mit voller Kraft, der den Spezial-Angriff des\nAnwenders durch den R\u00fccksto\u00df stark senkt.",
            "version_group": {
                "name": "sword-shield",
                "url": "/api/v2/version-group/20/"
            }
        },
        {
            "language": {
                "name": "es",
                "url": "/api/v2/language/7/"
            },
            "text": "Ataque en toda regla que baja mucho el Ataque\nEspecial de quien lo usa.",
            "version_group": {
                "name": "sword-shield",
                "url": "/api/v2/version-group/20/"
            }
        },
        {
            "language": {
                "name": "it",
                "url": "/api/v2/language/8/"
            },
            "text": "Chi la usa sferra un potente attacco, ma il contraccolpo\nriduce di molto il suo Attacco Speciale.",
            "version_group": {
                "name": "sword-shield",
                "url": "/api/v2/version-group/20/"
            }
        },
        {
            "language": {
                "name": "en",
                "url": "/api/v2/language/9/"
            },
            "text": "The user attacks the target at full power. The attack\u2019s\nrecoil harshly lowers the user\u2019s Sp. Atk stat.",
            "version_group": {
                "name": "sword-shield",
                "url": "/api/v2/version-group/20/"
            }
        },
        {
            "language": {
                "name": "ja",
                "url": "/api/v2/language/11/"
            },
            "text": "\u30d5\u30eb\u30d1\u30ef\u30fc\u3067\u3000\u76f8\u624b\u3092\u3000\u653b\u6483\u3059\u308b\u3002\n\u4f7f\u3046\u3068\u3000\u53cd\u52d5\u3067\n\u81ea\u5206\u306e\u3000\u7279\u653b\u304c\u3000\u304c\u304f\u3063\u3068\u3000\u3055\u304c\u308b\u3002",
            "version_group": {
                "name": "sword-shield",
                "url": "/api/v2/version-group/20/"
            }
        },
        {
            "language": {
                "name": "zh-Hans",
                "url": "/api/v2/language/12/"
            },
            "text": "\u4f7f\u51fa\u5168\u90e8\u529b\u91cf\u653b\u51fb\u5bf9\u624b\u3002\n\u4f7f\u7528\u4e4b\u540e\u4f1a\u56e0\u4e3a\u53cd\u4f5c\u7528\u529b\uff0c\n\u81ea\u5df1\u7684\u7279\u653b\u5927\u5e45\u964d\u4f4e\u3002",
            "version_group": {
                "name": "sword-shield",
                "url": "/api/v2/version-group/20/"
            }
        }
    ],
    "fling_effect": null,
    "fling_power": 130,
    "game_indices": [
        {
            "game_index": 1173,
            "generation": {
                "name": "generation-viii",
                "url": "/api/v2/generation/8/"
            }
        }
    ],
    "held_by_pokemon": [],
    "id": 1231,
    "machines": [
        {
            "machine": {
                "url": "/api/v2/machine/1632/"
            },
            "version_group": {
                "name": "sword-shield",
                "url": "/api/v2/version-group/20/"
            }
        }
    ],
    "name": "tr43",
    "names": [
        {
            "language": {
                "name": "ja-Hrkt",
                "url": "/api/v2/language/1/"
            },
            "name": "\u308f\u3056\u30ec\u30b3\u30fc\u30c9\uff14\uff13"
        },
        {
            "language": {
                "name": "ko",
                "url": "/api/v2/language/3/"
            },
            "name": "\uae30\uc220\ub808\ucf54\ub4dc43"
        },
        {
            "language": {
                "name": "zh-Hant",
                "url": "/api/v2/language/4/"
            },
            "name": "\u62db\u5f0f\u7d00\u9304\uff14\uff13"
        },
        {
            "language": {
                "name": "fr",
                "url": "/api/v2/language/5/"
            },
            "name": "DT43"
        },
        {
            "language": {
                "name": "de",
                "url": "/api/v2/language/6/"
            },
            "name": "TP43"
        },
        {
            "language": {
                "name": "es",
                "url": "/api/v2/language/7/"
            },
            "name": "DT43"
        },
        {
            "language": {
                "name": "it",
                "url": "/api/v2/language/8/"
            },
            "name": "DT43"
        },
        {
            "language": {
                "name": "en",
                "url": "/api/v2/language/9/"
            },
            "name": "TR43"
        },
        {
            "language": {
                "name": "ja",
                "url": "/api/v2/language/11/"
            },
            "name": "\u308f\u3056\u30ec\u30b3\u30fc\u30c9\uff14\uff13"
        },
        {
            "language": {
                "name": "zh-Hans",
                "url": "/api/v2/language/12/"
            },
            "name": "\u62db\u5f0f\u8bb0\u5f55\uff14\uff13"
        }
    ],
    "sprites": {
        "default": null
    }
}