{
    "attributes": [],
    "baby_trigger_for": null,
    "category": {
        "name": "all-machines",
        "url": "/api/v2/item-category/37/"
    },
    "cost": 16000,
    "effect_entries": [],
    "flavor_text_entries": [
        {
            "language": {
                "name": "ja-Hrkt",
                "url": "/api/v2/language/1/"
            },
            "text": "\u307e\u3082\u308a\u3092\u3000\u3059\u3066\u3066\u3000\u3042\u3044\u3066\u306e\u3000\u3075\u3068\u3053\u308d\u306b\n\u3068\u3064\u3052\u304d\u3059\u308b\u3002\u3000\u3058\u3076\u3093\u306e\n\u307c\u3046\u304e\u3087\u3068\u3000\u3068\u304f\u307c\u3046\u304c\u3000\u3055\u304c\u308b\u3002",
            "version_group": {
                "name": "sword-shield",
                "url": "/api/v2/version-group/20/"
            }
        },
        {
            "language": {
                "name": "ko",
                "url": "/api/v2/language/3/"
            },
            "text": "\ubc29\uc5b4\ub97c \ud3ec\uae30\ud558\uace0 \uc0c1\ub300 \ucabd\uc73c\ub85c\n\uae4a\uc219\uc774 \ub3cc\uaca9\ud55c\ub2e4. \uc790\uc2e0\uc758\n\ubc29\uc5b4\uc640 \ud2b9\uc218\ubc29\uc5b4\uac00 \ub5a8\uc5b4\uc9c4\ub2e4.",
            "version_group": {
                "name": "sword-shield",
                "url": "/api/v2/version-group/20/"
            }
        },
        {
            "language": {
                "name": "zh-Hant",
                "url": "/api/v2/language/4/"
            },
            "text": "\u53cd\u5b88\u70ba\u653b\uff0c\u8fd1\u8eab\u7a81\u64ca\u5c0d\u624b\u3002\n\u81ea\u5df1\u7684\u9632\u79a6\u548c\u7279\u9632\u6703\u964d\u4f4e\u3002",
            "version_group": {
                "name": "sword-shield",
                "url": "/api/v2/version-group/20/"
            }
        },
        {
            "language": {
                "name": "fr",
                "url": "/api/v2/language/5/"
            },
            "text": "Le lanceur combat au corps \u00e0 corps sans se prot\u00e9ger.\nBaisse aussi sa D\u00e9fense et sa D\u00e9fense Sp\u00e9ciale.",
            "version_group": {
                "name": "sword-shield",
                "url": "/api/v2/version-group/20/"
            }
        },
        {
            "language": {
                "name": "de",
                "url": "/api/v2/language/6/"
            },
            "text": "Nahkampf-Attacke ohne R\u00fccksicht auf Verluste. Senkt\nVerteidigung und Spezial-Verteidigung des Anwenders.",
            "version_group": {
                "name": "sword-shield",
                "url": "/api/v2/version-group/20/"
            }
        },
        {
            "language": {
                "name": "es",
                "url": "/api/v2/language/7/"
            },
            "text": "Lucha abiertamente contra el objetivo sin protegerse.\nTambi\u00e9n reduce la Defensa y la Defensa Especial del\nusuario.",
            "version_group": {
                "name": "sword-shield",
                "url": "/api/v2/version-group/20/"
            }
        },
        {
            "language": {
                "name": "it",
                "url": "/api/v2/language/8/"
            },
            "text": "Chi la usa attacca abbassando la guardia.\nLa propria Difesa e la Difesa Speciale si riducono.",
            "version_group": {
                "name": "sword-shield",
                "url": "/api/v2/version-group/20/"
            }
        },
        {
            "language": {
                "name": "en",
                "url": "/api/v2/language/9/"
            },
            "text": "The user fights the target up close without guarding\nitself. This also lowers the user\u2019s Defense and\nSp. Def stats.",
            "version_group": {
                "name": "sword-shield",
                "url": "/api/v2/version-group/20/"
            }
        },
        {
            "language": {
                "name": "ja",
                "url": "/api/v2/language/11/"
            },
            "text": "\u5b88\u308a\u3092\u3000\u6368\u3066\u3066\u3000\u76f8\u624b\u306e\u3000\u3075\u3068\u3053\u308d\u306b\n\u7a81\u6483\u3059\u308b\u3002\u3000\u81ea\u5206\u306e\n\u9632\u5fa1\u3068\u3000\u7279\u9632\u304c\u3000\u3055\u304c\u308b\u3002",
            "version_group": {
                "name": "sword-shield",
                "url": "/api/v2/version-group/20/"
            }
        },
        {
            "language": {
                "name": "zh-Hans",
                "url": "/api/v2/language/12/"
            },
            "text": "\u653e\u5f03\u5b88\u62a4\uff0c\u5411\u5bf9\u624b\u7684\u6000\u91cc\u7a81\u51fb\u3002\n\u81ea\u5df1\u7684\u9632\u5fa1\u548c\u7279\u9632\u4f1a\u964d\u4f4e\u3002",
            "version_group": {
                "name": "sword-shield",
                "url": "/api/v2/version-group/20/"
            }
        }
    ],
    "fling_effect": null,
    "fling_power": 120,
    "game_indices": [
        {
            "game_index": 1183,
            "generation": {
                "name": "generation-viii",
                "url": "/api/v2/generation/8/"
            }
        }
    ],
    "held_by_pokemon": [],
    "id": 1241,
    "machines": [
        {
            "machine": {
                "url": "/api/v2/machine/1642/"
            },
            "version_group": {
                "name": "sword-shield",
                "url": "/api/v2/version-group/20/"
            }
        }
    ],
    "name": "tr53",
    "names": [
        {
            "language": {
                "name": "ja-Hrkt",
                "url": "/api/v2/language/1/"
            },
            "name": "\u308f\u3056\u30ec\u30b3\u30fc\u30c9\uff15\uff13"
        },
        {
            "language": {
                "name": "ko",
                "url": "/api/v2/language/3/"
            },
            "name": "\uae30\uc220\ub808\ucf54\ub4dc53"
        },
        {
            "language": {
                "name": "zh-Hant",
                "url": "/api/v2/language/4/"
            },
            "name": "\u62db\u5f0f\u7d00\u9304\uff15\uff13"
        },
        {
            "language": {
                "name": "fr",
                "url": "/api/v2/language/5/"
            },
            "name": "DT53"
        },
        {
            "language": {
                "name": "de",
                "url": "/api/v2/language/6/"
            },
            "name": "TP53"
        },
        {
            "language": {
                "name": "es",
                "url": "/api/v2/language/7/"
            },
            "name": "DT53"
        },
        {
            "language": {
                "name": "it",
                "url": "/api/v2/language/8/"
            },
            "name": "DT53"
        },
        {
            "language": {
                "name": "en",
                "url": "/api/v2/language/9/"
            },
            "name": "TR53"
        },
        {
            "language": {
                "name": "ja",
                "url": "/api/v2/language/11/"
            },
            "name": "\u308f\u3056\u30ec\u30b3\u30fc\u30c9\uff15\uff13"
        },
        {
            "language": {
                "name": "zh-Hans",
                "url": "/api/v2/language/12/"
            },
            "name": "\u62db\u5f0f\u8bb0\u5f55\uff15\uff13"
        }
    ],
    "sprites": {
        "default": null
    }
}