{
    "attributes": [],
    "baby_trigger_for": null,
    "category": {
        "name": "all-machines",
        "url": "/api/v2/item-category/37/"
    },
    "cost": 6000,
    "effect_entries": [],
    "flavor_text_entries": [
        {
            "language": {
                "name": "ja-Hrkt",
                "url": "/api/v2/language/1/"
            },
            "text": "\u304d\u3087\u3046\u308a\u3087\u304f\u306a\u3000\u3072\u304b\u308a\u3092\u3000\u306f\u306a\u3061\n\u3042\u3044\u3066\u306b\u3000\u30c0\u30e1\u30fc\u30b8\u3092\u3000\u3042\u305f\u3048\u308b\u3002",
            "version_group": {
                "name": "sword-shield",
                "url": "/api/v2/version-group/20/"
            }
        },
        {
            "language": {
                "name": "ko",
                "url": "/api/v2/language/3/"
            },
            "text": "\uac15\ub825\ud55c \ube5b\uc744 \ub0b4\uc5b4\n\uc0c1\ub300\uc5d0\uac8c \ub370\ubbf8\uc9c0\ub97c \uc900\ub2e4.",
            "version_group": {
                "name": "sword-shield",
                "url": "/api/v2/version-group/20/"
            }
        },
        {
            "language": {
                "name": "zh-Hant",
                "url": "/api/v2/language/4/"
            },
            "text": "\u767c\u51fa\u5f37\u70c8\u7684\u9583\u5149\uff0c\n\u7d66\u4e88\u5c0d\u624b\u50b7\u5bb3\u3002",
            "version_group": {
                "name": "sword-shield",
                "url": "/api/v2/version-group/20/"
            }
        },
        {
            "language": {
                "name": "fr",
                "url": "/api/v2/language/5/"
            },
            "text": "Lib\u00e8re une puissante d\u00e9charge lumineuse\nqui inflige des d\u00e9g\u00e2ts \u00e0 l\u2019ennemi.",
            "version_group": {
                "name": "sword-shield",
                "url": "/api/v2/version-group/20/"
            }
        },
        {
            "language": {
                "name": "de",
                "url": "/api/v2/language/6/"
            },
            "text": "Der Anwender feuert einen m\u00e4chtigen Lichtblitz ab,\nder gegnerischen Pok\u00e9mon Schaden zuf\u00fcgt.",
            "version_group": {
                "name": "sword-shield",
                "url": "/api/v2/version-group/20/"
            }
        },
        {
            "language": {
                "name": "es",
                "url": "/api/v2/language/7/"
            },
            "text": "Inflige da\u00f1o a los oponentes con una potente luz.",
            "version_group": {
                "name": "sword-shield",
                "url": "/api/v2/version-group/20/"
            }
        },
        {
            "language": {
                "name": "it",
                "url": "/api/v2/language/8/"
            },
            "text": "Chi la usa emette una luce potentissima che\ninfligge danni ai nemici intorno.",
            "version_group": {
                "name": "sword-shield",
                "url": "/api/v2/version-group/20/"
            }
        },
        {
            "language": {
                "name": "en",
                "url": "/api/v2/language/9/"
            },
            "text": "The user damages opposing Pok\u00e9mon by emitting a\npowerful flash.",
            "version_group": {
                "name": "sword-shield",
                "url": "/api/v2/version-group/20/"
            }
        },
        {
            "language": {
                "name": "ja",
                "url": "/api/v2/language/11/"
            },
            "text": "\u5f37\u529b\u306a\u3000\u5149\u3092\u3000\u653e\u3061\n\u76f8\u624b\u306b\u3000\u30c0\u30e1\u30fc\u30b8\u3092\u3000\u4e0e\u3048\u308b\u3002",
            "version_group": {
                "name": "sword-shield",
                "url": "/api/v2/version-group/20/"
            }
        },
        {
            "language": {
                "name": "zh-Hans",
                "url": "/api/v2/language/12/"
            },
            "text": "\u5411\u5bf9\u624b\u53d1\u5c04\u5f3a\u5149\uff0c\n\u5e76\u7ed9\u4e88\u4f24\u5bb3\u3002",
            "version_group": {
                "name": "sword-shield",
                "url": "/api/v2/version-group/20/"
            }
        }
    ],
    "fling_effect": null,
    "fling_power": 80,
    "game_indices": [
        {
            "game_index": 1222,
            "generation": {
                "name": "generation-viii",
                "url": "/api/v2/generation/8/"
            }
        }
    ],
    "held_by_pokemon": [],
    "id": 1280,
    "machines": [
        {
            "machine": {
                "url": "/api/v2/machine/1681/"
            },
            "version_group": {
                "name": "sword-shield",
                "url": "/api/v2/version-group/20/"
            }
        }
    ],
    "name": "tr92",
    "names": [
        {
            "language": {
                "name": "ja-Hrkt",
                "url": "/api/v2/language/1/"
            },
            "name": "\u308f\u3056\u30ec\u30b3\u30fc\u30c9\uff19\uff12"
        },
        {
            "language": {
                "name": "ko",
                "url": "/api/v2/language/3/"
            },
            "name": "\uae30\uc220\ub808\ucf54\ub4dc92"
        },
        {
            "language": {
                "name": "zh-Hant",
                "url": "/api/v2/language/4/"
            },
            "name": "\u62db\u5f0f\u7d00\u9304\uff19\uff12"
        },
        {
            "language": {
                "name": "fr",
                "url": "/api/v2/language/5/"
            },
            "name": "DT92"
        },
        {
            "language": {
                "name": "de",
                "url": "/api/v2/language/6/"
            },
            "name": "TP92"
        },
        {
            "language": {
                "name": "es",
                "url": "/api/v2/language/7/"
            },
            "name": "DT92"
        },
        {
            "language": {
                "name": "it",
                "url": "/api/v2/language/8/"
            },
            "name": "DT92"
        },
        {
            "language": {
                "name": "en",
                "url": "/api/v2/language/9/"
            },
            "name": "TR92"
        },
        {
            "language": {
                "name": "ja",
                "url": "/api/v2/language/11/"
            },
            "name": "\u308f\u3056\u30ec\u30b3\u30fc\u30c9\uff19\uff12"
        },
        {
            "language": {
                "name": "zh-Hans",
                "url": "/api/v2/language/12/"
            },
            "name": "\u62db\u5f0f\u8bb0\u5f55\uff19\uff12"
        }
    ],
    "sprites": {
        "default": null
    }
}