{
    "attributes": [],
    "baby_trigger_for": null,
    "category": {
        "name": "unused",
        "url": "/api/v2/item-category/23/"
    },
    "cost": 0,
    "effect_entries": [
        {
            "effect": "XXX new effect for roto-encounter",
            "language": {
                "name": "en",
                "url": "/api/v2/language/9/"
            },
            "short_effect": "XXX new effect for roto-encounter"
        }
    ],
    "flavor_text_entries": [
        {
            "language": {
                "name": "ja-Hrkt",
                "url": "/api/v2/language/1/"
            },
            "text": "\u30ed\u30c8\u30e0\u30d1\u30ef\u30fc\u306e\u3000\u3072\u3068\u3064\u3002\n\u3044\u3063\u3066\u3044\u3058\u304b\u3093\u3000\u30ec\u30d9\u30eb\u306e\u3000\u305f\u304b\u3044\n\u3084\u305b\u3044\u30dd\u30b1\u30e2\u30f3\u3068\u3000\u3067\u3042\u3044\u3084\u3059\u304f\u306a\u308b\u3002",
            "version_group": {
                "name": "ultra-sun-ultra-moon",
                "url": "/api/v2/version-group/18/"
            }
        },
        {
            "language": {
                "name": "ko",
                "url": "/api/v2/language/3/"
            },
            "text": "\ub85c\ud1a0\ubb34\ud30c\uc6cc \uc911 \ud558\ub098.\n\uc77c\uc815 \uc2dc\uac04 \ub808\ubca8\uc774 \ub192\uc740\n\uc57c\uc0dd \ud3ec\ucf13\ubaac\uacfc \ub9cc\ub098\uae30 \uc26c\uc6cc\uc9c4\ub2e4.",
            "version_group": {
                "name": "ultra-sun-ultra-moon",
                "url": "/api/v2/version-group/18/"
            }
        },
        {
            "language": {
                "name": "zh-Hant",
                "url": "/api/v2/language/4/"
            },
            "text": "\u6d1b\u6258\u59c6\u4e4b\u529b\u7684\u4e00\u7a2e\u3002\n\u5728\u4e00\u5b9a\u6642\u9593\u5167\u53ef\u4ee5\u8b8a\u5f97\n\u5bb9\u6613\u9047\u898b\u7b49\u7d1a\u9ad8\u7684\u91ce\u751f\u5bf6\u53ef\u5922\u3002",
            "version_group": {
                "name": "ultra-sun-ultra-moon",
                "url": "/api/v2/version-group/18/"
            }
        },
        {
            "language": {
                "name": "fr",
                "url": "/api/v2/language/5/"
            },
            "text": "Une des Motism\u2019Auras. Elle permet de rencontrer\nplus de Pok\u00e9mon sauvages de haut niveau durant\nune p\u00e9riode d\u00e9termin\u00e9e.",
            "version_group": {
                "name": "ultra-sun-ultra-moon",
                "url": "/api/v2/version-group/18/"
            }
        },
        {
            "language": {
                "name": "de",
                "url": "/api/v2/language/6/"
            },
            "text": "Diese Rotom-Kraft bewirkt, dass wilde Pok\u00e9mon\nmit hohem Level f\u00fcr eine bestimmte Zeit viel\nh\u00e4ufiger erscheinen.",
            "version_group": {
                "name": "ultra-sun-ultra-moon",
                "url": "/api/v2/version-group/18/"
            }
        },
        {
            "language": {
                "name": "es",
                "url": "/api/v2/language/7/"
            },
            "text": "Poder Rotom que aumenta la probabilidad de\nencontrar Pok\u00e9mon salvajes de nivel alto durante\nun tiempo determinado.",
            "version_group": {
                "name": "ultra-sun-ultra-moon",
                "url": "/api/v2/version-group/18/"
            }
        },
        {
            "language": {
                "name": "it",
                "url": "/api/v2/language/8/"
            },
            "text": "Potere Rotom che aumenta le probabilit\u00e0\ndi incontrare Pok\u00e9mon selvatici di livello alto\nper un certo lasso di tempo.",
            "version_group": {
                "name": "ultra-sun-ultra-moon",
                "url": "/api/v2/version-group/18/"
            }
        },
        {
            "language": {
                "name": "en",
                "url": "/api/v2/language/9/"
            },
            "text": "One of the Rotom Powers.\nIt increases the chance of encountering high-level\nwild Pok\u00e9mon a lot for a certain period of time.",
            "version_group": {
                "name": "ultra-sun-ultra-moon",
                "url": "/api/v2/version-group/18/"
            }
        },
        {
            "language": {
                "name": "ja",
                "url": "/api/v2/language/11/"
            },
            "text": "\u30ed\u30c8\u30e0\u30d1\u30ef\u30fc\u306e\u3000\u3072\u3068\u3064\u3002\n\u4e00\u5b9a\u6642\u9593\u3000\u30ec\u30d9\u30eb\u306e\u3000\u9ad8\u3044\n\u91ce\u751f\u30dd\u30b1\u30e2\u30f3\u3068\u3000\u51fa\u4f1a\u3044\u3084\u3059\u304f\u306a\u308b\u3002",
            "version_group": {
                "name": "ultra-sun-ultra-moon",
                "url": "/api/v2/version-group/18/"
            }
        },
        {
            "language": {
                "name": "zh-Hans",
                "url": "/api/v2/language/12/"
            },
            "text": "\u6d1b\u6258\u59c6\u4e4b\u529b\u7684\u4e00\u79cd\u3002\n\u4e00\u5b9a\u65f6\u95f4\u5185\uff0c\u4f1a\u53d8\u5f97\u5bb9\u6613\n\u9047\u5230\u9ad8\u7b49\u7ea7\u7684\u91ce\u751f\u5b9d\u53ef\u68a6\u3002",
            "version_group": {
                "name": "ultra-sun-ultra-moon",
                "url": "/api/v2/version-group/18/"
            }
        },
        {
            "language": {
                "name": "ja-Hrkt",
                "url": "/api/v2/language/1/"
            },
            "text": "\u30ed\u30c8\u30e0\u30d1\u30ef\u30fc\u306e\u3000\u3072\u3068\u3064\u3002\n\u3044\u3063\u3066\u3044\u3058\u304b\u3093\u3000\u30ec\u30d9\u30eb\u306e\u3000\u305f\u304b\u3044\n\u3084\u305b\u3044\u30dd\u30b1\u30e2\u30f3\u3068\u3000\u3067\u3042\u3044\u3084\u3059\u304f\u306a\u308b\u3002",
            "version_group": {
                "name": "lets-go-pikachu-lets-go-eevee",
                "url": "/api/v2/version-group/19/"
            }
        },
        {
            "language": {
                "name": "ko",
                "url": "/api/v2/language/3/"
            },
            "text": "\ub85c\ud1a0\ubb34\ud30c\uc6cc \uc911 \ud558\ub098.\n\uc77c\uc815 \uc2dc\uac04 \ub808\ubca8\uc774 \ub192\uc740\n\uc57c\uc0dd \ud3ec\ucf13\ubaac\uacfc \ub9cc\ub098\uae30 \uc26c\uc6cc\uc9c4\ub2e4.",
            "version_group": {
                "name": "lets-go-pikachu-lets-go-eevee",
                "url": "/api/v2/version-group/19/"
            }
        },
        {
            "language": {
                "name": "zh-Hant",
                "url": "/api/v2/language/4/"
            },
            "text": "\u6d1b\u6258\u59c6\u4e4b\u529b\u7684\u4e00\u7a2e\u3002\n\u5728\u4e00\u5b9a\u6642\u9593\u5167\u53ef\u4ee5\u8b8a\u5f97\n\u5bb9\u6613\u9047\u898b\u7b49\u7d1a\u9ad8\u7684\u91ce\u751f\u5bf6\u53ef\u5922\u3002",
            "version_group": {
                "name": "lets-go-pikachu-lets-go-eevee",
                "url": "/api/v2/version-group/19/"
            }
        },
        {
            "language": {
                "name": "fr",
                "url": "/api/v2/language/5/"
            },
            "text": "Une des Motism\u2019Auras. Elle permet de rencontrer\nplus de Pok\u00e9mon sauvages de haut niveau durant\nune p\u00e9riode d\u00e9termin\u00e9e.",
            "version_group": {
                "name": "lets-go-pikachu-lets-go-eevee",
                "url": "/api/v2/version-group/19/"
            }
        },
        {
            "language": {
                "name": "de",
                "url": "/api/v2/language/6/"
            },
            "text": "Diese Rotom-Kraft bewirkt, dass wilde Pok\u00e9mon\nmit hohem Level f\u00fcr eine bestimmte Zeit viel\nh\u00e4ufiger erscheinen.",
            "version_group": {
                "name": "lets-go-pikachu-lets-go-eevee",
                "url": "/api/v2/version-group/19/"
            }
        },
        {
            "language": {
                "name": "es",
                "url": "/api/v2/language/7/"
            },
            "text": "Poder Rotom que aumenta la probabilidad de\nencontrar Pok\u00e9mon salvajes de nivel alto durante\nun tiempo determinado.",
            "version_group": {
                "name": "lets-go-pikachu-lets-go-eevee",
                "url": "/api/v2/version-group/19/"
            }
        },
        {
            "language": {
                "name": "it",
                "url": "/api/v2/language/8/"
            },
            "text": "Potere Rotom che aumenta le probabilit\u00e0\ndi incontrare Pok\u00e9mon selvatici di livello alto\nper un certo lasso di tempo.",
            "version_group": {
                "name": "lets-go-pikachu-lets-go-eevee",
                "url": "/api/v2/version-group/19/"
            }
        },
        {
            "language": {
                "name": "en",
                "url": "/api/v2/language/9/"
            },
            "text": "One of the Rotom Powers.\nIt increases the chance of encountering high-level\nwild Pok\u00e9mon a lot for a certain period of time.",
            "version_group": {
                "name": "lets-go-pikachu-lets-go-eevee",
                "url": "/api/v2/version-group/19/"
            }
        },
        {
            "language": {
                "name": "ja",
                "url": "/api/v2/language/11/"
            },
            "text": "\u30ed\u30c8\u30e0\u30d1\u30ef\u30fc\u306e\u3000\u3072\u3068\u3064\u3002\n\u4e00\u5b9a\u6642\u9593\u3000\u30ec\u30d9\u30eb\u306e\u3000\u9ad8\u3044\n\u91ce\u751f\u30dd\u30b1\u30e2\u30f3\u3068\u3000\u51fa\u4f1a\u3044\u3084\u3059\u304f\u306a\u308b\u3002",
            "version_group": {
                "name": "lets-go-pikachu-lets-go-eevee",
                "url": "/api/v2/version-group/19/"
            }
        },
        {
            "language": {
                "name": "zh-Hans",
                "url": "/api/v2/language/12/"
            },
            "text": "\u6d1b\u6258\u59c6\u4e4b\u529b\u7684\u4e00\u79cd\u3002\n\u4e00\u5b9a\u65f6\u95f4\u5185\uff0c\u4f1a\u53d8\u5f97\u5bb9\u6613\n\u9047\u5230\u9ad8\u7b49\u7ea7\u7684\u91ce\u751f\u5b9d\u53ef\u68a6\u3002",
            "version_group": {
                "name": "lets-go-pikachu-lets-go-eevee",
                "url": "/api/v2/version-group/19/"
            }
        },
        {
            "language": {
                "name": "ja-Hrkt",
                "url": "/api/v2/language/1/"
            },
            "text": "\u30ed\u30c8\u30e0\u30d1\u30ef\u30fc\u306e\u3000\u3072\u3068\u3064\u3002\n\u3044\u3063\u3066\u3044\u3058\u304b\u3093\u3000\u30ec\u30d9\u30eb\u306e\u3000\u305f\u304b\u3044\n\u3084\u305b\u3044\u30dd\u30b1\u30e2\u30f3\u3068\u3000\u3067\u3042\u3044\u3084\u3059\u304f\u306a\u308b\u3002",
            "version_group": {
                "name": "sword-shield",
                "url": "/api/v2/version-group/20/"
            }
        },
        {
            "language": {
                "name": "ko",
                "url": "/api/v2/language/3/"
            },
            "text": "\ub85c\ud1a0\ubb34\ud30c\uc6cc \uc911 \ud558\ub098.\n\uc77c\uc815 \uc2dc\uac04 \ub808\ubca8\uc774 \ub192\uc740\n\uc57c\uc0dd \ud3ec\ucf13\ubaac\uacfc \ub9cc\ub098\uae30 \uc26c\uc6cc\uc9c4\ub2e4.",
            "version_group": {
                "name": "sword-shield",
                "url": "/api/v2/version-group/20/"
            }
        },
        {
            "language": {
                "name": "zh-Hant",
                "url": "/api/v2/language/4/"
            },
            "text": "\u6d1b\u6258\u59c6\u4e4b\u529b\u7684\u4e00\u7a2e\u3002\n\u5728\u4e00\u5b9a\u6642\u9593\u5167\u53ef\u4ee5\u8b8a\u5f97\n\u5bb9\u6613\u9047\u898b\u7b49\u7d1a\u9ad8\u7684\u91ce\u751f\u5bf6\u53ef\u5922\u3002",
            "version_group": {
                "name": "sword-shield",
                "url": "/api/v2/version-group/20/"
            }
        },
        {
            "language": {
                "name": "fr",
                "url": "/api/v2/language/5/"
            },
            "text": "Une des Motism\u2019Auras. Elle permet de rencontrer\nplus de Pok\u00e9mon sauvages de haut niveau durant\nune p\u00e9riode d\u00e9termin\u00e9e.",
            "version_group": {
                "name": "sword-shield",
                "url": "/api/v2/version-group/20/"
            }
        },
        {
            "language": {
                "name": "de",
                "url": "/api/v2/language/6/"
            },
            "text": "Diese Rotom-Kraft bewirkt, dass wilde Pok\u00e9mon mit\nhohem Level f\u00fcr eine bestimmte Zeit viel h\u00e4ufiger\nerscheinen.",
            "version_group": {
                "name": "sword-shield",
                "url": "/api/v2/version-group/20/"
            }
        },
        {
            "language": {
                "name": "es",
                "url": "/api/v2/language/7/"
            },
            "text": "Poder Rotom que aumenta la probabilidad de encontrar\nPok\u00e9mon salvajes de nivel alto durante un tiempo\ndeterminado.",
            "version_group": {
                "name": "sword-shield",
                "url": "/api/v2/version-group/20/"
            }
        },
        {
            "language": {
                "name": "it",
                "url": "/api/v2/language/8/"
            },
            "text": "Potere Rotom che aumenta le probabilit\u00e0\ndi incontrare Pok\u00e9mon selvatici di livello alto\nper un certo lasso di tempo.",
            "version_group": {
                "name": "sword-shield",
                "url": "/api/v2/version-group/20/"
            }
        },
        {
            "language": {
                "name": "en",
                "url": "/api/v2/language/9/"
            },
            "text": "One of the Rotom Powers.\nIt increases the chance of encountering high-level\nwild Pok\u00e9mon a lot for a certain period of time.",
            "version_group": {
                "name": "sword-shield",
                "url": "/api/v2/version-group/20/"
            }
        },
        {
            "language": {
                "name": "ja",
                "url": "/api/v2/language/11/"
            },
            "text": "\u30ed\u30c8\u30e0\u30d1\u30ef\u30fc\u306e\u3000\u3072\u3068\u3064\u3002\n\u4e00\u5b9a\u6642\u9593\u3000\u30ec\u30d9\u30eb\u306e\u3000\u9ad8\u3044\n\u91ce\u751f\u30dd\u30b1\u30e2\u30f3\u3068\u3000\u51fa\u4f1a\u3044\u3084\u3059\u304f\u306a\u308b\u3002",
            "version_group": {
                "name": "sword-shield",
                "url": "/api/v2/version-group/20/"
            }
        },
        {
            "language": {
                "name": "zh-Hans",
                "url": "/api/v2/language/12/"
            },
            "text": "\u6d1b\u6258\u59c6\u4e4b\u529b\u7684\u4e00\u79cd\u3002\n\u4e00\u5b9a\u65f6\u95f4\u5185\uff0c\u4f1a\u53d8\u5f97\u5bb9\u6613\n\u9047\u5230\u9ad8\u7b49\u7ea7\u7684\u91ce\u751f\u5b9d\u53ef\u68a6\u3002",
            "version_group": {
                "name": "sword-shield",
                "url": "/api/v2/version-group/20/"
            }
        }
    ],
    "fling_effect": null,
    "fling_power": null,
    "game_indices": [
        {
            "game_index": 954,
            "generation": {
                "name": "generation-vii",
                "url": "/api/v2/generation/7/"
            }
        },
        {
            "game_index": 954,
            "generation": {
                "name": "generation-viii",
                "url": "/api/v2/generation/8/"
            }
        }
    ],
    "held_by_pokemon": [],
    "id": 1000,
    "machines": [],
    "name": "roto-encounter",
    "names": [
        {
            "language": {
                "name": "ja-Hrkt",
                "url": "/api/v2/language/1/"
            },
            "name": "\u307f\u3063\u3051\u30dd\u30f3"
        },
        {
            "language": {
                "name": "ko",
                "url": "/api/v2/language/3/"
            },
            "name": "\ubc1c\uacac\ucea1\uc290\ud1a0\uc774"
        },
        {
            "language": {
                "name": "zh-Hant",
                "url": "/api/v2/language/4/"
            },
            "name": "\u76f8\u9047\u78b0\u78b0"
        },
        {
            "language": {
                "name": "fr",
                "url": "/api/v2/language/5/"
            },
            "name": "Moti-App\u00e2t"
        },
        {
            "language": {
                "name": "de",
                "url": "/api/v2/language/6/"
            },
            "name": "Lockbon"
        },
        {
            "language": {
                "name": "es",
                "url": "/api/v2/language/7/"
            },
            "name": "Cup\u00f3n Reclamo"
        },
        {
            "language": {
                "name": "it",
                "url": "/api/v2/language/8/"
            },
            "name": "Incontra\u2019n\u2019roll"
        },
        {
            "language": {
                "name": "en",
                "url": "/api/v2/language/9/"
            },
            "name": "Roto Encounter"
        },
        {
            "language": {
                "name": "ja",
                "url": "/api/v2/language/11/"
            },
            "name": "\u307f\u3063\u3051\u30dd\u30f3"
        },
        {
            "language": {
                "name": "zh-Hans",
                "url": "/api/v2/language/12/"
            },
            "name": "\u76f8\u9047\u78b0\u78b0"
        }
    ],
    "sprites": {
        "default": "https://raw.githubusercontent.com/PokeAPI/sprites/master/sprites/items/roto-encounter.png"
    }
}