{
    "attributes": [],
    "baby_trigger_for": null,
    "category": {
        "name": "plot-advancement",
        "url": "/api/v2/item-category/22/"
    },
    "cost": 0,
    "effect_entries": [],
    "flavor_text_entries": [
        {
            "language": {
                "name": "ja-Hrkt",
                "url": "/api/v2/language/1/"
            },
            "text": "\u30ac\u30e9\u30eb\u3061\u307b\u3046\u3067\u3000\u307f\u3064\u304b\u308b\u3000\u3075\u3057\u304e\u306a\n\u30d1\u30ef\u30fc\u3092\u3000\u3072\u3081\u3066\u3044\u308b\u3000\u3044\u3057\u3002\u3072\u308d\u3046\u3068\n\u306d\u304c\u3044\u304c\u3000\u304b\u306a\u3046\u3068\u3082\u3000\u3044\u308f\u308c\u3066\u3044\u308b\u3002",
            "version_group": {
                "name": "sword-shield",
                "url": "/api/v2/version-group/20/"
            }
        },
        {
            "language": {
                "name": "ko",
                "url": "/api/v2/language/3/"
            },
            "text": "\uac00\ub77c\ub974\uc9c0\ubc29\uc5d0\uc11c \ubc1c\uacac\ub418\ub294\n\uc2e0\ube44\ud55c \ud798\uc744 \uac04\uc9c1\ud558\uace0 \uc788\ub294 \ub3cc.\n\uc8fc\uc6b0\uba74 \uc18c\uc6d0\uc774 \uc774\ub8e8\uc5b4\uc9c4\ub2e4\uace0\ub3c4 \uc804\ud574\uc9c4\ub2e4.",
            "version_group": {
                "name": "sword-shield",
                "url": "/api/v2/version-group/20/"
            }
        },
        {
            "language": {
                "name": "zh-Hant",
                "url": "/api/v2/language/4/"
            },
            "text": "\u5728\u4f3d\u52d2\u723e\u5730\u5340\u767c\u73fe\u7684\n\u860a\u85cf\u8457\u795e\u79d8\u529b\u91cf\u7684\u77f3\u982d\u3002\n\u64da\u8aaa\u64bf\u5230\u5b83\u5c31\u80fd\u8b93\u9858\u671b\u6210\u771f\u3002",
            "version_group": {
                "name": "sword-shield",
                "url": "/api/v2/version-group/20/"
            }
        },
        {
            "language": {
                "name": "fr",
                "url": "/api/v2/language/5/"
            },
            "text": "Une gemme aux pouvoirs myst\u00e9rieux que l\u2019on trouve\ndans la r\u00e9gion de Galar. On raconte que le v\u0153u\nde la personne l\u2019ayant ramass\u00e9e se r\u00e9alisera.",
            "version_group": {
                "name": "sword-shield",
                "url": "/api/v2/version-group/20/"
            }
        },
        {
            "language": {
                "name": "de",
                "url": "/api/v2/language/6/"
            },
            "text": "In Galar verstreute Steine, denen eine geheimnisvolle\nEnergie innewohnt. Es wird erz\u00e4hlt, W\u00fcnsche gingen in\nErf\u00fcllung, wenn man sie aufsammelt.",
            "version_group": {
                "name": "sword-shield",
                "url": "/api/v2/version-group/20/"
            }
        },
        {
            "language": {
                "name": "es",
                "url": "/api/v2/language/7/"
            },
            "text": "Piedra de poder misterioso hallada en la regi\u00f3n de\nGalar. Se dice que quien encuentra una ver\u00e1 realizados\nsus sue\u00f1os.",
            "version_group": {
                "name": "sword-shield",
                "url": "/api/v2/version-group/20/"
            }
        },
        {
            "language": {
                "name": "it",
                "url": "/api/v2/language/8/"
            },
            "text": "Pietra dal potere misterioso che si pu\u00f2 trovare nella\nregione di Galar. Si dice che possa avverare i desideri\ndi chi la trova.",
            "version_group": {
                "name": "sword-shield",
                "url": "/api/v2/version-group/20/"
            }
        },
        {
            "language": {
                "name": "en",
                "url": "/api/v2/language/9/"
            },
            "text": "A stone found in the Galar region with a mysterious power.\nIt\u2019s said that your dreams come true if you find one.",
            "version_group": {
                "name": "sword-shield",
                "url": "/api/v2/version-group/20/"
            }
        },
        {
            "language": {
                "name": "ja",
                "url": "/api/v2/language/11/"
            },
            "text": "\u30ac\u30e9\u30eb\u5730\u65b9\u3067\u3000\u307f\u3064\u304b\u308b\u3000\u4e0d\u601d\u8b70\u306a\n\u30d1\u30ef\u30fc\u3092\u3000\u79d8\u3081\u3066\u3044\u308b\u3000\u77f3\u3002\u62fe\u3046\u3068\n\u9858\u3044\u304c\u3000\u53f6\u3046\u3068\u3082\u3000\u3044\u308f\u308c\u3066\u3044\u308b\u3002",
            "version_group": {
                "name": "sword-shield",
                "url": "/api/v2/version-group/20/"
            }
        },
        {
            "language": {
                "name": "zh-Hans",
                "url": "/api/v2/language/12/"
            },
            "text": "\u8fd9\u662f\u4e00\u5757\u5728\u4f3d\u52d2\u5c14\u5730\u533a\u53d1\u73b0\u7684\n\u8574\u542b\u7740\u795e\u5947\u529b\u91cf\u7684\u77f3\u5934\u3002\u542c\u8bf4\n\u6361\u5230\u5b83\u7684\u4eba\u80fd\u5b9e\u73b0\u81ea\u5df1\u7684\u613f\u671b\u3002",
            "version_group": {
                "name": "sword-shield",
                "url": "/api/v2/version-group/20/"
            }
        }
    ],
    "fling_effect": null,
    "fling_power": null,
    "game_indices": [
        {
            "game_index": 1076,
            "generation": {
                "name": "generation-viii",
                "url": "/api/v2/generation/8/"
            }
        }
    ],
    "held_by_pokemon": [],
    "id": 1140,
    "machines": [],
    "name": "wishing-star",
    "names": [
        {
            "language": {
                "name": "ja-Hrkt",
                "url": "/api/v2/language/1/"
            },
            "name": "\u306d\u304c\u3044\u307c\u3057"
        },
        {
            "language": {
                "name": "ko",
                "url": "/api/v2/language/3/"
            },
            "name": "\uc18c\uc6d0\uc758\ubcc4"
        },
        {
            "language": {
                "name": "zh-Hant",
                "url": "/api/v2/language/4/"
            },
            "name": "\u8a31\u9858\u661f"
        },
        {
            "language": {
                "name": "fr",
                "url": "/api/v2/language/5/"
            },
            "name": "\u00c9toile V\u0153u"
        },
        {
            "language": {
                "name": "de",
                "url": "/api/v2/language/6/"
            },
            "name": "Wunschstern"
        },
        {
            "language": {
                "name": "es",
                "url": "/api/v2/language/7/"
            },
            "name": "Estrella Deseo"
        },
        {
            "language": {
                "name": "it",
                "url": "/api/v2/language/8/"
            },
            "name": "Desiostella"
        },
        {
            "language": {
                "name": "en",
                "url": "/api/v2/language/9/"
            },
            "name": "Wishing Star"
        },
        {
            "language": {
                "name": "ja",
                "url": "/api/v2/language/11/"
            },
            "name": "\u306d\u304c\u3044\u307c\u3057"
        },
        {
            "language": {
                "name": "zh-Hans",
                "url": "/api/v2/language/12/"
            },
            "name": "\u8bb8\u613f\u661f"
        }
    ],
    "sprites": {
        "default": null
    }
}