{
    "attributes": [],
    "baby_trigger_for": null,
    "category": {
        "name": "plot-advancement",
        "url": "/api/v2/item-category/22/"
    },
    "cost": 0,
    "effect_entries": [],
    "flavor_text_entries": [
        {
            "language": {
                "name": "ja-Hrkt",
                "url": "/api/v2/language/1/"
            },
            "text": "\u30b0\u30ec\u30f3\u3058\u307e\u3000\u30dd\u30b1\u30e2\u30f3\u30b8\u30e0\u306e\n\u3044\u308a\u3050\u3061\u3092\u3000\u3042\u3051\u308b\u3000\u30ab\u30ae\u3002\n\u3042\u304b\u304f\u3000\u305d\u3046\u3057\u3087\u304f\u3000\u3057\u3066\u3042\u308b\u3002",
            "version_group": {
                "name": "lets-go-pikachu-lets-go-eevee",
                "url": "/api/v2/version-group/19/"
            }
        },
        {
            "language": {
                "name": "ko",
                "url": "/api/v2/language/3/"
            },
            "text": "\ud64d\ub828\uc12c \ud3ec\ucf13\ubaac\uccb4\uc721\uad00\uc758\n\uc785\uad6c\ub97c \uc5ec\ub294 \uc5f4\uc1e0.\n\ube68\uac1b\uac8c \uc7a5\uc2dd\ub418\uc5b4 \uc788\ub2e4.",
            "version_group": {
                "name": "lets-go-pikachu-lets-go-eevee",
                "url": "/api/v2/version-group/19/"
            }
        },
        {
            "language": {
                "name": "zh-Hant",
                "url": "/api/v2/language/4/"
            },
            "text": "\u80fd\u6253\u958b\u7d05\u84ee\u5cf6\u4e0a\u7684\n\u5bf6\u53ef\u5922\u9053\u9928\u5165\u53e3\u7684\u9470\u5319\u3002\n\u4e0a\u9762\u6709\u7d05\u8272\u7684\u88dd\u98fe\u3002",
            "version_group": {
                "name": "lets-go-pikachu-lets-go-eevee",
                "url": "/api/v2/version-group/19/"
            }
        },
        {
            "language": {
                "name": "fr",
                "url": "/api/v2/language/5/"
            },
            "text": "La cl\u00e9 de la porte de l\u2019Ar\u00e8ne de Cramois\u2019\u00cele.\nElle est d\u00e9cor\u00e9e en rouge.",
            "version_group": {
                "name": "lets-go-pikachu-lets-go-eevee",
                "url": "/api/v2/version-group/19/"
            }
        },
        {
            "language": {
                "name": "de",
                "url": "/api/v2/language/6/"
            },
            "text": "Der Schl\u00fcssel zur Arena der Zinnoberinsel.\nEr ist mit einer roten Verzierung versehen.",
            "version_group": {
                "name": "lets-go-pikachu-lets-go-eevee",
                "url": "/api/v2/version-group/19/"
            }
        },
        {
            "language": {
                "name": "es",
                "url": "/api/v2/language/7/"
            },
            "text": "Llave que abre las puertas del Gimnasio de Isla Canela.\nEn su dise\u00f1o predomina el color rojo.",
            "version_group": {
                "name": "lets-go-pikachu-lets-go-eevee",
                "url": "/api/v2/version-group/19/"
            }
        },
        {
            "language": {
                "name": "it",
                "url": "/api/v2/language/8/"
            },
            "text": "Chiave della Palestra dell\u2019Isola Cannella.\n\u00c8 ornata da graziose decorazioni rosse.",
            "version_group": {
                "name": "lets-go-pikachu-lets-go-eevee",
                "url": "/api/v2/version-group/19/"
            }
        },
        {
            "language": {
                "name": "en",
                "url": "/api/v2/language/9/"
            },
            "text": "The key that unlocks the front door of\nthe Pok\u00e9mon Gym on Cinnabar Island.\nIt has a red decoration.",
            "version_group": {
                "name": "lets-go-pikachu-lets-go-eevee",
                "url": "/api/v2/version-group/19/"
            }
        },
        {
            "language": {
                "name": "ja",
                "url": "/api/v2/language/11/"
            },
            "text": "\u30b0\u30ec\u30f3\u5cf6\u3000\u30dd\u30b1\u30e2\u30f3\u30b8\u30e0\u306e\n\u5165\u308a\u53e3\u3092\u3000\u958b\u3051\u308b\u3000\u30ab\u30ae\u3002\n\u8d64\u304f\u3000\u88c5\u98fe\u3000\u3057\u3066\u3042\u308b\u3002",
            "version_group": {
                "name": "lets-go-pikachu-lets-go-eevee",
                "url": "/api/v2/version-group/19/"
            }
        },
        {
            "language": {
                "name": "zh-Hans",
                "url": "/api/v2/language/12/"
            },
            "text": "\u80fd\u6253\u5f00\u7ea2\u83b2\u5c9b\u4e0a\u90a3\u5ea7\n\u5b9d\u53ef\u68a6\u9053\u9986\u7684\u94a5\u5319\u3002\n\u5468\u8eab\u90fd\u4ee5\u7ea2\u8272\u88c5\u9970\u3002",
            "version_group": {
                "name": "lets-go-pikachu-lets-go-eevee",
                "url": "/api/v2/version-group/19/"
            }
        },
        {
            "language": {
                "name": "ja-Hrkt",
                "url": "/api/v2/language/1/"
            },
            "text": "\u30b0\u30ec\u30f3\u3058\u307e\u3000\u30dd\u30b1\u30e2\u30f3\u30b8\u30e0\u306e\n\u3044\u308a\u3050\u3061\u3092\u3000\u3042\u3051\u308b\u3000\u30ab\u30ae\u3002\n\u3042\u304b\u304f\u3000\u305d\u3046\u3057\u3087\u304f\u3000\u3057\u3066\u3042\u308b\u3002",
            "version_group": {
                "name": "sword-shield",
                "url": "/api/v2/version-group/20/"
            }
        },
        {
            "language": {
                "name": "ko",
                "url": "/api/v2/language/3/"
            },
            "text": "\ud64d\ub828\uc12c \ud3ec\ucf13\ubaac\uccb4\uc721\uad00\uc758\n\uc785\uad6c\ub97c \uc5ec\ub294 \uc5f4\uc1e0.\n\ube68\uac1b\uac8c \uc7a5\uc2dd\ub418\uc5b4 \uc788\ub2e4.",
            "version_group": {
                "name": "sword-shield",
                "url": "/api/v2/version-group/20/"
            }
        },
        {
            "language": {
                "name": "zh-Hant",
                "url": "/api/v2/language/4/"
            },
            "text": "\u80fd\u6253\u958b\u7d05\u84ee\u5cf6\u4e0a\u7684\n\u5bf6\u53ef\u5922\u9053\u9928\u5165\u53e3\u7684\u9470\u5319\u3002\n\u4e0a\u9762\u6709\u7d05\u8272\u7684\u88dd\u98fe\u3002",
            "version_group": {
                "name": "sword-shield",
                "url": "/api/v2/version-group/20/"
            }
        },
        {
            "language": {
                "name": "fr",
                "url": "/api/v2/language/5/"
            },
            "text": "La cl\u00e9 de la porte de l\u2019Ar\u00e8ne de Cramois\u2019\u00cele.\nElle est d\u00e9cor\u00e9e en rouge.",
            "version_group": {
                "name": "sword-shield",
                "url": "/api/v2/version-group/20/"
            }
        },
        {
            "language": {
                "name": "de",
                "url": "/api/v2/language/6/"
            },
            "text": "Der Schl\u00fcssel zur Arena der Zinnoberinsel. Er ist mit\neiner roten Verzierung versehen.",
            "version_group": {
                "name": "sword-shield",
                "url": "/api/v2/version-group/20/"
            }
        },
        {
            "language": {
                "name": "es",
                "url": "/api/v2/language/7/"
            },
            "text": "Llave que abre las puertas del Gimnasio de Isla Canela.\nEn su dise\u00f1o predomina el color rojo.",
            "version_group": {
                "name": "sword-shield",
                "url": "/api/v2/version-group/20/"
            }
        },
        {
            "language": {
                "name": "it",
                "url": "/api/v2/language/8/"
            },
            "text": "Chiave della Palestra dell\u2019Isola Cannella.\n\u00c8 ornata da graziose decorazioni rosse.",
            "version_group": {
                "name": "sword-shield",
                "url": "/api/v2/version-group/20/"
            }
        },
        {
            "language": {
                "name": "en",
                "url": "/api/v2/language/9/"
            },
            "text": "The key that unlocks the front door of\nthe Pok\u00e9mon Gym on Cinnabar Island.\nIt has a red decoration.",
            "version_group": {
                "name": "sword-shield",
                "url": "/api/v2/version-group/20/"
            }
        },
        {
            "language": {
                "name": "ja",
                "url": "/api/v2/language/11/"
            },
            "text": "\u30b0\u30ec\u30f3\u5cf6\u3000\u30dd\u30b1\u30e2\u30f3\u30b8\u30e0\u306e\n\u5165\u308a\u53e3\u3092\u3000\u958b\u3051\u308b\u3000\u30ab\u30ae\u3002\n\u8d64\u304f\u3000\u88c5\u98fe\u3000\u3057\u3066\u3042\u308b\u3002",
            "version_group": {
                "name": "sword-shield",
                "url": "/api/v2/version-group/20/"
            }
        },
        {
            "language": {
                "name": "zh-Hans",
                "url": "/api/v2/language/12/"
            },
            "text": "\u80fd\u6253\u5f00\u7ea2\u83b2\u5c9b\u4e0a\u90a3\u5ea7\n\u5b9d\u53ef\u68a6\u9053\u9986\u7684\u94a5\u5319\u3002\n\u5468\u8eab\u90fd\u4ee5\u7ea2\u8272\u88c5\u9970\u3002",
            "version_group": {
                "name": "sword-shield",
                "url": "/api/v2/version-group/20/"
            }
        }
    ],
    "fling_effect": null,
    "fling_power": null,
    "game_indices": [
        {
            "game_index": 872,
            "generation": {
                "name": "generation-vii",
                "url": "/api/v2/generation/7/"
            }
        },
        {
            "game_index": 872,
            "generation": {
                "name": "generation-viii",
                "url": "/api/v2/generation/8/"
            }
        }
    ],
    "held_by_pokemon": [],
    "id": 1020,
    "machines": [],
    "name": "secret-key--letsgo",
    "names": [
        {
            "language": {
                "name": "ja-Hrkt",
                "url": "/api/v2/language/1/"
            },
            "name": "\u3072\u307f\u3064\u306e\u30ab\u30ae"
        },
        {
            "language": {
                "name": "ko",
                "url": "/api/v2/language/3/"
            },
            "name": "\ube44\ubc00\uc758\uc5f4\uc1e0"
        },
        {
            "language": {
                "name": "zh-Hant",
                "url": "/api/v2/language/4/"
            },
            "name": "\u79d8\u5bc6\u9470\u5319"
        },
        {
            "language": {
                "name": "fr",
                "url": "/api/v2/language/5/"
            },
            "name": "Cl\u00e9 Secr\u00e8te"
        },
        {
            "language": {
                "name": "de",
                "url": "/api/v2/language/6/"
            },
            "name": "Geheimschl\u00fcssel"
        },
        {
            "language": {
                "name": "es",
                "url": "/api/v2/language/7/"
            },
            "name": "Llave Secreta"
        },
        {
            "language": {
                "name": "it",
                "url": "/api/v2/language/8/"
            },
            "name": "Chiave segreta"
        },
        {
            "language": {
                "name": "en",
                "url": "/api/v2/language/9/"
            },
            "name": "Secret Key"
        },
        {
            "language": {
                "name": "ja",
                "url": "/api/v2/language/11/"
            },
            "name": "\u3072\u307f\u3064\u306e\u30ab\u30ae"
        },
        {
            "language": {
                "name": "zh-Hans",
                "url": "/api/v2/language/12/"
            },
            "name": "\u79d8\u5bc6\u94a5\u5319"
        }
    ],
    "sprites": {
        "default": null
    }
}