{
    "attributes": [],
    "baby_trigger_for": null,
    "category": {
        "name": "all-machines",
        "url": "/api/v2/item-category/37/"
    },
    "cost": 10000,
    "effect_entries": [],
    "flavor_text_entries": [
        {
            "language": {
                "name": "ja-Hrkt",
                "url": "/api/v2/language/1/"
            },
            "text": "\u306f\u304c\u306d\u306e\u3000\u3088\u3046\u306a\n\u304b\u305f\u3044\u3000\u3042\u305f\u307e\u3067\u3000\u3053\u3046\u3052\u304d\u3059\u308b\u3002\n\u3042\u3044\u3066\u3092\u3000\u3072\u308b\u307e\u305b\u308b\u3000\u3053\u3068\u304c\u3000\u3042\u308b\u3002",
            "version_group": {
                "name": "sword-shield",
                "url": "/api/v2/version-group/20/"
            }
        },
        {
            "language": {
                "name": "ko",
                "url": "/api/v2/language/3/"
            },
            "text": "\uac15\ucca0\uacfc \uac19\uc740\n\ub2e8\ub2e8\ud55c \uba38\ub9ac\ub85c \uacf5\uaca9\ud55c\ub2e4.\n\uc0c1\ub300\ub97c \ud480\uc8fd\uac8c \ub9cc\ub4e4 \ub54c\uac00 \uc788\ub2e4.",
            "version_group": {
                "name": "sword-shield",
                "url": "/api/v2/version-group/20/"
            }
        },
        {
            "language": {
                "name": "zh-Hant",
                "url": "/api/v2/language/4/"
            },
            "text": "\u7528\u5982\u540c\u92fc\u9435\u822c\n\u5805\u786c\u7684\u982d\u90e8\u9032\u884c\u653b\u64ca\u3002\n\u6709\u6642\u6703\u8b93\u5c0d\u624b\u754f\u7e2e\u3002",
            "version_group": {
                "name": "sword-shield",
                "url": "/api/v2/version-group/20/"
            }
        },
        {
            "language": {
                "name": "fr",
                "url": "/api/v2/language/5/"
            },
            "text": "Le lanceur heurte l\u2019ennemi avec sa t\u00eate dure\ncomme de l\u2019acier. Peut aussi l\u2019apeurer.",
            "version_group": {
                "name": "sword-shield",
                "url": "/api/v2/version-group/20/"
            }
        },
        {
            "language": {
                "name": "de",
                "url": "/api/v2/language/6/"
            },
            "text": "Ziel wird durch stahlharten Kopf des Anwenders\ngetroffen und schreckt eventuell zur\u00fcck.",
            "version_group": {
                "name": "sword-shield",
                "url": "/api/v2/version-group/20/"
            }
        },
        {
            "language": {
                "name": "es",
                "url": "/api/v2/language/7/"
            },
            "text": "Ataca con su dura cabeza de hierro. Puede hacer que\nel objetivo se amedrente.",
            "version_group": {
                "name": "sword-shield",
                "url": "/api/v2/version-group/20/"
            }
        },
        {
            "language": {
                "name": "it",
                "url": "/api/v2/language/8/"
            },
            "text": "Chi la usa colpisce il bersaglio con la sua testa\ndura come l\u2019acciaio. Pu\u00f2 anche farlo tentennare.",
            "version_group": {
                "name": "sword-shield",
                "url": "/api/v2/version-group/20/"
            }
        },
        {
            "language": {
                "name": "en",
                "url": "/api/v2/language/9/"
            },
            "text": "The user slams the target with its steel-hard head.\nThis may also make the target flinch.",
            "version_group": {
                "name": "sword-shield",
                "url": "/api/v2/version-group/20/"
            }
        },
        {
            "language": {
                "name": "ja",
                "url": "/api/v2/language/11/"
            },
            "text": "\u92fc\u306e\u3000\u3088\u3046\u306a\n\u786c\u3044\u3000\u982d\u3067\u3000\u653b\u6483\u3059\u308b\u3002\n\u76f8\u624b\u3092\u3000\u3072\u308b\u307e\u305b\u308b\u3053\u3068\u304c\u3000\u3042\u308b\u3002",
            "version_group": {
                "name": "sword-shield",
                "url": "/api/v2/version-group/20/"
            }
        },
        {
            "language": {
                "name": "zh-Hans",
                "url": "/api/v2/language/12/"
            },
            "text": "\u7528\u94a2\u94c1\u822c\u575a\u786c\u7684\u5934\u90e8\u8fdb\u884c\u653b\u51fb\u3002\n\u6709\u65f6\u4f1a\u4f7f\u5bf9\u624b\u754f\u7f29\u3002",
            "version_group": {
                "name": "sword-shield",
                "url": "/api/v2/version-group/20/"
            }
        }
    ],
    "fling_effect": null,
    "fling_power": 80,
    "game_indices": [
        {
            "game_index": 1204,
            "generation": {
                "name": "generation-viii",
                "url": "/api/v2/generation/8/"
            }
        }
    ],
    "held_by_pokemon": [],
    "id": 1262,
    "machines": [
        {
            "machine": {
                "url": "/api/v2/machine/1663/"
            },
            "version_group": {
                "name": "sword-shield",
                "url": "/api/v2/version-group/20/"
            }
        }
    ],
    "name": "tr74",
    "names": [
        {
            "language": {
                "name": "ja-Hrkt",
                "url": "/api/v2/language/1/"
            },
            "name": "\u308f\u3056\u30ec\u30b3\u30fc\u30c9\uff17\uff14"
        },
        {
            "language": {
                "name": "ko",
                "url": "/api/v2/language/3/"
            },
            "name": "\uae30\uc220\ub808\ucf54\ub4dc74"
        },
        {
            "language": {
                "name": "zh-Hant",
                "url": "/api/v2/language/4/"
            },
            "name": "\u62db\u5f0f\u7d00\u9304\uff17\uff14"
        },
        {
            "language": {
                "name": "fr",
                "url": "/api/v2/language/5/"
            },
            "name": "DT74"
        },
        {
            "language": {
                "name": "de",
                "url": "/api/v2/language/6/"
            },
            "name": "TP74"
        },
        {
            "language": {
                "name": "es",
                "url": "/api/v2/language/7/"
            },
            "name": "DT74"
        },
        {
            "language": {
                "name": "it",
                "url": "/api/v2/language/8/"
            },
            "name": "DT74"
        },
        {
            "language": {
                "name": "en",
                "url": "/api/v2/language/9/"
            },
            "name": "TR74"
        },
        {
            "language": {
                "name": "ja",
                "url": "/api/v2/language/11/"
            },
            "name": "\u308f\u3056\u30ec\u30b3\u30fc\u30c9\uff17\uff14"
        },
        {
            "language": {
                "name": "zh-Hans",
                "url": "/api/v2/language/12/"
            },
            "name": "\u62db\u5f0f\u8bb0\u5f55\uff17\uff14"
        }
    ],
    "sprites": {
        "default": null
    }
}