{
    "attributes": [],
    "baby_trigger_for": null,
    "category": {
        "name": "plot-advancement",
        "url": "/api/v2/item-category/22/"
    },
    "cost": 0,
    "effect_entries": [],
    "flavor_text_entries": [
        {
            "language": {
                "name": "zh-Hant",
                "url": "/api/v2/language/4/"
            },
            "text": "\u4e00\u500b\u5973\u5b69\u5b50\u8a17\u4ed8\u7684\u4fe1\u3002\n\u6536\u4fe1\u4eba\u662f\u7537\u5b69\u5b50\u3002\n\u4e0d\u77e5\u70ba\u4f55\u611f\u89ba\u6709\u9ede\u9673\u820a\u3002",
            "version_group": {
                "name": "sword-shield",
                "url": "/api/v2/version-group/20/"
            }
        },
        {
            "language": {
                "name": "ja-Hrkt",
                "url": "/api/v2/language/1/"
            },
            "text": "\u304a\u3093\u306a\u306e\u3053\u3000\u304b\u3089\u3000\u3042\u305a\u304b\u3063\u305f\u3000\u3066\u304c\u307f\u3002\n\u3042\u3066\u3055\u304d\u306f\u3000\u304a\u3068\u3053\u306e\u3053\u3002\n\u306a\u305c\u3060\u304b\u3000\u3075\u308b\u3073\u305f\u3000\u304b\u3093\u3058\u304c\u3000\u3059\u308b\u3002",
            "version_group": {
                "name": "sword-shield",
                "url": "/api/v2/version-group/20/"
            }
        },
        {
            "language": {
                "name": "ko",
                "url": "/api/v2/language/3/"
            },
            "text": "\uc5ec\uc790\uc544\uc774\uac00 \ub9e1\uae34 \ud3b8\uc9c0.\n\ubc1b\ub294 \uc774\ub294 \ub0a8\uc790\uc544\uc774\ub85c \ub418\uc5b4 \uc788\ub2e4.\n\uc5b4\uc9f8\uc120\uc9c0 \ub0a1\uc544 \ubcf4\uc778\ub2e4.",
            "version_group": {
                "name": "sword-shield",
                "url": "/api/v2/version-group/20/"
            }
        },
        {
            "language": {
                "name": "fr",
                "url": "/api/v2/language/5/"
            },
            "text": "Une lettre confi\u00e9e par une petite fille,\ndont le destinataire est un petit gar\u00e7on.\nElle semble jaunie par le temps...",
            "version_group": {
                "name": "sword-shield",
                "url": "/api/v2/version-group/20/"
            }
        },
        {
            "language": {
                "name": "de",
                "url": "/api/v2/language/6/"
            },
            "text": "Diesen Brief hast du von einem M\u00e4dchen erhalten, um\nihn einem Jungen zu \u00fcbergeben. Aus irgendeinem\nGrund sieht er schon etwas \u00e4lter und vergilbt aus.",
            "version_group": {
                "name": "sword-shield",
                "url": "/api/v2/version-group/20/"
            }
        },
        {
            "language": {
                "name": "es",
                "url": "/api/v2/language/7/"
            },
            "text": "Carta de aspecto desgastado entregada por una ni\u00f1a y\ncon un chico como destinatario.",
            "version_group": {
                "name": "sword-shield",
                "url": "/api/v2/version-group/20/"
            }
        },
        {
            "language": {
                "name": "it",
                "url": "/api/v2/language/8/"
            },
            "text": "Una lettera, indirizzata a un bambino, che ha\nl\u2019aria di essere un po\u2019 consumata dal tempo.\nL\u2019hai ricevuta in consegna da una bambina.",
            "version_group": {
                "name": "sword-shield",
                "url": "/api/v2/version-group/20/"
            }
        },
        {
            "language": {
                "name": "en",
                "url": "/api/v2/language/9/"
            },
            "text": "A letter entrusted to you by a girl, to be delivered to\na boy. Strangely, it looks old to you.",
            "version_group": {
                "name": "sword-shield",
                "url": "/api/v2/version-group/20/"
            }
        },
        {
            "language": {
                "name": "ja",
                "url": "/api/v2/language/11/"
            },
            "text": "\u5973\u306e\u5b50\u3000\u304b\u3089\u3000\u9810\u304b\u3063\u305f\u3000\u624b\u7d19\u3002\n\u5b9b\u5148\u306f\u3000\u7537\u306e\u5b50\u3002\n\u306a\u305c\u3060\u304b\u3000\u53e4\u3073\u305f\u3000\u611f\u3058\u304c\u3000\u3059\u308b\u3002",
            "version_group": {
                "name": "sword-shield",
                "url": "/api/v2/version-group/20/"
            }
        },
        {
            "language": {
                "name": "zh-Hans",
                "url": "/api/v2/language/12/"
            },
            "text": "\u5973\u5b69\u5b50\u6295\u9012\u7684\u4e66\u4fe1\n\u6536\u4ef6\u4eba\u662f\u7537\u5b69\u5b50\u3002\n\u6563\u53d1\u51fa\u4e00\u79cd\u6000\u65e7\u7684\u6c14\u606f\u3002",
            "version_group": {
                "name": "sword-shield",
                "url": "/api/v2/version-group/20/"
            }
        }
    ],
    "fling_effect": null,
    "fling_power": null,
    "game_indices": [
        {
            "game_index": 1269,
            "generation": {
                "name": "generation-viii",
                "url": "/api/v2/generation/8/"
            }
        }
    ],
    "held_by_pokemon": [],
    "id": 1326,
    "machines": [],
    "name": "old-letter",
    "names": [
        {
            "language": {
                "name": "ja-Hrkt",
                "url": "/api/v2/language/1/"
            },
            "name": "\u3075\u308b\u3073\u305f\u3066\u304c\u307f"
        },
        {
            "language": {
                "name": "ko",
                "url": "/api/v2/language/3/"
            },
            "name": "\ub0a1\uc740\ud3b8\uc9c0"
        },
        {
            "language": {
                "name": "zh-Hant",
                "url": "/api/v2/language/4/"
            },
            "name": "\u9673\u820a\u7684\u4fe1"
        },
        {
            "language": {
                "name": "fr",
                "url": "/api/v2/language/5/"
            },
            "name": "Lettre Jaunie"
        },
        {
            "language": {
                "name": "de",
                "url": "/api/v2/language/6/"
            },
            "name": "Vergilbter Brief"
        },
        {
            "language": {
                "name": "es",
                "url": "/api/v2/language/7/"
            },
            "name": "Carta Ajada"
        },
        {
            "language": {
                "name": "it",
                "url": "/api/v2/language/8/"
            },
            "name": "Vecchia lettera"
        },
        {
            "language": {
                "name": "en",
                "url": "/api/v2/language/9/"
            },
            "name": "Old Letter"
        },
        {
            "language": {
                "name": "ja",
                "url": "/api/v2/language/11/"
            },
            "name": "\u3075\u308b\u3073\u305f\u3066\u304c\u307f"
        },
        {
            "language": {
                "name": "zh-Hans",
                "url": "/api/v2/language/12/"
            },
            "name": "\u9648\u65e7\u7684\u4fe1"
        }
    ],
    "sprites": {
        "default": null
    }
}