{
    "attributes": [],
    "baby_trigger_for": null,
    "category": {
        "name": "unused",
        "url": "/api/v2/item-category/23/"
    },
    "cost": 0,
    "effect_entries": [],
    "flavor_text_entries": [
        {
            "language": {
                "name": "ja-Hrkt",
                "url": "/api/v2/language/1/"
            },
            "text": "\u30ac\u30e9\u30eb\u3061\u307b\u3046\u306e\u3000\u30ab\u30ea\u30b9\u30de\u3067\u3000\u3042\u308b\n\u30d0\u30f3\u30c9\u300c\u30de\u30ad\u30b7\u30de\u30a4\u30b6\u30ba\u300d\u306e\n\u30e1\u30f3\u30d0\u30fc\u3000\u305c\u3093\u3044\u3093\u306b\u3000\u3088\u308b\u3000\u30b5\u30a4\u30f3\u3002",
            "version_group": {
                "name": "sword-shield",
                "url": "/api/v2/version-group/20/"
            }
        },
        {
            "language": {
                "name": "ko",
                "url": "/api/v2/language/3/"
            },
            "text": "\uac00\ub77c\ub974\uc9c0\ubc29\uc758 \uce74\ub9ac\uc2a4\ub9c8 \ub118\uce58\ub294\n\ubc34\ub4dc \u201c\ub9e5\uc2dc\ub9c8\uc774\uc800\uc988\u201d\n\uba64\ubc84 \uc804\uc6d0\uc758 \uc0ac\uc778.",
            "version_group": {
                "name": "sword-shield",
                "url": "/api/v2/version-group/20/"
            }
        },
        {
            "language": {
                "name": "zh-Hant",
                "url": "/api/v2/language/4/"
            },
            "text": "\u4f3d\u52d2\u723e\u5730\u5340\u795e\u7d1a\u6a02\u5718\n\u300c\u99ac\u897f\u99ac\u8cfd\u300d\u5168\u9ad4\u6210\u54e1\u7684\u7c3d\u540d\u3002",
            "version_group": {
                "name": "sword-shield",
                "url": "/api/v2/version-group/20/"
            }
        },
        {
            "language": {
                "name": "fr",
                "url": "/api/v2/language/5/"
            },
            "text": "Une d\u00e9dicace des membres du c\u00e9l\u00e8bre groupe de Galar,\n\u00ab\u202fThe Maximizers\u202f\u00bb, au grand complet.",
            "version_group": {
                "name": "sword-shield",
                "url": "/api/v2/version-group/20/"
            }
        },
        {
            "language": {
                "name": "de",
                "url": "/api/v2/language/6/"
            },
            "text": "Auf dieser Autogrammkarte haben alle Mitglieder der\nMaximizers unterschrieben. Die Band erfreut sich in der\nGalar-Region gro\u00dfer Beliebtheit.",
            "version_group": {
                "name": "sword-shield",
                "url": "/api/v2/version-group/20/"
            }
        },
        {
            "language": {
                "name": "es",
                "url": "/api/v2/language/7/"
            },
            "text": "Un aut\u00f3grafo firmado por todos los miembros de los\nMaximizers, el grupo musical m\u00e1s carism\u00e1tico de Galar.",
            "version_group": {
                "name": "sword-shield",
                "url": "/api/v2/version-group/20/"
            }
        },
        {
            "language": {
                "name": "it",
                "url": "/api/v2/language/8/"
            },
            "text": "Gli autografi di tutti i membri della banda\npi\u00f9 carismatica di Galar, i \u201cMaximizers\u201d.",
            "version_group": {
                "name": "sword-shield",
                "url": "/api/v2/version-group/20/"
            }
        },
        {
            "language": {
                "name": "en",
                "url": "/api/v2/language/9/"
            },
            "text": "It\u2019s signed by all members of the Galar region\u2019s most\ncharismatic band, the Maximizers.",
            "version_group": {
                "name": "sword-shield",
                "url": "/api/v2/version-group/20/"
            }
        },
        {
            "language": {
                "name": "ja",
                "url": "/api/v2/language/11/"
            },
            "text": "\u30ac\u30e9\u30eb\u5730\u65b9\u306e\u3000\u30ab\u30ea\u30b9\u30de\u3067\u3000\u3042\u308b\n\u30d0\u30f3\u30c9\u300c\u30de\u30ad\u30b7\u30de\u30a4\u30b6\u30ba\u300d\u306e\n\u30e1\u30f3\u30d0\u30fc\u3000\u5168\u54e1\u306b\u3000\u3088\u308b\u3000\u30b5\u30a4\u30f3\u3002",
            "version_group": {
                "name": "sword-shield",
                "url": "/api/v2/version-group/20/"
            }
        },
        {
            "language": {
                "name": "zh-Hans",
                "url": "/api/v2/language/12/"
            },
            "text": "\u4f3d\u52d2\u5c14\u5730\u533a\u7684\u6807\u5fd7\u6027\u4e50\u961f\n\u201c\u9a6c\u897f\u9a6c\u8d5b\u201d\n\u5168\u4f53\u6210\u5458\u7684\u4eb2\u7b14\u7b7e\u540d\u3002",
            "version_group": {
                "name": "sword-shield",
                "url": "/api/v2/version-group/20/"
            }
        }
    ],
    "fling_effect": null,
    "fling_power": null,
    "game_indices": [
        {
            "game_index": 1270,
            "generation": {
                "name": "generation-viii",
                "url": "/api/v2/generation/8/"
            }
        }
    ],
    "held_by_pokemon": [],
    "id": 1327,
    "machines": [],
    "name": "band-autograph",
    "names": [
        {
            "language": {
                "name": "ja-Hrkt",
                "url": "/api/v2/language/1/"
            },
            "name": "\u30d0\u30f3\u30c9\u306e\u30b5\u30a4\u30f3"
        },
        {
            "language": {
                "name": "ko",
                "url": "/api/v2/language/3/"
            },
            "name": "\ubc34\ub4dc\uc758\uc0ac\uc778"
        },
        {
            "language": {
                "name": "zh-Hant",
                "url": "/api/v2/language/4/"
            },
            "name": "\u6a02\u5718\u7684\u7c3d\u540d"
        },
        {
            "language": {
                "name": "fr",
                "url": "/api/v2/language/5/"
            },
            "name": "D\u00e9dicace"
        },
        {
            "language": {
                "name": "de",
                "url": "/api/v2/language/6/"
            },
            "name": "Band-Autogramm"
        },
        {
            "language": {
                "name": "es",
                "url": "/api/v2/language/7/"
            },
            "name": "Aut\u00f3grafo Grupo"
        },
        {
            "language": {
                "name": "it",
                "url": "/api/v2/language/8/"
            },
            "name": "Autografo band"
        },
        {
            "language": {
                "name": "en",
                "url": "/api/v2/language/9/"
            },
            "name": "Band Autograph"
        },
        {
            "language": {
                "name": "ja",
                "url": "/api/v2/language/11/"
            },
            "name": "\u30d0\u30f3\u30c9\u306e\u30b5\u30a4\u30f3"
        },
        {
            "language": {
                "name": "zh-Hans",
                "url": "/api/v2/language/12/"
            },
            "name": "\u4e50\u961f\u7684\u7b7e\u540d"
        }
    ],
    "sprites": {
        "default": null
    }
}