{
    "attributes": [
        {
            "name": "underground",
            "url": "/api/v2/item-attribute/8/"
        }
    ],
    "baby_trigger_for": null,
    "category": {
        "name": "dex-completion",
        "url": "/api/v2/item-category/35/"
    },
    "cost": 10000,
    "effect_entries": [
        {
            "effect": "Give to a scientist in the mining museum in oreburgh city or the Museum of Science in pewter city to receive a aerodactyl.",
            "language": {
                "name": "en",
                "url": "/api/v2/language/9/"
            },
            "short_effect": "Can be revived into an Aerodactyl."
        }
    ],
    "flavor_text_entries": [
        {
            "language": {
                "name": "en",
                "url": "/api/v2/language/9/"
            },
            "text": "A stone containing\nthe genes of an\nancient POK\u00e9MON.",
            "version_group": {
                "name": "emerald",
                "url": "/api/v2/version-group/6/"
            }
        },
        {
            "language": {
                "name": "en",
                "url": "/api/v2/language/9/"
            },
            "text": "A piece of amber that contains\nthe genes of an ancient POK\u00e9MON.\nIt is clear with a reddish tint.",
            "version_group": {
                "name": "firered-leafgreen",
                "url": "/api/v2/version-group/7/"
            }
        },
        {
            "language": {
                "name": "en",
                "url": "/api/v2/language/9/"
            },
            "text": "A piece of amber that contains the\ngenetic material of an ancient Pok\u00e9mon.\nIt is clear with a reddish tint.",
            "version_group": {
                "name": "diamond-pearl",
                "url": "/api/v2/version-group/8/"
            }
        },
        {
            "language": {
                "name": "en",
                "url": "/api/v2/language/9/"
            },
            "text": "A piece of amber that contains the\ngenetic material of an ancient Pok\u00e9mon.\nIt is clear with a reddish tint.",
            "version_group": {
                "name": "platinum",
                "url": "/api/v2/version-group/9/"
            }
        },
        {
            "language": {
                "name": "en",
                "url": "/api/v2/language/9/"
            },
            "text": "A piece of amber that contains the\ngenetic material of an ancient Pok\u00e9mon.\nIt is clear with a reddish tint.",
            "version_group": {
                "name": "heartgold-soulsilver",
                "url": "/api/v2/version-group/10/"
            }
        },
        {
            "language": {
                "name": "fr",
                "url": "/api/v2/language/5/"
            },
            "text": "Un morceau d\u2019ambre contenant\nl\u2019ADN d\u2019un ancien Pok\u00e9mon. Il\nest de couleur jaune.",
            "version_group": {
                "name": "black-white",
                "url": "/api/v2/version-group/11/"
            }
        },
        {
            "language": {
                "name": "en",
                "url": "/api/v2/language/9/"
            },
            "text": "A piece of amber that contains the\ngenetic material of an ancient Pok\u00e9mon.\nIt is clear with a reddish tint.",
            "version_group": {
                "name": "black-white",
                "url": "/api/v2/version-group/11/"
            }
        },
        {
            "language": {
                "name": "en",
                "url": "/api/v2/language/9/"
            },
            "text": "A piece of amber that contains the\ngenetic material of an ancient Pok\u00e9mon.\nIt is clear with a reddish tint.",
            "version_group": {
                "name": "black-2-white-2",
                "url": "/api/v2/version-group/14/"
            }
        },
        {
            "language": {
                "name": "ja-Hrkt",
                "url": "/api/v2/language/1/"
            },
            "text": "\u3053\u3060\u3044\u3000\u30dd\u30b1\u30e2\u30f3\u306e\u3000\u3044\u3067\u3093\u3057\u304c\n\u3068\u3058\u3053\u3081\u3089\u308c\u3066\u3044\u308b\u3000\u30b3\u30cf\u30af\u3002\n\u3042\u304b\u307f\u3092\u3000\u304a\u3073\u3066\u3000\u3059\u3051\u3066\u3044\u308b\u3002",
            "version_group": {
                "name": "x-y",
                "url": "/api/v2/version-group/15/"
            }
        },
        {
            "language": {
                "name": "ko",
                "url": "/api/v2/language/3/"
            },
            "text": "\uace0\ub300 \ud3ec\ucf13\ubaac\uc758 \uc720\uc804\uc790\uac00\n\uac07\ud600 \uc788\ub294 \ud638\ubc15.\n\ubd89\uc740 \uae30\uac00 \ub3cc\uba74\uc11c \uc57d\uac04 \ud22c\uba85\ud558\ub2e4.",
            "version_group": {
                "name": "x-y",
                "url": "/api/v2/version-group/15/"
            }
        },
        {
            "language": {
                "name": "fr",
                "url": "/api/v2/language/5/"
            },
            "text": "Un morceau d\u2019ambre contenant l\u2019ADN d\u2019un\nancien Pok\u00e9mon. Il est de couleur jaune.",
            "version_group": {
                "name": "x-y",
                "url": "/api/v2/version-group/15/"
            }
        },
        {
            "language": {
                "name": "de",
                "url": "/api/v2/language/6/"
            },
            "text": "Ein St\u00fcck Bernstein, in dem die Gene eines\nuralten Pok\u00e9mon enthalten sind. Es ist\ndurchsichtig.",
            "version_group": {
                "name": "x-y",
                "url": "/api/v2/version-group/15/"
            }
        },
        {
            "language": {
                "name": "es",
                "url": "/api/v2/language/7/"
            },
            "text": "Fragmento de \u00e1mbar que contiene informaci\u00f3n\ngen\u00e9tica de un Pok\u00e9mon ancestral. Es de color\namarillo.",
            "version_group": {
                "name": "x-y",
                "url": "/api/v2/version-group/15/"
            }
        },
        {
            "language": {
                "name": "it",
                "url": "/api/v2/language/8/"
            },
            "text": "Pezzo di ambra che contiene il materiale\ngenetico di un Pok\u00e9mon antico. \u00c8 chiaro\ne di colore giallastro.",
            "version_group": {
                "name": "x-y",
                "url": "/api/v2/version-group/15/"
            }
        },
        {
            "language": {
                "name": "en",
                "url": "/api/v2/language/9/"
            },
            "text": "A piece of amber that still contains the\ngenetic material of an ancient Pok\u00e9mon.\nIt\u2019s clear with a tawny, reddish tint.",
            "version_group": {
                "name": "x-y",
                "url": "/api/v2/version-group/15/"
            }
        },
        {
            "language": {
                "name": "ja",
                "url": "/api/v2/language/11/"
            },
            "text": "\u53e4\u4ee3\u30dd\u30b1\u30e2\u30f3\u306e\u3000\u907a\u4f1d\u5b50\u304c\n\u9589\u3058\u3053\u3081\u3089\u308c\u3066\u3044\u308b\u3000\u30b3\u30cf\u30af\u3002\n\u8d64\u307f\u3092\u3000\u5e2f\u3073\u3066\u3000\u900f\u3051\u3066\u3044\u308b\u3002",
            "version_group": {
                "name": "x-y",
                "url": "/api/v2/version-group/15/"
            }
        },
        {
            "language": {
                "name": "ja-Hrkt",
                "url": "/api/v2/language/1/"
            },
            "text": "\u3053\u3060\u3044\u3000\u30dd\u30b1\u30e2\u30f3\u306e\u3000\u3044\u3067\u3093\u3057\u304c\n\u3068\u3058\u3053\u3081\u3089\u308c\u3066\u3044\u308b\u3000\u30b3\u30cf\u30af\u3002\n\u3042\u304b\u307f\u3092\u3000\u304a\u3073\u3066\u3000\u3059\u3051\u3066\u3044\u308b\u3002",
            "version_group": {
                "name": "sun-moon",
                "url": "/api/v2/version-group/17/"
            }
        },
        {
            "language": {
                "name": "ko",
                "url": "/api/v2/language/3/"
            },
            "text": "\uace0\ub300 \ud3ec\ucf13\ubaac\uc758 \uc720\uc804\uc790\uac00\n\uac07\ud600 \uc788\ub294 \ud638\ubc15.\n\ubd89\uc740 \uae30\uac00 \ub3cc\uba74\uc11c \uc57d\uac04 \ud22c\uba85\ud558\ub2e4.",
            "version_group": {
                "name": "sun-moon",
                "url": "/api/v2/version-group/17/"
            }
        },
        {
            "language": {
                "name": "zh-Hant",
                "url": "/api/v2/language/4/"
            },
            "text": "\u5c01\u5b58\u8457\u53e4\u4ee3\u5bf6\u53ef\u5922\n\u907a\u50b3\u57fa\u56e0\u7684\u7425\u73c0\uff0c\n\u900f\u8457\u9ede\u7d05\u8272\u3002",
            "version_group": {
                "name": "sun-moon",
                "url": "/api/v2/version-group/17/"
            }
        },
        {
            "language": {
                "name": "fr",
                "url": "/api/v2/language/5/"
            },
            "text": "Un morceau d\u2019ambre contenant l\u2019ADN d\u2019un\nancien Pok\u00e9mon. Il est de couleur jaune.",
            "version_group": {
                "name": "sun-moon",
                "url": "/api/v2/version-group/17/"
            }
        },
        {
            "language": {
                "name": "de",
                "url": "/api/v2/language/6/"
            },
            "text": "Ein St\u00fcck Bernstein, in dem die Gene eines uralten\nPok\u00e9mon enthalten sind. Es ist durchsichtig.",
            "version_group": {
                "name": "sun-moon",
                "url": "/api/v2/version-group/17/"
            }
        },
        {
            "language": {
                "name": "es",
                "url": "/api/v2/language/7/"
            },
            "text": "Fragmento de \u00e1mbar que contiene informaci\u00f3n\ngen\u00e9tica de un Pok\u00e9mon prehist\u00f3rico. Es de color\namarillo.",
            "version_group": {
                "name": "sun-moon",
                "url": "/api/v2/version-group/17/"
            }
        },
        {
            "language": {
                "name": "it",
                "url": "/api/v2/language/8/"
            },
            "text": "Pezzo di ambra che contiene il materiale genetico\ndi un Pok\u00e9mon antico. \u00c8 chiaro e di colore giallastro.",
            "version_group": {
                "name": "sun-moon",
                "url": "/api/v2/version-group/17/"
            }
        },
        {
            "language": {
                "name": "en",
                "url": "/api/v2/language/9/"
            },
            "text": "A piece of amber that still contains the genetic\nmaterial of an ancient Pok\u00e9mon. It\u2019s clear with a\ntawny, reddish tint.",
            "version_group": {
                "name": "sun-moon",
                "url": "/api/v2/version-group/17/"
            }
        },
        {
            "language": {
                "name": "ja",
                "url": "/api/v2/language/11/"
            },
            "text": "\u53e4\u4ee3\u30dd\u30b1\u30e2\u30f3\u306e\u3000\u907a\u4f1d\u5b50\u304c\n\u9589\u3058\u3053\u3081\u3089\u308c\u3066\u3044\u308b\u3000\u30b3\u30cf\u30af\u3002\n\u8d64\u307f\u3092\u3000\u5e2f\u3073\u3066\u3000\u900f\u3051\u3066\u3044\u308b\u3002",
            "version_group": {
                "name": "sun-moon",
                "url": "/api/v2/version-group/17/"
            }
        },
        {
            "language": {
                "name": "zh-Hans",
                "url": "/api/v2/language/12/"
            },
            "text": "\u5c01\u5b58\u7740\u53e4\u4ee3\u5b9d\u53ef\u68a6\n\u9057\u4f20\u57fa\u56e0\u7684\u7425\u73c0\uff0c\n\u900f\u7740\u70b9\u7ea2\u8272\u3002",
            "version_group": {
                "name": "sun-moon",
                "url": "/api/v2/version-group/17/"
            }
        },
        {
            "language": {
                "name": "ja-Hrkt",
                "url": "/api/v2/language/1/"
            },
            "text": "\u3053\u3060\u3044\u3000\u30dd\u30b1\u30e2\u30f3\u306e\u3000\u3044\u3067\u3093\u3057\u304c\n\u3068\u3058\u3053\u3081\u3089\u308c\u3066\u3044\u308b\u3000\u30b3\u30cf\u30af\u3002\n\u3042\u304b\u307f\u3092\u3000\u304a\u3073\u3066\u3000\u3059\u3051\u3066\u3044\u308b\u3002",
            "version_group": {
                "name": "ultra-sun-ultra-moon",
                "url": "/api/v2/version-group/18/"
            }
        },
        {
            "language": {
                "name": "ko",
                "url": "/api/v2/language/3/"
            },
            "text": "\uace0\ub300 \ud3ec\ucf13\ubaac\uc758 \uc720\uc804\uc790\uac00\n\uac07\ud600 \uc788\ub294 \ud638\ubc15.\n\ubd89\uc740 \uae30\uac00 \ub3cc\uba74\uc11c \uc57d\uac04 \ud22c\uba85\ud558\ub2e4.",
            "version_group": {
                "name": "ultra-sun-ultra-moon",
                "url": "/api/v2/version-group/18/"
            }
        },
        {
            "language": {
                "name": "zh-Hant",
                "url": "/api/v2/language/4/"
            },
            "text": "\u5c01\u5b58\u8457\u53e4\u4ee3\u5bf6\u53ef\u5922\n\u907a\u50b3\u57fa\u56e0\u7684\u7425\u73c0\uff0c\n\u900f\u8457\u9ede\u7d05\u8272\u3002",
            "version_group": {
                "name": "ultra-sun-ultra-moon",
                "url": "/api/v2/version-group/18/"
            }
        },
        {
            "language": {
                "name": "fr",
                "url": "/api/v2/language/5/"
            },
            "text": "Un morceau d\u2019ambre contenant l\u2019ADN d\u2019un\nancien Pok\u00e9mon. Il est de couleur jaune.",
            "version_group": {
                "name": "ultra-sun-ultra-moon",
                "url": "/api/v2/version-group/18/"
            }
        },
        {
            "language": {
                "name": "de",
                "url": "/api/v2/language/6/"
            },
            "text": "Ein St\u00fcck Bernstein, in dem die Gene eines uralten\nPok\u00e9mon enthalten sind. Es ist durchsichtig.",
            "version_group": {
                "name": "ultra-sun-ultra-moon",
                "url": "/api/v2/version-group/18/"
            }
        },
        {
            "language": {
                "name": "es",
                "url": "/api/v2/language/7/"
            },
            "text": "Fragmento de \u00e1mbar que contiene informaci\u00f3n\ngen\u00e9tica de un Pok\u00e9mon prehist\u00f3rico. Es de color\namarillo.",
            "version_group": {
                "name": "ultra-sun-ultra-moon",
                "url": "/api/v2/version-group/18/"
            }
        },
        {
            "language": {
                "name": "it",
                "url": "/api/v2/language/8/"
            },
            "text": "Pezzo di ambra che contiene il materiale genetico\ndi un Pok\u00e9mon antico. \u00c8 chiaro e di colore giallastro.",
            "version_group": {
                "name": "ultra-sun-ultra-moon",
                "url": "/api/v2/version-group/18/"
            }
        },
        {
            "language": {
                "name": "en",
                "url": "/api/v2/language/9/"
            },
            "text": "A piece of amber that still contains the genetic\nmaterial of an ancient Pok\u00e9mon. It\u2019s clear with a\ntawny, reddish tint.",
            "version_group": {
                "name": "ultra-sun-ultra-moon",
                "url": "/api/v2/version-group/18/"
            }
        },
        {
            "language": {
                "name": "ja",
                "url": "/api/v2/language/11/"
            },
            "text": "\u53e4\u4ee3\u30dd\u30b1\u30e2\u30f3\u306e\u3000\u907a\u4f1d\u5b50\u304c\n\u9589\u3058\u3053\u3081\u3089\u308c\u3066\u3044\u308b\u3000\u30b3\u30cf\u30af\u3002\n\u8d64\u307f\u3092\u3000\u5e2f\u3073\u3066\u3000\u900f\u3051\u3066\u3044\u308b\u3002",
            "version_group": {
                "name": "ultra-sun-ultra-moon",
                "url": "/api/v2/version-group/18/"
            }
        },
        {
            "language": {
                "name": "zh-Hans",
                "url": "/api/v2/language/12/"
            },
            "text": "\u5c01\u5b58\u7740\u53e4\u4ee3\u5b9d\u53ef\u68a6\n\u9057\u4f20\u57fa\u56e0\u7684\u7425\u73c0\uff0c\n\u900f\u7740\u70b9\u7ea2\u8272\u3002",
            "version_group": {
                "name": "ultra-sun-ultra-moon",
                "url": "/api/v2/version-group/18/"
            }
        },
        {
            "language": {
                "name": "ja-Hrkt",
                "url": "/api/v2/language/1/"
            },
            "text": "\u3053\u3060\u3044\u3000\u30dd\u30b1\u30e2\u30f3\u306e\u3000\u3044\u3067\u3093\u3057\u304c\n\u3068\u3058\u3053\u3081\u3089\u308c\u3066\u3044\u308b\u3000\u30b3\u30cf\u30af\u3002\n\u3042\u304b\u307f\u3092\u3000\u304a\u3073\u3066\u3000\u3059\u3051\u3066\u3044\u308b\u3002",
            "version_group": {
                "name": "lets-go-pikachu-lets-go-eevee",
                "url": "/api/v2/version-group/19/"
            }
        },
        {
            "language": {
                "name": "ko",
                "url": "/api/v2/language/3/"
            },
            "text": "\uace0\ub300 \ud3ec\ucf13\ubaac\uc758 \uc720\uc804\uc790\uac00\n\uac07\ud600 \uc788\ub294 \ud638\ubc15.\n\ubd89\uc740 \uae30\uac00 \ub3cc\uba74\uc11c \uc57d\uac04 \ud22c\uba85\ud558\ub2e4.",
            "version_group": {
                "name": "lets-go-pikachu-lets-go-eevee",
                "url": "/api/v2/version-group/19/"
            }
        },
        {
            "language": {
                "name": "zh-Hant",
                "url": "/api/v2/language/4/"
            },
            "text": "\u5c01\u5b58\u8457\u53e4\u4ee3\u5bf6\u53ef\u5922\n\u907a\u50b3\u57fa\u56e0\u7684\u7425\u73c0\uff0c\n\u900f\u8457\u9ede\u7d05\u8272\u3002",
            "version_group": {
                "name": "lets-go-pikachu-lets-go-eevee",
                "url": "/api/v2/version-group/19/"
            }
        },
        {
            "language": {
                "name": "fr",
                "url": "/api/v2/language/5/"
            },
            "text": "Un morceau d\u2019ambre contenant l\u2019ADN d\u2019un ancien\nPok\u00e9mon. Il est de couleur jaune.",
            "version_group": {
                "name": "lets-go-pikachu-lets-go-eevee",
                "url": "/api/v2/version-group/19/"
            }
        },
        {
            "language": {
                "name": "de",
                "url": "/api/v2/language/6/"
            },
            "text": "Ein St\u00fcck Bernstein, in dem die Gene eines uralten\nPok\u00e9mon enthalten sind. Es ist durchsichtig.",
            "version_group": {
                "name": "lets-go-pikachu-lets-go-eevee",
                "url": "/api/v2/version-group/19/"
            }
        },
        {
            "language": {
                "name": "es",
                "url": "/api/v2/language/7/"
            },
            "text": "Fragmento de \u00e1mbar que contiene informaci\u00f3n gen\u00e9tica\nde un Pok\u00e9mon prehist\u00f3rico. Es de color amarillo.",
            "version_group": {
                "name": "lets-go-pikachu-lets-go-eevee",
                "url": "/api/v2/version-group/19/"
            }
        },
        {
            "language": {
                "name": "it",
                "url": "/api/v2/language/8/"
            },
            "text": "Pezzo di ambra che contiene il materiale genetico\ndi un Pok\u00e9mon antico. \u00c8 chiaro e di colore giallastro.",
            "version_group": {
                "name": "lets-go-pikachu-lets-go-eevee",
                "url": "/api/v2/version-group/19/"
            }
        },
        {
            "language": {
                "name": "en",
                "url": "/api/v2/language/9/"
            },
            "text": "A piece of amber that still contains the genetic\nmaterial of an ancient Pok\u00e9mon. It\u2019s clear with a\ntawny, reddish tint.",
            "version_group": {
                "name": "lets-go-pikachu-lets-go-eevee",
                "url": "/api/v2/version-group/19/"
            }
        },
        {
            "language": {
                "name": "ja",
                "url": "/api/v2/language/11/"
            },
            "text": "\u53e4\u4ee3\u30dd\u30b1\u30e2\u30f3\u306e\u3000\u907a\u4f1d\u5b50\u304c\n\u9589\u3058\u3053\u3081\u3089\u308c\u3066\u3044\u308b\u3000\u30b3\u30cf\u30af\u3002\n\u8d64\u307f\u3092\u3000\u5e2f\u3073\u3066\u3000\u900f\u3051\u3066\u3044\u308b\u3002",
            "version_group": {
                "name": "lets-go-pikachu-lets-go-eevee",
                "url": "/api/v2/version-group/19/"
            }
        },
        {
            "language": {
                "name": "zh-Hans",
                "url": "/api/v2/language/12/"
            },
            "text": "\u5c01\u5b58\u7740\u53e4\u4ee3\u5b9d\u53ef\u68a6\n\u9057\u4f20\u57fa\u56e0\u7684\u7425\u73c0\uff0c\n\u900f\u7740\u70b9\u7ea2\u8272\u3002",
            "version_group": {
                "name": "lets-go-pikachu-lets-go-eevee",
                "url": "/api/v2/version-group/19/"
            }
        },
        {
            "language": {
                "name": "ja-Hrkt",
                "url": "/api/v2/language/1/"
            },
            "text": "\u3053\u3060\u3044\u3000\u30dd\u30b1\u30e2\u30f3\u306e\u3000\u3044\u3067\u3093\u3057\u304c\n\u3068\u3058\u3053\u3081\u3089\u308c\u3066\u3044\u308b\u3000\u30b3\u30cf\u30af\u3002\n\u3042\u304b\u307f\u3092\u3000\u304a\u3073\u3066\u3000\u3059\u3051\u3066\u3044\u308b\u3002",
            "version_group": {
                "name": "sword-shield",
                "url": "/api/v2/version-group/20/"
            }
        },
        {
            "language": {
                "name": "ko",
                "url": "/api/v2/language/3/"
            },
            "text": "\uace0\ub300 \ud3ec\ucf13\ubaac\uc758 \uc720\uc804\uc790\uac00\n\uac07\ud600 \uc788\ub294 \ud638\ubc15.\n\ubd89\uc740 \uae30\uac00 \ub3cc\uba74\uc11c \uc57d\uac04 \ud22c\uba85\ud558\ub2e4.",
            "version_group": {
                "name": "sword-shield",
                "url": "/api/v2/version-group/20/"
            }
        },
        {
            "language": {
                "name": "zh-Hant",
                "url": "/api/v2/language/4/"
            },
            "text": "\u5c01\u5b58\u8457\u53e4\u4ee3\u5bf6\u53ef\u5922\n\u907a\u50b3\u57fa\u56e0\u7684\u7425\u73c0\uff0c\n\u900f\u8457\u9ede\u7d05\u8272\u3002",
            "version_group": {
                "name": "sword-shield",
                "url": "/api/v2/version-group/20/"
            }
        },
        {
            "language": {
                "name": "fr",
                "url": "/api/v2/language/5/"
            },
            "text": "Un morceau d\u2019ambre contenant l\u2019ADN d\u2019un ancien\nPok\u00e9mon. Il est de couleur jaune.",
            "version_group": {
                "name": "sword-shield",
                "url": "/api/v2/version-group/20/"
            }
        },
        {
            "language": {
                "name": "de",
                "url": "/api/v2/language/6/"
            },
            "text": "Ein St\u00fcck Bernstein, in dem die Gene eines uralten\nPok\u00e9mon enthalten sind. Es ist durchsichtig.",
            "version_group": {
                "name": "sword-shield",
                "url": "/api/v2/version-group/20/"
            }
        },
        {
            "language": {
                "name": "es",
                "url": "/api/v2/language/7/"
            },
            "text": "Fragmento de \u00e1mbar que contiene informaci\u00f3n gen\u00e9tica\nde un Pok\u00e9mon prehist\u00f3rico. Es de color amarillo.",
            "version_group": {
                "name": "sword-shield",
                "url": "/api/v2/version-group/20/"
            }
        },
        {
            "language": {
                "name": "it",
                "url": "/api/v2/language/8/"
            },
            "text": "Pezzo di ambra che contiene il materiale genetico\ndi un Pok\u00e9mon antico. \u00c8 chiaro e di colore giallastro.",
            "version_group": {
                "name": "sword-shield",
                "url": "/api/v2/version-group/20/"
            }
        },
        {
            "language": {
                "name": "en",
                "url": "/api/v2/language/9/"
            },
            "text": "A piece of amber that still contains the genetic\nmaterial of an ancient Pok\u00e9mon. It\u2019s clear with a\ntawny, reddish tint.",
            "version_group": {
                "name": "sword-shield",
                "url": "/api/v2/version-group/20/"
            }
        },
        {
            "language": {
                "name": "ja",
                "url": "/api/v2/language/11/"
            },
            "text": "\u53e4\u4ee3\u30dd\u30b1\u30e2\u30f3\u306e\u3000\u907a\u4f1d\u5b50\u304c\n\u9589\u3058\u3053\u3081\u3089\u308c\u3066\u3044\u308b\u3000\u30b3\u30cf\u30af\u3002\n\u8d64\u307f\u3092\u3000\u5e2f\u3073\u3066\u3000\u900f\u3051\u3066\u3044\u308b\u3002",
            "version_group": {
                "name": "sword-shield",
                "url": "/api/v2/version-group/20/"
            }
        },
        {
            "language": {
                "name": "zh-Hans",
                "url": "/api/v2/language/12/"
            },
            "text": "\u5c01\u5b58\u7740\u53e4\u4ee3\u5b9d\u53ef\u68a6\n\u9057\u4f20\u57fa\u56e0\u7684\u7425\u73c0\uff0c\n\u900f\u7740\u70b9\u7ea2\u8272\u3002",
            "version_group": {
                "name": "sword-shield",
                "url": "/api/v2/version-group/20/"
            }
        }
    ],
    "fling_effect": null,
    "fling_power": 100,
    "game_indices": [
        {
            "game_index": 354,
            "generation": {
                "name": "generation-iii",
                "url": "/api/v2/generation/3/"
            }
        },
        {
            "game_index": 103,
            "generation": {
                "name": "generation-iv",
                "url": "/api/v2/generation/4/"
            }
        },
        {
            "game_index": 103,
            "generation": {
                "name": "generation-v",
                "url": "/api/v2/generation/5/"
            }
        },
        {
            "game_index": 103,
            "generation": {
                "name": "generation-vi",
                "url": "/api/v2/generation/6/"
            }
        },
        {
            "game_index": 103,
            "generation": {
                "name": "generation-vii",
                "url": "/api/v2/generation/7/"
            }
        },
        {
            "game_index": 103,
            "generation": {
                "name": "generation-viii",
                "url": "/api/v2/generation/8/"
            }
        }
    ],
    "held_by_pokemon": [],
    "id": 103,
    "machines": [],
    "name": "old-amber",
    "names": [
        {
            "language": {
                "name": "ja-Hrkt",
                "url": "/api/v2/language/1/"
            },
            "name": "\u3072\u307f\u3064\u306e\u30b3\u30cf\u30af"
        },
        {
            "language": {
                "name": "ko",
                "url": "/api/v2/language/3/"
            },
            "name": "\ube44\ubc00\uc758\ud638\ubc15"
        },
        {
            "language": {
                "name": "zh-Hant",
                "url": "/api/v2/language/4/"
            },
            "name": "\u79d8\u5bc6\u7425\u73c0"
        },
        {
            "language": {
                "name": "fr",
                "url": "/api/v2/language/5/"
            },
            "name": "Vieil Ambre"
        },
        {
            "language": {
                "name": "de",
                "url": "/api/v2/language/6/"
            },
            "name": "Altbernstein"
        },
        {
            "language": {
                "name": "es",
                "url": "/api/v2/language/7/"
            },
            "name": "\u00c1mbar Viejo"
        },
        {
            "language": {
                "name": "it",
                "url": "/api/v2/language/8/"
            },
            "name": "Ambra antica"
        },
        {
            "language": {
                "name": "en",
                "url": "/api/v2/language/9/"
            },
            "name": "Old Amber"
        },
        {
            "language": {
                "name": "ja",
                "url": "/api/v2/language/11/"
            },
            "name": "\u3072\u307f\u3064\u306e\u30b3\u30cf\u30af"
        },
        {
            "language": {
                "name": "zh-Hans",
                "url": "/api/v2/language/12/"
            },
            "name": "\u79d8\u5bc6\u7425\u73c0"
        }
    ],
    "sprites": {
        "default": "https://raw.githubusercontent.com/PokeAPI/sprites/master/sprites/items/old-amber.png"
    }
}