{
    "attributes": [],
    "baby_trigger_for": null,
    "category": {
        "name": "vitamins",
        "url": "/api/v2/item-category/26/"
    },
    "cost": 20,
    "effect_entries": [],
    "flavor_text_entries": [
        {
            "language": {
                "name": "ja-Hrkt",
                "url": "/api/v2/language/1/"
            },
            "text": "\u30a8\u30cd\u30eb\u30ae\u30fc\u306e\u3000\u3064\u307e\u3063\u305f\u3000\u30a2\u30e1\u3002\n\u30dd\u30b1\u30e2\u30f3\u306e\u3000\u3059\u3070\u3084\u3055\u3092\u3000\u3042\u3052\u308b\u3002",
            "version_group": {
                "name": "lets-go-pikachu-lets-go-eevee",
                "url": "/api/v2/version-group/19/"
            }
        },
        {
            "language": {
                "name": "ko",
                "url": "/api/v2/language/3/"
            },
            "text": "\uc5d0\ub108\uc9c0\uac00 \uac00\ub4dd\ud55c \uc0ac\ud0d5.\n\ud3ec\ucf13\ubaac\uc758 \uc2a4\ud53c\ub4dc\ub97c \uc62c\ub9b0\ub2e4.",
            "version_group": {
                "name": "lets-go-pikachu-lets-go-eevee",
                "url": "/api/v2/version-group/19/"
            }
        },
        {
            "language": {
                "name": "zh-Hant",
                "url": "/api/v2/language/4/"
            },
            "text": "\u5145\u6eff\u80fd\u91cf\u7684\u7cd6\u679c\u3002\n\u80fd\u63d0\u9ad8\u5bf6\u53ef\u5922\u7684\u901f\u5ea6\u3002",
            "version_group": {
                "name": "lets-go-pikachu-lets-go-eevee",
                "url": "/api/v2/version-group/19/"
            }
        },
        {
            "language": {
                "name": "fr",
                "url": "/api/v2/language/5/"
            },
            "text": "Un bonbon plein d\u2019\u00e9nergie.\nIl augmente la Vitesse d\u2019un Pok\u00e9mon.",
            "version_group": {
                "name": "lets-go-pikachu-lets-go-eevee",
                "url": "/api/v2/version-group/19/"
            }
        },
        {
            "language": {
                "name": "de",
                "url": "/api/v2/language/6/"
            },
            "text": "Ein Bonbon, das voller Energie steckt.\nErh\u00f6ht dauerhaft die Initiative eines Pok\u00e9mon.",
            "version_group": {
                "name": "lets-go-pikachu-lets-go-eevee",
                "url": "/api/v2/version-group/19/"
            }
        },
        {
            "language": {
                "name": "es",
                "url": "/api/v2/language/7/"
            },
            "text": "Caramelo energ\u00e9tico que aumenta la Velocidad del\nPok\u00e9mon.",
            "version_group": {
                "name": "lets-go-pikachu-lets-go-eevee",
                "url": "/api/v2/version-group/19/"
            }
        },
        {
            "language": {
                "name": "it",
                "url": "/api/v2/language/8/"
            },
            "text": "Una caramella piena zeppa di energia.\nAumenta la Velocit\u00e0 di un Pok\u00e9mon.",
            "version_group": {
                "name": "lets-go-pikachu-lets-go-eevee",
                "url": "/api/v2/version-group/19/"
            }
        },
        {
            "language": {
                "name": "en",
                "url": "/api/v2/language/9/"
            },
            "text": "A candy that is packed with energy. When given to\na Pok\u00e9mon, it will increase that Pok\u00e9mon\u2019s Speed stat.",
            "version_group": {
                "name": "lets-go-pikachu-lets-go-eevee",
                "url": "/api/v2/version-group/19/"
            }
        },
        {
            "language": {
                "name": "ja",
                "url": "/api/v2/language/11/"
            },
            "text": "\u30a8\u30cd\u30eb\u30ae\u30fc\u306e\u3000\u3064\u307e\u3063\u305f\u3000\u30a2\u30e1\u3002\n\u30dd\u30b1\u30e2\u30f3\u306e\u3000\u3059\u3070\u3084\u3055\u3092\u3000\u4e0a\u3052\u308b\u3002",
            "version_group": {
                "name": "lets-go-pikachu-lets-go-eevee",
                "url": "/api/v2/version-group/19/"
            }
        },
        {
            "language": {
                "name": "zh-Hans",
                "url": "/api/v2/language/12/"
            },
            "text": "\u5145\u6ee1\u80fd\u91cf\u7684\u7cd6\u679c\u3002\n\u80fd\u63d0\u9ad8\u5b9d\u53ef\u68a6\u7684\u901f\u5ea6\u3002",
            "version_group": {
                "name": "lets-go-pikachu-lets-go-eevee",
                "url": "/api/v2/version-group/19/"
            }
        },
        {
            "language": {
                "name": "ja-Hrkt",
                "url": "/api/v2/language/1/"
            },
            "text": "\u30a8\u30cd\u30eb\u30ae\u30fc\u306e\u3000\u3064\u307e\u3063\u305f\u3000\u30a2\u30e1\u3002\n\u30dd\u30b1\u30e2\u30f3\u306e\u3000\u3059\u3070\u3084\u3055\u3092\u3000\u3042\u3052\u308b\u3002",
            "version_group": {
                "name": "sword-shield",
                "url": "/api/v2/version-group/20/"
            }
        },
        {
            "language": {
                "name": "ko",
                "url": "/api/v2/language/3/"
            },
            "text": "\uc5d0\ub108\uc9c0\uac00 \uac00\ub4dd\ud55c \uc0ac\ud0d5.\n\ud3ec\ucf13\ubaac\uc758 \uc2a4\ud53c\ub4dc\ub97c \uc62c\ub9b0\ub2e4.",
            "version_group": {
                "name": "sword-shield",
                "url": "/api/v2/version-group/20/"
            }
        },
        {
            "language": {
                "name": "zh-Hant",
                "url": "/api/v2/language/4/"
            },
            "text": "\u5145\u6eff\u80fd\u91cf\u7684\u7cd6\u679c\u3002\n\u80fd\u63d0\u9ad8\u5bf6\u53ef\u5922\u7684\u901f\u5ea6\u3002",
            "version_group": {
                "name": "sword-shield",
                "url": "/api/v2/version-group/20/"
            }
        },
        {
            "language": {
                "name": "fr",
                "url": "/api/v2/language/5/"
            },
            "text": "Un bonbon plein d\u2019\u00e9nergie.\nIl augmente la Vitesse d\u2019un Pok\u00e9mon.",
            "version_group": {
                "name": "sword-shield",
                "url": "/api/v2/version-group/20/"
            }
        },
        {
            "language": {
                "name": "de",
                "url": "/api/v2/language/6/"
            },
            "text": "Ein Bonbon, das voller Energie steckt. Erh\u00f6ht dauerhaft\ndie Initiative eines Pok\u00e9mon.",
            "version_group": {
                "name": "sword-shield",
                "url": "/api/v2/version-group/20/"
            }
        },
        {
            "language": {
                "name": "es",
                "url": "/api/v2/language/7/"
            },
            "text": "Caramelo energ\u00e9tico que aumenta la Velocidad del\nPok\u00e9mon.",
            "version_group": {
                "name": "sword-shield",
                "url": "/api/v2/version-group/20/"
            }
        },
        {
            "language": {
                "name": "it",
                "url": "/api/v2/language/8/"
            },
            "text": "Una caramella piena zeppa di energia.\nAumenta la Velocit\u00e0 di un Pok\u00e9mon.",
            "version_group": {
                "name": "sword-shield",
                "url": "/api/v2/version-group/20/"
            }
        },
        {
            "language": {
                "name": "en",
                "url": "/api/v2/language/9/"
            },
            "text": "A candy that is packed with energy. When given to\na Pok\u00e9mon, it will increase that Pok\u00e9mon\u2019s Speed stat.",
            "version_group": {
                "name": "sword-shield",
                "url": "/api/v2/version-group/20/"
            }
        },
        {
            "language": {
                "name": "ja",
                "url": "/api/v2/language/11/"
            },
            "text": "\u30a8\u30cd\u30eb\u30ae\u30fc\u306e\u3000\u3064\u307e\u3063\u305f\u3000\u30a2\u30e1\u3002\n\u30dd\u30b1\u30e2\u30f3\u306e\u3000\u3059\u3070\u3084\u3055\u3092\u3000\u4e0a\u3052\u308b\u3002",
            "version_group": {
                "name": "sword-shield",
                "url": "/api/v2/version-group/20/"
            }
        },
        {
            "language": {
                "name": "zh-Hans",
                "url": "/api/v2/language/12/"
            },
            "text": "\u5145\u6ee1\u80fd\u91cf\u7684\u7cd6\u679c\u3002\n\u80fd\u63d0\u9ad8\u5b9d\u53ef\u68a6\u7684\u901f\u5ea6\u3002",
            "version_group": {
                "name": "sword-shield",
                "url": "/api/v2/version-group/20/"
            }
        }
    ],
    "fling_effect": null,
    "fling_power": null,
    "game_indices": [
        {
            "game_index": 965,
            "generation": {
                "name": "generation-vii",
                "url": "/api/v2/generation/7/"
            }
        },
        {
            "game_index": 965,
            "generation": {
                "name": "generation-viii",
                "url": "/api/v2/generation/8/"
            }
        }
    ],
    "held_by_pokemon": [],
    "id": 1045,
    "machines": [],
    "name": "quick-candy",
    "names": [
        {
            "language": {
                "name": "ja-Hrkt",
                "url": "/api/v2/language/1/"
            },
            "name": "\u306f\u3084\u3055\u306e\u30a2\u30e1"
        },
        {
            "language": {
                "name": "ko",
                "url": "/api/v2/language/3/"
            },
            "name": "\uc18d\ub3c4\uc758\uc0ac\ud0d5"
        },
        {
            "language": {
                "name": "zh-Hant",
                "url": "/api/v2/language/4/"
            },
            "name": "\u654f\u6377\u7cd6\u679c"
        },
        {
            "language": {
                "name": "fr",
                "url": "/api/v2/language/5/"
            },
            "name": "Bonbon Sprint S"
        },
        {
            "language": {
                "name": "de",
                "url": "/api/v2/language/6/"
            },
            "name": "Flottbonbon"
        },
        {
            "language": {
                "name": "es",
                "url": "/api/v2/language/7/"
            },
            "name": "Caramelo \u00cdmpetu"
        },
        {
            "language": {
                "name": "it",
                "url": "/api/v2/language/8/"
            },
            "name": "Caramella rapidit\u00e0 S"
        },
        {
            "language": {
                "name": "en",
                "url": "/api/v2/language/9/"
            },
            "name": "Quick Candy"
        },
        {
            "language": {
                "name": "ja",
                "url": "/api/v2/language/11/"
            },
            "name": "\u306f\u3084\u3055\u306e\u30a2\u30e1"
        },
        {
            "language": {
                "name": "zh-Hans",
                "url": "/api/v2/language/12/"
            },
            "name": "\u654f\u6377\u7cd6\u679c"
        }
    ],
    "sprites": {
        "default": null
    }
}