{
    "attributes": [],
    "baby_trigger_for": null,
    "category": {
        "name": "all-machines",
        "url": "/api/v2/item-category/37/"
    },
    "cost": 4000,
    "effect_entries": [],
    "flavor_text_entries": [
        {
            "language": {
                "name": "ja-Hrkt",
                "url": "/api/v2/language/1/"
            },
            "text": "\u3042\u3044\u3066\u3092\u3000\u304a\u3053\u3089\u305b\u308b\u3002\u3000\uff13\u30bf\u30fc\u30f3\u306e\n\u3042\u3044\u3060\u3000\u3042\u3044\u3066\u306f\u3000\u30c0\u30e1\u30fc\u30b8\u3092\n\u3042\u305f\u3048\u308b\u3000\u308f\u3056\u3057\u304b\u3000\u3060\u305b\u306a\u304f\u3000\u306a\u308b\u3002",
            "version_group": {
                "name": "sword-shield",
                "url": "/api/v2/version-group/20/"
            }
        },
        {
            "language": {
                "name": "ko",
                "url": "/api/v2/language/3/"
            },
            "text": "\uc0c1\ub300\ub97c \ud654\ub098\uac8c \ud55c\ub2e4.\n3\ud134 \ub3d9\uc548 \uc0c1\ub300\ub294 \ub370\ubbf8\uc9c0\ub97c\n\uc8fc\ub294 \uae30\uc220\ubc16\uc5d0 \uc4f8 \uc218 \uc5c6\uac8c \ub41c\ub2e4.",
            "version_group": {
                "name": "sword-shield",
                "url": "/api/v2/version-group/20/"
            }
        },
        {
            "language": {
                "name": "zh-Hant",
                "url": "/api/v2/language/4/"
            },
            "text": "\u6fc0\u6012\u5c0d\u624b\u3002\n\u5728\uff13\u56de\u5408\u5167\u8b93\u5c0d\u624b\n\u53ea\u80fd\u4f7f\u51fa\u7d66\u4e88\u50b7\u5bb3\u7684\u62db\u5f0f\u3002",
            "version_group": {
                "name": "sword-shield",
                "url": "/api/v2/version-group/20/"
            }
        },
        {
            "language": {
                "name": "fr",
                "url": "/api/v2/language/5/"
            },
            "text": "Provoque l\u2019ennemi. L\u2019oblige \u00e0 n\u2019utiliser que des attaques\npendant trois tours.",
            "version_group": {
                "name": "sword-shield",
                "url": "/api/v2/version-group/20/"
            }
        },
        {
            "language": {
                "name": "de",
                "url": "/api/v2/language/6/"
            },
            "text": "Bringt das Ziel in Rage. Dieses kann \u00fcber drei Runden\nhinweg nur noch angreifen.",
            "version_group": {
                "name": "sword-shield",
                "url": "/api/v2/version-group/20/"
            }
        },
        {
            "language": {
                "name": "es",
                "url": "/api/v2/language/7/"
            },
            "text": "Enfurece al objetivo para que solo use movimientos de\nataque durante tres turnos.",
            "version_group": {
                "name": "sword-shield",
                "url": "/api/v2/version-group/20/"
            }
        },
        {
            "language": {
                "name": "it",
                "url": "/api/v2/language/8/"
            },
            "text": "Provoca il bersaglio inducendolo a usare solo mosse\nd\u2019attacco per tre turni.",
            "version_group": {
                "name": "sword-shield",
                "url": "/api/v2/version-group/20/"
            }
        },
        {
            "language": {
                "name": "en",
                "url": "/api/v2/language/9/"
            },
            "text": "The target is taunted into a rage that allows it to use\nonly attack moves for three turns.",
            "version_group": {
                "name": "sword-shield",
                "url": "/api/v2/version-group/20/"
            }
        },
        {
            "language": {
                "name": "ja",
                "url": "/api/v2/language/11/"
            },
            "text": "\u76f8\u624b\u3092\u3000\u6012\u3089\u305b\u308b\u3002\u3000\uff13\u30bf\u30fc\u30f3\u306e\n\u9593\u3000\u76f8\u624b\u306f\u3000\u30c0\u30e1\u30fc\u30b8\u3092\n\u4e0e\u3048\u308b\u3000\u6280\u3057\u304b\u3000\u3060\u305b\u306a\u304f\u306a\u308b\u3002",
            "version_group": {
                "name": "sword-shield",
                "url": "/api/v2/version-group/20/"
            }
        },
        {
            "language": {
                "name": "zh-Hans",
                "url": "/api/v2/language/12/"
            },
            "text": "\u4f7f\u5bf9\u624b\u6124\u6012\u3002\n\u5728\uff13\u56de\u5408\u5185\u8ba9\u5bf9\u624b\u53ea\u80fd\u4f7f\u51fa\n\u7ed9\u4e88\u4f24\u5bb3\u7684\u62db\u5f0f\u3002",
            "version_group": {
                "name": "sword-shield",
                "url": "/api/v2/version-group/20/"
            }
        }
    ],
    "fling_effect": null,
    "fling_power": 10,
    "game_indices": [
        {
            "game_index": 1167,
            "generation": {
                "name": "generation-viii",
                "url": "/api/v2/generation/8/"
            }
        }
    ],
    "held_by_pokemon": [],
    "id": 1225,
    "machines": [
        {
            "machine": {
                "url": "/api/v2/machine/1626/"
            },
            "version_group": {
                "name": "sword-shield",
                "url": "/api/v2/version-group/20/"
            }
        }
    ],
    "name": "tr37",
    "names": [
        {
            "language": {
                "name": "ja-Hrkt",
                "url": "/api/v2/language/1/"
            },
            "name": "\u308f\u3056\u30ec\u30b3\u30fc\u30c9\uff13\uff17"
        },
        {
            "language": {
                "name": "ko",
                "url": "/api/v2/language/3/"
            },
            "name": "\uae30\uc220\ub808\ucf54\ub4dc37"
        },
        {
            "language": {
                "name": "zh-Hant",
                "url": "/api/v2/language/4/"
            },
            "name": "\u62db\u5f0f\u7d00\u9304\uff13\uff17"
        },
        {
            "language": {
                "name": "fr",
                "url": "/api/v2/language/5/"
            },
            "name": "DT37"
        },
        {
            "language": {
                "name": "de",
                "url": "/api/v2/language/6/"
            },
            "name": "TP37"
        },
        {
            "language": {
                "name": "es",
                "url": "/api/v2/language/7/"
            },
            "name": "DT37"
        },
        {
            "language": {
                "name": "it",
                "url": "/api/v2/language/8/"
            },
            "name": "DT37"
        },
        {
            "language": {
                "name": "en",
                "url": "/api/v2/language/9/"
            },
            "name": "TR37"
        },
        {
            "language": {
                "name": "ja",
                "url": "/api/v2/language/11/"
            },
            "name": "\u308f\u3056\u30ec\u30b3\u30fc\u30c9\uff13\uff17"
        },
        {
            "language": {
                "name": "zh-Hans",
                "url": "/api/v2/language/12/"
            },
            "name": "\u62db\u5f0f\u8bb0\u5f55\uff13\uff17"
        }
    ],
    "sprites": {
        "default": null
    }
}