{
    "attributes": [],
    "baby_trigger_for": null,
    "category": {
        "name": "all-machines",
        "url": "/api/v2/item-category/37/"
    },
    "cost": 4000,
    "effect_entries": [],
    "flavor_text_entries": [
        {
            "language": {
                "name": "ja-Hrkt",
                "url": "/api/v2/language/1/"
            },
            "text": "\u304b\u3089\u3060\u306b\u3000\u3061\u304b\u3089\u3092\u3000\u3053\u3081\u3066\u3000\u304d\u3093\u306b\u304f\u3092\n\u3076\u3042\u3064\u304f\u3000\u3059\u308b\u3053\u3068\u3067\u3000\u3058\u3076\u3093\u306e\n\u3053\u3046\u3052\u304d\u3068\u3000\u307c\u3046\u304e\u3087\u3092\u3000\u3042\u3052\u308b\u3002",
            "version_group": {
                "name": "sword-shield",
                "url": "/api/v2/version-group/20/"
            }
        },
        {
            "language": {
                "name": "ko",
                "url": "/api/v2/language/3/"
            },
            "text": "\ubab8\uc5d0 \ud798\uc744 \ub2f4\uc544\n\uadfc\uc721\uc744 \ub450\uaecd\uac8c \ud574\uc11c\n\uc790\uc2e0\uc758 \uacf5\uaca9\uacfc \ubc29\uc5b4\ub97c \uc62c\ub9b0\ub2e4.",
            "version_group": {
                "name": "sword-shield",
                "url": "/api/v2/version-group/20/"
            }
        },
        {
            "language": {
                "name": "zh-Hant",
                "url": "/api/v2/language/4/"
            },
            "text": "\u5c07\u529b\u91cf\u96c6\u4e2d\u65bc\u9ad4\u5167\uff0c\u589e\u539a\u808c\u8089\uff0c\n\u63d0\u9ad8\u81ea\u5df1\u7684\u653b\u64ca\u548c\u9632\u79a6\u3002",
            "version_group": {
                "name": "sword-shield",
                "url": "/api/v2/version-group/20/"
            }
        },
        {
            "language": {
                "name": "fr",
                "url": "/api/v2/language/5/"
            },
            "text": "Le lanceur tend ses muscles pour se gonfler,\nce qui booste son Attaque et sa D\u00e9fense.",
            "version_group": {
                "name": "sword-shield",
                "url": "/api/v2/version-group/20/"
            }
        },
        {
            "language": {
                "name": "de",
                "url": "/api/v2/language/6/"
            },
            "text": "Der Anwender spannt seine Muskeln an, um den Angriff\nund die Verteidigung zu erh\u00f6hen.",
            "version_group": {
                "name": "sword-shield",
                "url": "/api/v2/version-group/20/"
            }
        },
        {
            "language": {
                "name": "es",
                "url": "/api/v2/language/7/"
            },
            "text": "Robustece el cuerpo para subir el Ataque y la Defensa.",
            "version_group": {
                "name": "sword-shield",
                "url": "/api/v2/version-group/20/"
            }
        },
        {
            "language": {
                "name": "it",
                "url": "/api/v2/language/8/"
            },
            "text": "Chi la usa tende i muscoli per gonfiare il corpo,\naumentando Difesa e Attacco.",
            "version_group": {
                "name": "sword-shield",
                "url": "/api/v2/version-group/20/"
            }
        },
        {
            "language": {
                "name": "en",
                "url": "/api/v2/language/9/"
            },
            "text": "The user tenses its muscles to bulk up its body,\nraising both its Attack and Defense stats.",
            "version_group": {
                "name": "sword-shield",
                "url": "/api/v2/version-group/20/"
            }
        },
        {
            "language": {
                "name": "ja",
                "url": "/api/v2/language/11/"
            },
            "text": "\u4f53\u306b\u3000\u529b\u3092\u3000\u3053\u3081\u3066\n\u7b4b\u8089\u3092\u3000\u3076\u3042\u3064\u304f\u3000\u3059\u308b\u3053\u3068\u3067\n\u81ea\u5206\u306e\u3000\u653b\u6483\u3068\u3000\u9632\u5fa1\u3092\u3000\u3042\u3052\u308b\u3002",
            "version_group": {
                "name": "sword-shield",
                "url": "/api/v2/version-group/20/"
            }
        },
        {
            "language": {
                "name": "zh-Hans",
                "url": "/api/v2/language/12/"
            },
            "text": "\u4f7f\u51fa\u5168\u8eab\u529b\u6c14\u7ef7\u7d27\u808c\u8089\uff0c\n\u4ece\u800c\u63d0\u9ad8\u81ea\u5df1\u7684\u653b\u51fb\u548c\u9632\u5fa1\u3002",
            "version_group": {
                "name": "sword-shield",
                "url": "/api/v2/version-group/20/"
            }
        }
    ],
    "fling_effect": null,
    "fling_power": 10,
    "game_indices": [
        {
            "game_index": 1178,
            "generation": {
                "name": "generation-viii",
                "url": "/api/v2/generation/8/"
            }
        }
    ],
    "held_by_pokemon": [],
    "id": 1236,
    "machines": [
        {
            "machine": {
                "url": "/api/v2/machine/1637/"
            },
            "version_group": {
                "name": "sword-shield",
                "url": "/api/v2/version-group/20/"
            }
        }
    ],
    "name": "tr48",
    "names": [
        {
            "language": {
                "name": "ja-Hrkt",
                "url": "/api/v2/language/1/"
            },
            "name": "\u308f\u3056\u30ec\u30b3\u30fc\u30c9\uff14\uff18"
        },
        {
            "language": {
                "name": "ko",
                "url": "/api/v2/language/3/"
            },
            "name": "\uae30\uc220\ub808\ucf54\ub4dc48"
        },
        {
            "language": {
                "name": "zh-Hant",
                "url": "/api/v2/language/4/"
            },
            "name": "\u62db\u5f0f\u7d00\u9304\uff14\uff18"
        },
        {
            "language": {
                "name": "fr",
                "url": "/api/v2/language/5/"
            },
            "name": "DT48"
        },
        {
            "language": {
                "name": "de",
                "url": "/api/v2/language/6/"
            },
            "name": "TP48"
        },
        {
            "language": {
                "name": "es",
                "url": "/api/v2/language/7/"
            },
            "name": "DT48"
        },
        {
            "language": {
                "name": "it",
                "url": "/api/v2/language/8/"
            },
            "name": "DT48"
        },
        {
            "language": {
                "name": "en",
                "url": "/api/v2/language/9/"
            },
            "name": "TR48"
        },
        {
            "language": {
                "name": "ja",
                "url": "/api/v2/language/11/"
            },
            "name": "\u308f\u3056\u30ec\u30b3\u30fc\u30c9\uff14\uff18"
        },
        {
            "language": {
                "name": "zh-Hans",
                "url": "/api/v2/language/12/"
            },
            "name": "\u62db\u5f0f\u8bb0\u5f55\uff14\uff18"
        }
    ],
    "sprites": {
        "default": null
    }
}