{
    "attributes": [],
    "baby_trigger_for": null,
    "category": {
        "name": "all-machines",
        "url": "/api/v2/item-category/37/"
    },
    "cost": 4000,
    "effect_entries": [],
    "flavor_text_entries": [
        {
            "language": {
                "name": "ja-Hrkt",
                "url": "/api/v2/language/1/"
            },
            "text": "\u3075\u3057\u304e\u306a\u3000\u3061\u304b\u3089\u3067\u3000\u30c6\u30ec\u30dd\u30fc\u30c8\u3057\u3066\n\u3058\u3076\u3093\u3068\u3000\u307f\u304b\u305f\u306e\u3000\u3044\u3070\u3057\u3087\u3092\n\u3044\u308c\u304b\u3048\u308b\u3002",
            "version_group": {
                "name": "sword-shield",
                "url": "/api/v2/version-group/20/"
            }
        },
        {
            "language": {
                "name": "ko",
                "url": "/api/v2/language/3/"
            },
            "text": "\uc774\uc0c1\ud55c \ud798\uc73c\ub85c \uc21c\uac04\uc774\ub3d9\ud558\uc5ec\n\uc790\uc2e0\uacfc \uac19\uc740 \ud3b8\uc758 \uc704\uce58\ub97c\n\ubc14\uafbc\ub2e4.",
            "version_group": {
                "name": "sword-shield",
                "url": "/api/v2/version-group/20/"
            }
        },
        {
            "language": {
                "name": "zh-Hant",
                "url": "/api/v2/language/4/"
            },
            "text": "\u7528\u795e\u5947\u7684\u529b\u91cf\u77ac\u9593\u79fb\u52d5\uff0c\n\u8b93\u81ea\u5df1\u548c\u540c\u4f34\u7684\u6240\u5728\u4f4d\u7f6e\u4e92\u63db\u3002",
            "version_group": {
                "name": "sword-shield",
                "url": "/api/v2/version-group/20/"
            }
        },
        {
            "language": {
                "name": "fr",
                "url": "/api/v2/language/5/"
            },
            "text": "Le lanceur se t\u00e9l\u00e9porte \u00e0 l\u2019aide d\u2019un pouvoir myst\u00e9rieux.\nIl \u00e9change sa place avec celle d\u2019un alli\u00e9 sur le terrain.",
            "version_group": {
                "name": "sword-shield",
                "url": "/api/v2/version-group/20/"
            }
        },
        {
            "language": {
                "name": "de",
                "url": "/api/v2/language/6/"
            },
            "text": "Wundersame Kr\u00e4fte teleportieren den Anwender an\nden Platz eines Mitstreiters.",
            "version_group": {
                "name": "sword-shield",
                "url": "/api/v2/version-group/20/"
            }
        },
        {
            "language": {
                "name": "es",
                "url": "/api/v2/language/7/"
            },
            "text": "Extra\u00f1o poder que intercambia la posici\u00f3n del usuario\ncon la de un aliado sobre el terreno de combate.",
            "version_group": {
                "name": "sword-shield",
                "url": "/api/v2/version-group/20/"
            }
        },
        {
            "language": {
                "name": "it",
                "url": "/api/v2/language/8/"
            },
            "text": "Chi la usa cambia di posto con un alleato\nin campo grazie a un misterioso potere.",
            "version_group": {
                "name": "sword-shield",
                "url": "/api/v2/version-group/20/"
            }
        },
        {
            "language": {
                "name": "en",
                "url": "/api/v2/language/9/"
            },
            "text": "The user teleports using a strange power and\nswitches places with one of its allies.",
            "version_group": {
                "name": "sword-shield",
                "url": "/api/v2/version-group/20/"
            }
        },
        {
            "language": {
                "name": "ja",
                "url": "/api/v2/language/11/"
            },
            "text": "\u4e0d\u601d\u8b70\u306a\u3000\u529b\u3067\u3000\u30c6\u30ec\u30dd\u30fc\u30c8\u3057\u3066\n\u81ea\u5206\u3068\u3000\u5473\u65b9\u306e\u3000\u5c45\u5834\u6240\u3092\n\u5165\u308c\u66ff\u3048\u308b\u3002",
            "version_group": {
                "name": "sword-shield",
                "url": "/api/v2/version-group/20/"
            }
        },
        {
            "language": {
                "name": "zh-Hans",
                "url": "/api/v2/language/12/"
            },
            "text": "\u7528\u795e\u5947\u7684\u529b\u91cf\u77ac\u95f4\u79fb\u52a8\uff0c\n\u4e92\u6362\u81ea\u5df1\u548c\u540c\u4f34\u6240\u5728\u7684\u4f4d\u7f6e\u3002",
            "version_group": {
                "name": "sword-shield",
                "url": "/api/v2/version-group/20/"
            }
        }
    ],
    "fling_effect": null,
    "fling_power": 10,
    "game_indices": [
        {
            "game_index": 1213,
            "generation": {
                "name": "generation-viii",
                "url": "/api/v2/generation/8/"
            }
        }
    ],
    "held_by_pokemon": [],
    "id": 1271,
    "machines": [
        {
            "machine": {
                "url": "/api/v2/machine/1672/"
            },
            "version_group": {
                "name": "sword-shield",
                "url": "/api/v2/version-group/20/"
            }
        }
    ],
    "name": "tr83",
    "names": [
        {
            "language": {
                "name": "ja-Hrkt",
                "url": "/api/v2/language/1/"
            },
            "name": "\u308f\u3056\u30ec\u30b3\u30fc\u30c9\uff18\uff13"
        },
        {
            "language": {
                "name": "ko",
                "url": "/api/v2/language/3/"
            },
            "name": "\uae30\uc220\ub808\ucf54\ub4dc83"
        },
        {
            "language": {
                "name": "zh-Hant",
                "url": "/api/v2/language/4/"
            },
            "name": "\u62db\u5f0f\u7d00\u9304\uff18\uff13"
        },
        {
            "language": {
                "name": "fr",
                "url": "/api/v2/language/5/"
            },
            "name": "DT83"
        },
        {
            "language": {
                "name": "de",
                "url": "/api/v2/language/6/"
            },
            "name": "TP83"
        },
        {
            "language": {
                "name": "es",
                "url": "/api/v2/language/7/"
            },
            "name": "DT83"
        },
        {
            "language": {
                "name": "it",
                "url": "/api/v2/language/8/"
            },
            "name": "DT83"
        },
        {
            "language": {
                "name": "en",
                "url": "/api/v2/language/9/"
            },
            "name": "TR83"
        },
        {
            "language": {
                "name": "ja",
                "url": "/api/v2/language/11/"
            },
            "name": "\u308f\u3056\u30ec\u30b3\u30fc\u30c9\uff18\uff13"
        },
        {
            "language": {
                "name": "zh-Hans",
                "url": "/api/v2/language/12/"
            },
            "name": "\u62db\u5f0f\u8bb0\u5f55\uff18\uff13"
        }
    ],
    "sprites": {
        "default": null
    }
}