{
    "attributes": [],
    "baby_trigger_for": null,
    "category": {
        "name": "all-machines",
        "url": "/api/v2/item-category/37/"
    },
    "cost": 6000,
    "effect_entries": [],
    "flavor_text_entries": [
        {
            "language": {
                "name": "ja-Hrkt",
                "url": "/api/v2/language/1/"
            },
            "text": "\u3042\u3057\u3092\u3000\u3064\u3088\u304f\u3000\u3051\u308a\u3000\u3042\u3044\u3066\u3092\n\u3053\u308d\u3070\u305b\u3066\u3000\u3053\u3046\u3052\u304d\u3059\u308b\u3002\u3042\u3044\u3066\u304c\n\u304a\u3082\u3044\u307b\u3069\u3000\u3044\u308a\u3087\u304f\u304c\u3000\u3042\u304c\u308b\u3002",
            "version_group": {
                "name": "sword-shield",
                "url": "/api/v2/version-group/20/"
            }
        },
        {
            "language": {
                "name": "ko",
                "url": "/api/v2/language/3/"
            },
            "text": "\ubc1c\uc744 \uac15\ud558\uac8c \uac78\uace0\n\uc0c1\ub300\ub97c \ub118\uc5b4\ub728\ub824 \uacf5\uaca9\ud55c\ub2e4.\n\uc0c1\ub300\uac00 \ubb34\uac70\uc6b8\uc218\ub85d \uc704\ub825\uc774 \uc62c\ub77c\uac04\ub2e4.",
            "version_group": {
                "name": "sword-shield",
                "url": "/api/v2/version-group/20/"
            }
        },
        {
            "language": {
                "name": "zh-Hant",
                "url": "/api/v2/language/4/"
            },
            "text": "\u7528\u529b\u8e22\u5c0d\u624b\u7684\u8173\uff0c\n\u8b93\u5c0d\u624b\u6454\u5012\u9032\u884c\u653b\u64ca\u3002\n\u5c0d\u624b\u8d8a\u91cd\uff0c\u5a01\u529b\u8d8a\u5927\u3002",
            "version_group": {
                "name": "sword-shield",
                "url": "/api/v2/version-group/20/"
            }
        },
        {
            "language": {
                "name": "fr",
                "url": "/api/v2/language/5/"
            },
            "text": "Un puissant coup de pied bas qui fauche l\u2019ennemi.\nIl est plus efficace contre les ennemis lourds.",
            "version_group": {
                "name": "sword-shield",
                "url": "/api/v2/version-group/20/"
            }
        },
        {
            "language": {
                "name": "de",
                "url": "/api/v2/language/6/"
            },
            "text": "Ein Tritt, der das Ziel umwirft. Je schwerer das Ziel ist,\ndesto mehr Schaden f\u00fcgt ihm die Attacke zu.",
            "version_group": {
                "name": "sword-shield",
                "url": "/api/v2/version-group/20/"
            }
        },
        {
            "language": {
                "name": "es",
                "url": "/api/v2/language/7/"
            },
            "text": "Patada baja que derriba al oponente. Cuanto m\u00e1s pesa\nel objetivo, m\u00e1s da\u00f1o le causa.",
            "version_group": {
                "name": "sword-shield",
                "url": "/api/v2/version-group/20/"
            }
        },
        {
            "language": {
                "name": "it",
                "url": "/api/v2/language/8/"
            },
            "text": "Un calcio basso e potente che fa cadere il bersaglio.\nDanneggia maggiormente i Pok\u00e9mon pi\u00f9 pesanti.",
            "version_group": {
                "name": "sword-shield",
                "url": "/api/v2/version-group/20/"
            }
        },
        {
            "language": {
                "name": "en",
                "url": "/api/v2/language/9/"
            },
            "text": "A powerful low kick that makes the target fall over.\nThe heavier the target, the greater the move\u2019s power.",
            "version_group": {
                "name": "sword-shield",
                "url": "/api/v2/version-group/20/"
            }
        },
        {
            "language": {
                "name": "ja",
                "url": "/api/v2/language/11/"
            },
            "text": "\u8db3\u3092\u3000\u5f37\u304f\u3000\u3051\u308a\n\u76f8\u624b\u3092\u3000\u8ee2\u3070\u305b\u3066\u3000\u653b\u6483\u3059\u308b\u3002\n\u76f8\u624b\u304c\u3000\u91cd\u3044\u307b\u3069\u3000\u5a01\u529b\u304c\u3000\u3042\u304c\u308b\u3002",
            "version_group": {
                "name": "sword-shield",
                "url": "/api/v2/version-group/20/"
            }
        },
        {
            "language": {
                "name": "zh-Hans",
                "url": "/api/v2/language/12/"
            },
            "text": "\u7528\u529b\u8e22\u5bf9\u624b\u7684\u811a\uff0c\n\u4f7f\u5176\u6454\u5012\u8fdb\u884c\u653b\u51fb\u3002\n\u5bf9\u624b\u8d8a\u91cd\uff0c\u5a01\u529b\u8d8a\u5927\u3002",
            "version_group": {
                "name": "sword-shield",
                "url": "/api/v2/version-group/20/"
            }
        }
    ],
    "fling_effect": null,
    "fling_power": 10,
    "game_indices": [
        {
            "game_index": 1137,
            "generation": {
                "name": "generation-viii",
                "url": "/api/v2/generation/8/"
            }
        }
    ],
    "held_by_pokemon": [],
    "id": 1195,
    "machines": [
        {
            "machine": {
                "url": "/api/v2/machine/1588/"
            },
            "version_group": {
                "name": "sword-shield",
                "url": "/api/v2/version-group/20/"
            }
        }
    ],
    "name": "tr07",
    "names": [
        {
            "language": {
                "name": "ja-Hrkt",
                "url": "/api/v2/language/1/"
            },
            "name": "\u308f\u3056\u30ec\u30b3\u30fc\u30c9\uff10\uff17"
        },
        {
            "language": {
                "name": "ko",
                "url": "/api/v2/language/3/"
            },
            "name": "\uae30\uc220\ub808\ucf54\ub4dc07"
        },
        {
            "language": {
                "name": "zh-Hant",
                "url": "/api/v2/language/4/"
            },
            "name": "\u62db\u5f0f\u7d00\u9304\uff10\uff17"
        },
        {
            "language": {
                "name": "fr",
                "url": "/api/v2/language/5/"
            },
            "name": "DT07"
        },
        {
            "language": {
                "name": "de",
                "url": "/api/v2/language/6/"
            },
            "name": "TP07"
        },
        {
            "language": {
                "name": "es",
                "url": "/api/v2/language/7/"
            },
            "name": "DT07"
        },
        {
            "language": {
                "name": "it",
                "url": "/api/v2/language/8/"
            },
            "name": "DT07"
        },
        {
            "language": {
                "name": "en",
                "url": "/api/v2/language/9/"
            },
            "name": "TR07"
        },
        {
            "language": {
                "name": "ja",
                "url": "/api/v2/language/11/"
            },
            "name": "\u308f\u3056\u30ec\u30b3\u30fc\u30c9\uff10\uff17"
        },
        {
            "language": {
                "name": "zh-Hans",
                "url": "/api/v2/language/12/"
            },
            "name": "\u62db\u5f0f\u8bb0\u5f55\uff10\uff17"
        }
    ],
    "sprites": {
        "default": null
    }
}