{
    "attributes": [
        {
            "name": "underground",
            "url": "/api/v2/item-attribute/8/"
        }
    ],
    "baby_trigger_for": null,
    "category": {
        "name": "evolution",
        "url": "/api/v2/item-category/10/"
    },
    "cost": 2000,
    "effect_entries": [
        {
            "effect": "Held by happiny\n:   Holder evolves into chansey when it levels up during the daytime.",
            "language": {
                "name": "en",
                "url": "/api/v2/language/9/"
            },
            "short_effect": "Level-up during Day on a Happiny: Holder evolves into Chansey."
        }
    ],
    "flavor_text_entries": [
        {
            "language": {
                "name": "en",
                "url": "/api/v2/language/9/"
            },
            "text": "A peculiar stone that makes certain\nspecies of Pok\u00e9mon evolve.\nIt is shaped like an egg.",
            "version_group": {
                "name": "diamond-pearl",
                "url": "/api/v2/version-group/8/"
            }
        },
        {
            "language": {
                "name": "en",
                "url": "/api/v2/language/9/"
            },
            "text": "A peculiar stone that makes certain\nspecies of Pok\u00e9mon evolve.\nIt is shaped like an egg.",
            "version_group": {
                "name": "platinum",
                "url": "/api/v2/version-group/9/"
            }
        },
        {
            "language": {
                "name": "en",
                "url": "/api/v2/language/9/"
            },
            "text": "A peculiar stone that makes certain\nspecies of Pok\u00e9mon evolve.\nIt is shaped like an egg.",
            "version_group": {
                "name": "heartgold-soulsilver",
                "url": "/api/v2/version-group/10/"
            }
        },
        {
            "language": {
                "name": "fr",
                "url": "/api/v2/language/5/"
            },
            "text": "Pierre \u00e9trange qui fait \u00e9voluer\ncertaines esp\u00e8ces de Pok\u00e9mon.\nElle a la forme d\u2019un \u0153uf.",
            "version_group": {
                "name": "black-white",
                "url": "/api/v2/version-group/11/"
            }
        },
        {
            "language": {
                "name": "en",
                "url": "/api/v2/language/9/"
            },
            "text": "A peculiar stone that makes certain\nspecies of Pok\u00e9mon evolve.\nIt is shaped like an egg.",
            "version_group": {
                "name": "black-white",
                "url": "/api/v2/version-group/11/"
            }
        },
        {
            "language": {
                "name": "en",
                "url": "/api/v2/language/9/"
            },
            "text": "A peculiar stone that makes certain\nspecies of Pok\u00e9mon evolve.\nIt is shaped like an egg.",
            "version_group": {
                "name": "black-2-white-2",
                "url": "/api/v2/version-group/14/"
            }
        },
        {
            "language": {
                "name": "ja-Hrkt",
                "url": "/api/v2/language/1/"
            },
            "text": "\u3042\u308b\u3000\u3068\u304f\u3066\u3044\u306e\u3000\u30dd\u30b1\u30e2\u30f3\u3092\n\u3057\u3093\u304b\u3055\u305b\u308b\u3000\u3075\u3057\u304e\u306a\u3000\u3044\u3057\u3002\n\u305f\u307e\u306e\u3088\u3046\u306b\u3000\u307e\u308b\u3044\u3002",
            "version_group": {
                "name": "x-y",
                "url": "/api/v2/version-group/15/"
            }
        },
        {
            "language": {
                "name": "ko",
                "url": "/api/v2/language/3/"
            },
            "text": "\uc5b4\ub290 \ud2b9\uc815 \ud3ec\ucf13\ubaac\uc744\n\uc9c4\ud654\uc2dc\ud0a4\ub294 \uc774\uc0c1\ud55c \ub3cc.\n\uad6c\uc2ac\ucc98\ub7fc \ub465\uae00\ub2e4.",
            "version_group": {
                "name": "x-y",
                "url": "/api/v2/version-group/15/"
            }
        },
        {
            "language": {
                "name": "fr",
                "url": "/api/v2/language/5/"
            },
            "text": "Une pierre \u00e9trange qui fait \u00e9voluer certaines\nesp\u00e8ces de Pok\u00e9mon. Elle a la forme d\u2019un \u0153uf.",
            "version_group": {
                "name": "x-y",
                "url": "/api/v2/version-group/15/"
            }
        },
        {
            "language": {
                "name": "de",
                "url": "/api/v2/language/6/"
            },
            "text": "Dieser besondere, eif\u00f6rmige Stein hilft\nmanchen Pok\u00e9mon bei ihrer Evolution.",
            "version_group": {
                "name": "x-y",
                "url": "/api/v2/version-group/15/"
            }
        },
        {
            "language": {
                "name": "es",
                "url": "/api/v2/language/7/"
            },
            "text": "Una piedra peculiar que hace evolucionar a\nalgunos Pok\u00e9mon. Tiene forma de huevo.",
            "version_group": {
                "name": "x-y",
                "url": "/api/v2/version-group/15/"
            }
        },
        {
            "language": {
                "name": "it",
                "url": "/api/v2/language/8/"
            },
            "text": "Pietra particolare che fa evolvere determinate\nspecie di Pok\u00e9mon. \u00c8 a forma di uovo.",
            "version_group": {
                "name": "x-y",
                "url": "/api/v2/version-group/15/"
            }
        },
        {
            "language": {
                "name": "en",
                "url": "/api/v2/language/9/"
            },
            "text": "A peculiar stone that can make\ncertain species of Pok\u00e9mon evolve.\nIt\u2019s as round as a Pok\u00e9mon Egg.",
            "version_group": {
                "name": "x-y",
                "url": "/api/v2/version-group/15/"
            }
        },
        {
            "language": {
                "name": "ja",
                "url": "/api/v2/language/11/"
            },
            "text": "\u3042\u308b\u3000\u7279\u5b9a\u306e\u3000\u30dd\u30b1\u30e2\u30f3\u3092\n\u9032\u5316\u3055\u305b\u308b\u3000\u4e0d\u601d\u8b70\u306a\u3000\u77f3\u3002\n\u305f\u307e\u306e\u3088\u3046\u306b\u3000\u307e\u308b\u3044\u3002",
            "version_group": {
                "name": "x-y",
                "url": "/api/v2/version-group/15/"
            }
        },
        {
            "language": {
                "name": "ja-Hrkt",
                "url": "/api/v2/language/1/"
            },
            "text": "\u3042\u308b\u3000\u3068\u304f\u3066\u3044\u306e\u3000\u30dd\u30b1\u30e2\u30f3\u3092\n\u3057\u3093\u304b\u3055\u305b\u308b\u3000\u3075\u3057\u304e\u306a\u3000\u3044\u3057\u3002\n\u305f\u307e\u306e\u3088\u3046\u306b\u3000\u307e\u308b\u3044\u3002",
            "version_group": {
                "name": "sun-moon",
                "url": "/api/v2/version-group/17/"
            }
        },
        {
            "language": {
                "name": "ko",
                "url": "/api/v2/language/3/"
            },
            "text": "\uc5b4\ub290 \ud2b9\uc815 \ud3ec\ucf13\ubaac\uc744\n\uc9c4\ud654\uc2dc\ud0a4\ub294 \uc774\uc0c1\ud55c \ub3cc.\n\uad6c\uc2ac\ucc98\ub7fc \ub465\uae00\ub2e4.",
            "version_group": {
                "name": "sun-moon",
                "url": "/api/v2/version-group/17/"
            }
        },
        {
            "language": {
                "name": "zh-Hant",
                "url": "/api/v2/language/4/"
            },
            "text": "\u80fd\u8b93\u7279\u5b9a\u5bf6\u53ef\u5922\n\u9032\u5316\u7684\u795e\u5947\u77f3\u982d\u3002\n\u50cf\u73e0\u5b50\u4e00\u822c\u5713\u6f64\u3002",
            "version_group": {
                "name": "sun-moon",
                "url": "/api/v2/version-group/17/"
            }
        },
        {
            "language": {
                "name": "fr",
                "url": "/api/v2/language/5/"
            },
            "text": "Une pierre \u00e9trange qui fait \u00e9voluer certaines\nesp\u00e8ces de Pok\u00e9mon. Elle a la forme d\u2019un \u0153uf.",
            "version_group": {
                "name": "sun-moon",
                "url": "/api/v2/version-group/17/"
            }
        },
        {
            "language": {
                "name": "de",
                "url": "/api/v2/language/6/"
            },
            "text": "Dieser besondere, eif\u00f6rmige Stein hilft\nmanchen Pok\u00e9mon bei ihrer Entwicklung.",
            "version_group": {
                "name": "sun-moon",
                "url": "/api/v2/version-group/17/"
            }
        },
        {
            "language": {
                "name": "es",
                "url": "/api/v2/language/7/"
            },
            "text": "Una piedra peculiar que hace evolucionar a algunos\nPok\u00e9mon. Tiene forma de huevo.",
            "version_group": {
                "name": "sun-moon",
                "url": "/api/v2/version-group/17/"
            }
        },
        {
            "language": {
                "name": "it",
                "url": "/api/v2/language/8/"
            },
            "text": "Pietra particolare che fa evolvere determinate\nspecie di Pok\u00e9mon. \u00c8 a forma di uovo.",
            "version_group": {
                "name": "sun-moon",
                "url": "/api/v2/version-group/17/"
            }
        },
        {
            "language": {
                "name": "en",
                "url": "/api/v2/language/9/"
            },
            "text": "A peculiar stone that can make certain species of\nPok\u00e9mon evolve. It\u2019s as round as a Pok\u00e9mon Egg.",
            "version_group": {
                "name": "sun-moon",
                "url": "/api/v2/version-group/17/"
            }
        },
        {
            "language": {
                "name": "ja",
                "url": "/api/v2/language/11/"
            },
            "text": "\u3042\u308b\u3000\u7279\u5b9a\u306e\u3000\u30dd\u30b1\u30e2\u30f3\u3092\n\u9032\u5316\u3055\u305b\u308b\u3000\u4e0d\u601d\u8b70\u306a\u3000\u77f3\u3002\n\u305f\u307e\u306e\u3088\u3046\u306b\u3000\u307e\u308b\u3044\u3002",
            "version_group": {
                "name": "sun-moon",
                "url": "/api/v2/version-group/17/"
            }
        },
        {
            "language": {
                "name": "zh-Hans",
                "url": "/api/v2/language/12/"
            },
            "text": "\u80fd\u8ba9\u67d0\u4e9b\u7279\u5b9a\u5b9d\u53ef\u68a6\n\u8fdb\u5316\u7684\u795e\u5947\u77f3\u5934\u3002\n\u50cf\u73e0\u5b50\u4e00\u822c\u5706\u6da6\u3002",
            "version_group": {
                "name": "sun-moon",
                "url": "/api/v2/version-group/17/"
            }
        },
        {
            "language": {
                "name": "ja-Hrkt",
                "url": "/api/v2/language/1/"
            },
            "text": "\u3042\u308b\u3000\u3068\u304f\u3066\u3044\u306e\u3000\u30dd\u30b1\u30e2\u30f3\u3092\n\u3057\u3093\u304b\u3055\u305b\u308b\u3000\u3075\u3057\u304e\u306a\u3000\u3044\u3057\u3002\n\u305f\u307e\u306e\u3088\u3046\u306b\u3000\u307e\u308b\u3044\u3002",
            "version_group": {
                "name": "ultra-sun-ultra-moon",
                "url": "/api/v2/version-group/18/"
            }
        },
        {
            "language": {
                "name": "ko",
                "url": "/api/v2/language/3/"
            },
            "text": "\uc5b4\ub290 \ud2b9\uc815 \ud3ec\ucf13\ubaac\uc744\n\uc9c4\ud654\uc2dc\ud0a4\ub294 \uc774\uc0c1\ud55c \ub3cc.\n\uad6c\uc2ac\ucc98\ub7fc \ub465\uae00\ub2e4.",
            "version_group": {
                "name": "ultra-sun-ultra-moon",
                "url": "/api/v2/version-group/18/"
            }
        },
        {
            "language": {
                "name": "zh-Hant",
                "url": "/api/v2/language/4/"
            },
            "text": "\u80fd\u8b93\u7279\u5b9a\u5bf6\u53ef\u5922\n\u9032\u5316\u7684\u795e\u5947\u77f3\u982d\u3002\n\u50cf\u73e0\u5b50\u4e00\u822c\u5713\u6f64\u3002",
            "version_group": {
                "name": "ultra-sun-ultra-moon",
                "url": "/api/v2/version-group/18/"
            }
        },
        {
            "language": {
                "name": "fr",
                "url": "/api/v2/language/5/"
            },
            "text": "Une pierre \u00e9trange qui fait \u00e9voluer certaines\nesp\u00e8ces de Pok\u00e9mon. Elle a la forme d\u2019un \u0153uf.",
            "version_group": {
                "name": "ultra-sun-ultra-moon",
                "url": "/api/v2/version-group/18/"
            }
        },
        {
            "language": {
                "name": "de",
                "url": "/api/v2/language/6/"
            },
            "text": "Dieser besondere, eif\u00f6rmige Stein hilft\nmanchen Pok\u00e9mon bei ihrer Entwicklung.",
            "version_group": {
                "name": "ultra-sun-ultra-moon",
                "url": "/api/v2/version-group/18/"
            }
        },
        {
            "language": {
                "name": "es",
                "url": "/api/v2/language/7/"
            },
            "text": "Una piedra peculiar que hace evolucionar a algunos\nPok\u00e9mon. Tiene forma de huevo.",
            "version_group": {
                "name": "ultra-sun-ultra-moon",
                "url": "/api/v2/version-group/18/"
            }
        },
        {
            "language": {
                "name": "it",
                "url": "/api/v2/language/8/"
            },
            "text": "Pietra particolare che fa evolvere determinate\nspecie di Pok\u00e9mon. \u00c8 a forma di uovo.",
            "version_group": {
                "name": "ultra-sun-ultra-moon",
                "url": "/api/v2/version-group/18/"
            }
        },
        {
            "language": {
                "name": "en",
                "url": "/api/v2/language/9/"
            },
            "text": "A peculiar stone that can make certain species of\nPok\u00e9mon evolve. It\u2019s as round as a Pok\u00e9mon Egg.",
            "version_group": {
                "name": "ultra-sun-ultra-moon",
                "url": "/api/v2/version-group/18/"
            }
        },
        {
            "language": {
                "name": "ja",
                "url": "/api/v2/language/11/"
            },
            "text": "\u3042\u308b\u3000\u7279\u5b9a\u306e\u3000\u30dd\u30b1\u30e2\u30f3\u3092\n\u9032\u5316\u3055\u305b\u308b\u3000\u4e0d\u601d\u8b70\u306a\u3000\u77f3\u3002\n\u305f\u307e\u306e\u3088\u3046\u306b\u3000\u307e\u308b\u3044\u3002",
            "version_group": {
                "name": "ultra-sun-ultra-moon",
                "url": "/api/v2/version-group/18/"
            }
        },
        {
            "language": {
                "name": "zh-Hans",
                "url": "/api/v2/language/12/"
            },
            "text": "\u80fd\u8ba9\u67d0\u4e9b\u7279\u5b9a\u5b9d\u53ef\u68a6\n\u8fdb\u5316\u7684\u795e\u5947\u77f3\u5934\u3002\n\u50cf\u73e0\u5b50\u4e00\u822c\u5706\u6da6\u3002",
            "version_group": {
                "name": "ultra-sun-ultra-moon",
                "url": "/api/v2/version-group/18/"
            }
        },
        {
            "language": {
                "name": "ja-Hrkt",
                "url": "/api/v2/language/1/"
            },
            "text": "\u3042\u308b\u3000\u3068\u304f\u3066\u3044\u306e\u3000\u30dd\u30b1\u30e2\u30f3\u3092\n\u3057\u3093\u304b\u3055\u305b\u308b\u3000\u3075\u3057\u304e\u306a\u3000\u3044\u3057\u3002\n\u305f\u307e\u306e\u3088\u3046\u306b\u3000\u307e\u308b\u3044\u3002",
            "version_group": {
                "name": "lets-go-pikachu-lets-go-eevee",
                "url": "/api/v2/version-group/19/"
            }
        },
        {
            "language": {
                "name": "ko",
                "url": "/api/v2/language/3/"
            },
            "text": "\uc5b4\ub290 \ud2b9\uc815 \ud3ec\ucf13\ubaac\uc744\n\uc9c4\ud654\uc2dc\ud0a4\ub294 \uc774\uc0c1\ud55c \ub3cc.\n\uad6c\uc2ac\ucc98\ub7fc \ub465\uae00\ub2e4.",
            "version_group": {
                "name": "lets-go-pikachu-lets-go-eevee",
                "url": "/api/v2/version-group/19/"
            }
        },
        {
            "language": {
                "name": "zh-Hant",
                "url": "/api/v2/language/4/"
            },
            "text": "\u80fd\u8b93\u7279\u5b9a\u5bf6\u53ef\u5922\n\u9032\u5316\u7684\u795e\u5947\u77f3\u982d\u3002\n\u50cf\u73e0\u5b50\u4e00\u822c\u5713\u6f64\u3002",
            "version_group": {
                "name": "lets-go-pikachu-lets-go-eevee",
                "url": "/api/v2/version-group/19/"
            }
        },
        {
            "language": {
                "name": "fr",
                "url": "/api/v2/language/5/"
            },
            "text": "Une pierre \u00e9trange qui fait \u00e9voluer certaines esp\u00e8ces\nde Pok\u00e9mon. Elle a la forme d\u2019un \u0153uf.",
            "version_group": {
                "name": "lets-go-pikachu-lets-go-eevee",
                "url": "/api/v2/version-group/19/"
            }
        },
        {
            "language": {
                "name": "de",
                "url": "/api/v2/language/6/"
            },
            "text": "Dieser besondere, eif\u00f6rmige Stein hilft\nmanchen Pok\u00e9mon bei ihrer Entwicklung.",
            "version_group": {
                "name": "lets-go-pikachu-lets-go-eevee",
                "url": "/api/v2/version-group/19/"
            }
        },
        {
            "language": {
                "name": "es",
                "url": "/api/v2/language/7/"
            },
            "text": "Una piedra peculiar que hace evolucionar a algunos\nPok\u00e9mon. Tiene forma de huevo.",
            "version_group": {
                "name": "lets-go-pikachu-lets-go-eevee",
                "url": "/api/v2/version-group/19/"
            }
        },
        {
            "language": {
                "name": "it",
                "url": "/api/v2/language/8/"
            },
            "text": "Pietra particolare che fa evolvere determinate\nspecie di Pok\u00e9mon. \u00c8 a forma di uovo.",
            "version_group": {
                "name": "lets-go-pikachu-lets-go-eevee",
                "url": "/api/v2/version-group/19/"
            }
        },
        {
            "language": {
                "name": "en",
                "url": "/api/v2/language/9/"
            },
            "text": "A peculiar stone that can make certain species of\nPok\u00e9mon evolve. It\u2019s as round as a Pok\u00e9mon Egg.",
            "version_group": {
                "name": "lets-go-pikachu-lets-go-eevee",
                "url": "/api/v2/version-group/19/"
            }
        },
        {
            "language": {
                "name": "ja",
                "url": "/api/v2/language/11/"
            },
            "text": "\u3042\u308b\u3000\u7279\u5b9a\u306e\u3000\u30dd\u30b1\u30e2\u30f3\u3092\n\u9032\u5316\u3055\u305b\u308b\u3000\u4e0d\u601d\u8b70\u306a\u3000\u77f3\u3002\n\u305f\u307e\u306e\u3088\u3046\u306b\u3000\u307e\u308b\u3044\u3002",
            "version_group": {
                "name": "lets-go-pikachu-lets-go-eevee",
                "url": "/api/v2/version-group/19/"
            }
        },
        {
            "language": {
                "name": "zh-Hans",
                "url": "/api/v2/language/12/"
            },
            "text": "\u80fd\u8ba9\u67d0\u4e9b\u7279\u5b9a\u5b9d\u53ef\u68a6\n\u8fdb\u5316\u7684\u795e\u5947\u77f3\u5934\u3002\n\u50cf\u73e0\u5b50\u4e00\u822c\u5706\u6da6\u3002",
            "version_group": {
                "name": "lets-go-pikachu-lets-go-eevee",
                "url": "/api/v2/version-group/19/"
            }
        },
        {
            "language": {
                "name": "ja-Hrkt",
                "url": "/api/v2/language/1/"
            },
            "text": "\u3042\u308b\u3000\u3068\u304f\u3066\u3044\u306e\u3000\u30dd\u30b1\u30e2\u30f3\u3092\n\u3057\u3093\u304b\u3055\u305b\u308b\u3000\u3075\u3057\u304e\u306a\u3000\u3044\u3057\u3002\n\u305f\u307e\u306e\u3088\u3046\u306b\u3000\u307e\u308b\u3044\u3002",
            "version_group": {
                "name": "sword-shield",
                "url": "/api/v2/version-group/20/"
            }
        },
        {
            "language": {
                "name": "ko",
                "url": "/api/v2/language/3/"
            },
            "text": "\uc5b4\ub290 \ud2b9\uc815 \ud3ec\ucf13\ubaac\uc744\n\uc9c4\ud654\uc2dc\ud0a4\ub294 \uc774\uc0c1\ud55c \ub3cc.\n\uad6c\uc2ac\ucc98\ub7fc \ub465\uae00\ub2e4.",
            "version_group": {
                "name": "sword-shield",
                "url": "/api/v2/version-group/20/"
            }
        },
        {
            "language": {
                "name": "zh-Hant",
                "url": "/api/v2/language/4/"
            },
            "text": "\u80fd\u8b93\u7279\u5b9a\u5bf6\u53ef\u5922\n\u9032\u5316\u7684\u795e\u5947\u77f3\u982d\u3002\n\u50cf\u73e0\u5b50\u4e00\u822c\u5713\u6f64\u3002",
            "version_group": {
                "name": "sword-shield",
                "url": "/api/v2/version-group/20/"
            }
        },
        {
            "language": {
                "name": "fr",
                "url": "/api/v2/language/5/"
            },
            "text": "Une pierre \u00e9trange qui fait \u00e9voluer certaines esp\u00e8ces\nde Pok\u00e9mon. Elle a la forme d\u2019un \u0153uf.",
            "version_group": {
                "name": "sword-shield",
                "url": "/api/v2/version-group/20/"
            }
        },
        {
            "language": {
                "name": "de",
                "url": "/api/v2/language/6/"
            },
            "text": "Dieser besondere, eif\u00f6rmige Stein hilft manchen\nPok\u00e9mon bei ihrer Entwicklung.",
            "version_group": {
                "name": "sword-shield",
                "url": "/api/v2/version-group/20/"
            }
        },
        {
            "language": {
                "name": "es",
                "url": "/api/v2/language/7/"
            },
            "text": "Una piedra peculiar que hace evolucionar a algunos\nPok\u00e9mon. Tiene forma de huevo.",
            "version_group": {
                "name": "sword-shield",
                "url": "/api/v2/version-group/20/"
            }
        },
        {
            "language": {
                "name": "it",
                "url": "/api/v2/language/8/"
            },
            "text": "Pietra particolare che fa evolvere determinate\nspecie di Pok\u00e9mon. \u00c8 a forma di uovo.",
            "version_group": {
                "name": "sword-shield",
                "url": "/api/v2/version-group/20/"
            }
        },
        {
            "language": {
                "name": "en",
                "url": "/api/v2/language/9/"
            },
            "text": "A peculiar stone that can make certain species of\nPok\u00e9mon evolve. It\u2019s as round as a Pok\u00e9mon Egg.",
            "version_group": {
                "name": "sword-shield",
                "url": "/api/v2/version-group/20/"
            }
        },
        {
            "language": {
                "name": "ja",
                "url": "/api/v2/language/11/"
            },
            "text": "\u3042\u308b\u3000\u7279\u5b9a\u306e\u3000\u30dd\u30b1\u30e2\u30f3\u3092\n\u9032\u5316\u3055\u305b\u308b\u3000\u4e0d\u601d\u8b70\u306a\u3000\u77f3\u3002\n\u305f\u307e\u306e\u3088\u3046\u306b\u3000\u307e\u308b\u3044\u3002",
            "version_group": {
                "name": "sword-shield",
                "url": "/api/v2/version-group/20/"
            }
        },
        {
            "language": {
                "name": "zh-Hans",
                "url": "/api/v2/language/12/"
            },
            "text": "\u80fd\u8ba9\u67d0\u4e9b\u7279\u5b9a\u5b9d\u53ef\u68a6\n\u8fdb\u5316\u7684\u795e\u5947\u77f3\u5934\u3002\n\u50cf\u73e0\u5b50\u4e00\u822c\u5706\u6da6\u3002",
            "version_group": {
                "name": "sword-shield",
                "url": "/api/v2/version-group/20/"
            }
        }
    ],
    "fling_effect": null,
    "fling_power": 80,
    "game_indices": [
        {
            "game_index": 110,
            "generation": {
                "name": "generation-iv",
                "url": "/api/v2/generation/4/"
            }
        },
        {
            "game_index": 110,
            "generation": {
                "name": "generation-v",
                "url": "/api/v2/generation/5/"
            }
        },
        {
            "game_index": 110,
            "generation": {
                "name": "generation-vi",
                "url": "/api/v2/generation/6/"
            }
        },
        {
            "game_index": 110,
            "generation": {
                "name": "generation-vii",
                "url": "/api/v2/generation/7/"
            }
        },
        {
            "game_index": 110,
            "generation": {
                "name": "generation-viii",
                "url": "/api/v2/generation/8/"
            }
        }
    ],
    "held_by_pokemon": [
        {
            "pokemon": {
                "name": "chansey",
                "url": "/api/v2/pokemon/113/"
            },
            "version_details": [
                {
                    "rarity": 50,
                    "version": {
                        "name": "diamond",
                        "url": "/api/v2/version/12/"
                    }
                },
                {
                    "rarity": 50,
                    "version": {
                        "name": "pearl",
                        "url": "/api/v2/version/13/"
                    }
                },
                {
                    "rarity": 50,
                    "version": {
                        "name": "platinum",
                        "url": "/api/v2/version/14/"
                    }
                },
                {
                    "rarity": 50,
                    "version": {
                        "name": "heartgold",
                        "url": "/api/v2/version/15/"
                    }
                },
                {
                    "rarity": 50,
                    "version": {
                        "name": "soulsilver",
                        "url": "/api/v2/version/16/"
                    }
                }
            ]
        },
        {
            "pokemon": {
                "name": "blissey",
                "url": "/api/v2/pokemon/242/"
            },
            "version_details": [
                {
                    "rarity": 50,
                    "version": {
                        "name": "diamond",
                        "url": "/api/v2/version/12/"
                    }
                },
                {
                    "rarity": 50,
                    "version": {
                        "name": "pearl",
                        "url": "/api/v2/version/13/"
                    }
                },
                {
                    "rarity": 50,
                    "version": {
                        "name": "platinum",
                        "url": "/api/v2/version/14/"
                    }
                },
                {
                    "rarity": 50,
                    "version": {
                        "name": "heartgold",
                        "url": "/api/v2/version/15/"
                    }
                },
                {
                    "rarity": 50,
                    "version": {
                        "name": "soulsilver",
                        "url": "/api/v2/version/16/"
                    }
                }
            ]
        },
        {
            "pokemon": {
                "name": "happiny",
                "url": "/api/v2/pokemon/440/"
            },
            "version_details": [
                {
                    "rarity": 50,
                    "version": {
                        "name": "diamond",
                        "url": "/api/v2/version/12/"
                    }
                },
                {
                    "rarity": 50,
                    "version": {
                        "name": "pearl",
                        "url": "/api/v2/version/13/"
                    }
                },
                {
                    "rarity": 50,
                    "version": {
                        "name": "platinum",
                        "url": "/api/v2/version/14/"
                    }
                },
                {
                    "rarity": 50,
                    "version": {
                        "name": "heartgold",
                        "url": "/api/v2/version/15/"
                    }
                },
                {
                    "rarity": 50,
                    "version": {
                        "name": "soulsilver",
                        "url": "/api/v2/version/16/"
                    }
                },
                {
                    "rarity": 50,
                    "version": {
                        "name": "black",
                        "url": "/api/v2/version/17/"
                    }
                },
                {
                    "rarity": 50,
                    "version": {
                        "name": "white",
                        "url": "/api/v2/version/18/"
                    }
                },
                {
                    "rarity": 50,
                    "version": {
                        "name": "black-2",
                        "url": "/api/v2/version/21/"
                    }
                },
                {
                    "rarity": 50,
                    "version": {
                        "name": "white-2",
                        "url": "/api/v2/version/22/"
                    }
                },
                {
                    "rarity": 50,
                    "version": {
                        "name": "x",
                        "url": "/api/v2/version/23/"
                    }
                },
                {
                    "rarity": 50,
                    "version": {
                        "name": "y",
                        "url": "/api/v2/version/24/"
                    }
                },
                {
                    "rarity": 50,
                    "version": {
                        "name": "omega-ruby",
                        "url": "/api/v2/version/25/"
                    }
                },
                {
                    "rarity": 50,
                    "version": {
                        "name": "alpha-sapphire",
                        "url": "/api/v2/version/26/"
                    }
                },
                {
                    "rarity": 50,
                    "version": {
                        "name": "sun",
                        "url": "/api/v2/version/27/"
                    }
                },
                {
                    "rarity": 50,
                    "version": {
                        "name": "moon",
                        "url": "/api/v2/version/28/"
                    }
                },
                {
                    "rarity": 50,
                    "version": {
                        "name": "ultra-sun",
                        "url": "/api/v2/version/29/"
                    }
                },
                {
                    "rarity": 50,
                    "version": {
                        "name": "ultra-moon",
                        "url": "/api/v2/version/30/"
                    }
                }
            ]
        }
    ],
    "id": 110,
    "machines": [],
    "name": "oval-stone",
    "names": [
        {
            "language": {
                "name": "ja-Hrkt",
                "url": "/api/v2/language/1/"
            },
            "name": "\u307e\u3093\u307e\u308b\u3044\u3057"
        },
        {
            "language": {
                "name": "ko",
                "url": "/api/v2/language/3/"
            },
            "name": "\ub3d9\uae00\ub3d9\uae00\ub3cc"
        },
        {
            "language": {
                "name": "zh-Hant",
                "url": "/api/v2/language/4/"
            },
            "name": "\u6e3e\u5713\u4e4b\u77f3"
        },
        {
            "language": {
                "name": "fr",
                "url": "/api/v2/language/5/"
            },
            "name": "Pierre Ovale"
        },
        {
            "language": {
                "name": "de",
                "url": "/api/v2/language/6/"
            },
            "name": "Ovaler Stein"
        },
        {
            "language": {
                "name": "es",
                "url": "/api/v2/language/7/"
            },
            "name": "Piedra Oval"
        },
        {
            "language": {
                "name": "it",
                "url": "/api/v2/language/8/"
            },
            "name": "Pietraovale"
        },
        {
            "language": {
                "name": "en",
                "url": "/api/v2/language/9/"
            },
            "name": "Oval Stone"
        },
        {
            "language": {
                "name": "ja",
                "url": "/api/v2/language/11/"
            },
            "name": "\u307e\u3093\u307e\u308b\u3044\u3057"
        },
        {
            "language": {
                "name": "zh-Hans",
                "url": "/api/v2/language/12/"
            },
            "name": "\u6d51\u5706\u4e4b\u77f3"
        }
    ],
    "sprites": {
        "default": "https://raw.githubusercontent.com/PokeAPI/sprites/master/sprites/items/oval-stone.png"
    }
}