{
    "attributes": [],
    "baby_trigger_for": null,
    "category": {
        "name": "unused",
        "url": "/api/v2/item-category/23/"
    },
    "cost": 0,
    "effect_entries": [],
    "flavor_text_entries": [
        {
            "language": {
                "name": "ja-Hrkt",
                "url": "/api/v2/language/1/"
            },
            "text": "\u30af\u30c1\u30d0\u3000\u30b8\u30e0\u30ea\u30fc\u30c0\u30fc\u3000\u30de\u30c1\u30b9\u304b\u3089\n\u3082\u3089\u3063\u305f\u3000\u30b5\u30a4\u30f3\u3057\u304d\u3057\u3002\n\uff27\uff4f\uff4f\uff44\u3000\uff2c\uff55\uff43\uff4b\uff01\u3068\u3000\u304b\u304b\u308c\u3066\u3044\u308b\u3002",
            "version_group": {
                "name": "lets-go-pikachu-lets-go-eevee",
                "url": "/api/v2/version-group/19/"
            }
        },
        {
            "language": {
                "name": "ko",
                "url": "/api/v2/language/3/"
            },
            "text": "\uac08\uc0c9\uccb4\uc721\uad00 \uad00\uc7a5 \ub9c8\ud2f0\uc2a4\uc5d0\uac8c\n\ubc1b\uc740 \uc0ac\uc778\uc774 \uc801\ud78c \uc885\uc774.\nGood Luck!\uc774\ub77c\uace0 \uc368 \uc788\ub2e4.",
            "version_group": {
                "name": "lets-go-pikachu-lets-go-eevee",
                "url": "/api/v2/version-group/19/"
            }
        },
        {
            "language": {
                "name": "zh-Hant",
                "url": "/api/v2/language/4/"
            },
            "text": "\u5f9e\u67af\u8449\u5e02\u9053\u9928\u9928\u4e3b\u99ac\u5fd7\u58eb\n\u624b\u4e0a\u62ff\u5230\u7684\u7c3d\u540d\u677f\u3002\n\u4e0a\u9762\u5beb\u8457\u300cGood Luck\uff01\u300d\u3002",
            "version_group": {
                "name": "lets-go-pikachu-lets-go-eevee",
                "url": "/api/v2/version-group/19/"
            }
        },
        {
            "language": {
                "name": "fr",
                "url": "/api/v2/language/5/"
            },
            "text": "C\u2019est un autographe de Major Bob, le Champion\nde l\u2019Ar\u00e8ne de Carmin sur Mer\u202f! Il y a \u00e9crit \u00ab\u202fGood luck\u202f!\u202f\u00bb\ndessus.",
            "version_group": {
                "name": "lets-go-pikachu-lets-go-eevee",
                "url": "/api/v2/version-group/19/"
            }
        },
        {
            "language": {
                "name": "de",
                "url": "/api/v2/language/6/"
            },
            "text": "Das ist ein Autogramm von Major Bob,\ndem Arenaleiter von Orania City.\nDarauf steht: \u201eViel Gl\u00fcck, [VAR (00FF,0806,0000)]RekrutRekrutin!\u201c",
            "version_group": {
                "name": "lets-go-pikachu-lets-go-eevee",
                "url": "/api/v2/version-group/19/"
            }
        },
        {
            "language": {
                "name": "es",
                "url": "/api/v2/language/7/"
            },
            "text": "El aut\u00f3grafo del Teniente Surge, el L\u00edder de Gimnasio\nde Ciudad Carm\u00edn. La dedicatoria reza: \"Good luck!\".",
            "version_group": {
                "name": "lets-go-pikachu-lets-go-eevee",
                "url": "/api/v2/version-group/19/"
            }
        },
        {
            "language": {
                "name": "it",
                "url": "/api/v2/language/8/"
            },
            "text": "\u00c8 l\u2019autografo di Lt. Surge, il Capopalestra\ndi Aranciopoli. C\u2019\u00e8 scritto \u201cGood luck!\u201d.",
            "version_group": {
                "name": "lets-go-pikachu-lets-go-eevee",
                "url": "/api/v2/version-group/19/"
            }
        },
        {
            "language": {
                "name": "en",
                "url": "/api/v2/language/9/"
            },
            "text": "The autograph you got from the Vermilion City Gym\nLeader, Lt. Surge. He wrote, \u201cGood luck!\u201d",
            "version_group": {
                "name": "lets-go-pikachu-lets-go-eevee",
                "url": "/api/v2/version-group/19/"
            }
        },
        {
            "language": {
                "name": "ja",
                "url": "/api/v2/language/11/"
            },
            "text": "\u30af\u30c1\u30d0\u3000\u30b8\u30e0\u30ea\u30fc\u30c0\u30fc\u3000\u30de\u30c1\u30b9\u304b\u3089\n\u3082\u3089\u3063\u305f\u3000\u30b5\u30a4\u30f3\u8272\u7d19\u3002\n\uff27\uff4f\uff4f\uff44\u3000\uff2c\uff55\uff43\uff4b\uff01\u3068\u3000\u66f8\u304b\u308c\u3066\u3044\u308b\u3002",
            "version_group": {
                "name": "lets-go-pikachu-lets-go-eevee",
                "url": "/api/v2/version-group/19/"
            }
        },
        {
            "language": {
                "name": "zh-Hans",
                "url": "/api/v2/language/12/"
            },
            "text": "\u67af\u53f6\u5e02\u9053\u9986\u9986\u4e3b\u9a6c\u5fd7\u58eb\n\u7ed9\u4f60\u7684\u5f69\u8272\u7b7e\u540d\u7eb8\u3002\n\u4e0a\u9762\u5199\u7740\u201cGood Luck\uff01\u201d\u3002",
            "version_group": {
                "name": "lets-go-pikachu-lets-go-eevee",
                "url": "/api/v2/version-group/19/"
            }
        },
        {
            "language": {
                "name": "ja-Hrkt",
                "url": "/api/v2/language/1/"
            },
            "text": "\u30af\u30c1\u30d0\u3000\u30b8\u30e0\u30ea\u30fc\u30c0\u30fc\u3000\u30de\u30c1\u30b9\u304b\u3089\n\u3082\u3089\u3063\u305f\u3000\u30b5\u30a4\u30f3\u3057\u304d\u3057\u3002\n\uff27\uff4f\uff4f\uff44\u3000\uff2c\uff55\uff43\uff4b\uff01\u3068\u3000\u304b\u304b\u308c\u3066\u3044\u308b\u3002",
            "version_group": {
                "name": "sword-shield",
                "url": "/api/v2/version-group/20/"
            }
        },
        {
            "language": {
                "name": "ko",
                "url": "/api/v2/language/3/"
            },
            "text": "\uac08\uc0c9\uccb4\uc721\uad00 \uad00\uc7a5 \ub9c8\ud2f0\uc2a4\uc5d0\uac8c\n\ubc1b\uc740 \uc0ac\uc778\uc774 \uc801\ud78c \uc885\uc774.\nGood Luck!\uc774\ub77c\uace0 \uc368 \uc788\ub2e4.",
            "version_group": {
                "name": "sword-shield",
                "url": "/api/v2/version-group/20/"
            }
        },
        {
            "language": {
                "name": "zh-Hant",
                "url": "/api/v2/language/4/"
            },
            "text": "\u5f9e\u67af\u8449\u5e02\u9053\u9928\u9928\u4e3b\u99ac\u5fd7\u58eb\n\u90a3\u88e1\u62ff\u5230\u7684\u7c3d\u540d\u677f\u3002\n\u4e0a\u9762\u5beb\u8457\u300c\uff27\uff4f\uff4f\uff44\u3000\uff2c\uff55\uff43\uff4b\uff01\u300d\u3002",
            "version_group": {
                "name": "sword-shield",
                "url": "/api/v2/version-group/20/"
            }
        },
        {
            "language": {
                "name": "fr",
                "url": "/api/v2/language/5/"
            },
            "text": "C\u2019est un autographe de Major Bob, le Champion\nde l\u2019Ar\u00e8ne de Carmin sur Mer\u202f! Il y a \u00e9crit \u00ab\u202fGood luck\u202f!\u202f\u00bb\ndessus.",
            "version_group": {
                "name": "sword-shield",
                "url": "/api/v2/version-group/20/"
            }
        },
        {
            "language": {
                "name": "de",
                "url": "/api/v2/language/6/"
            },
            "text": "Das ist ein Autogramm von Major Bob, dem Arenaleiter\nvon Orania City. Darauf steht: \u201eViel Gl\u00fcck, [VAR (00FF,0806,0000)]RekrutRekrutin!\u201c",
            "version_group": {
                "name": "sword-shield",
                "url": "/api/v2/version-group/20/"
            }
        },
        {
            "language": {
                "name": "es",
                "url": "/api/v2/language/7/"
            },
            "text": "El aut\u00f3grafo del Teniente Surge, el L\u00edder de Gimnasio\nde Ciudad Carm\u00edn. La dedicatoria reza: \"Good luck!\".",
            "version_group": {
                "name": "sword-shield",
                "url": "/api/v2/version-group/20/"
            }
        },
        {
            "language": {
                "name": "it",
                "url": "/api/v2/language/8/"
            },
            "text": "\u00c8 l\u2019autografo di Lt. Surge, il Capopalestra\ndi Aranciopoli. C\u2019\u00e8 scritto \u201cGood luck!\u201d.",
            "version_group": {
                "name": "sword-shield",
                "url": "/api/v2/version-group/20/"
            }
        },
        {
            "language": {
                "name": "en",
                "url": "/api/v2/language/9/"
            },
            "text": "The autograph you got from the Vermilion City Gym\nLeader, Lt. Surge. He wrote, \u201cGood luck!\u201d",
            "version_group": {
                "name": "sword-shield",
                "url": "/api/v2/version-group/20/"
            }
        },
        {
            "language": {
                "name": "ja",
                "url": "/api/v2/language/11/"
            },
            "text": "\u30af\u30c1\u30d0\u3000\u30b8\u30e0\u30ea\u30fc\u30c0\u30fc\u3000\u30de\u30c1\u30b9\u304b\u3089\n\u3082\u3089\u3063\u305f\u3000\u30b5\u30a4\u30f3\u8272\u7d19\u3002\n\uff27\uff4f\uff4f\uff44\u3000\uff2c\uff55\uff43\uff4b\uff01\u3068\u3000\u66f8\u304b\u308c\u3066\u3044\u308b\u3002",
            "version_group": {
                "name": "sword-shield",
                "url": "/api/v2/version-group/20/"
            }
        },
        {
            "language": {
                "name": "zh-Hans",
                "url": "/api/v2/language/12/"
            },
            "text": "\u67af\u53f6\u5e02\u9053\u9986\u9986\u4e3b\u9a6c\u5fd7\u58eb\n\u7ed9\u4f60\u7684\u5f69\u8272\u7b7e\u540d\u7eb8\u3002\n\u4e0a\u9762\u5199\u7740\u201c\uff27\uff4f\uff4f\uff44 \uff2c\uff55\uff43\uff4b\uff01\u201d\u3002",
            "version_group": {
                "name": "sword-shield",
                "url": "/api/v2/version-group/20/"
            }
        }
    ],
    "fling_effect": null,
    "fling_power": null,
    "game_indices": [
        {
            "game_index": 115,
            "generation": {
                "name": "generation-vii",
                "url": "/api/v2/generation/7/"
            }
        },
        {
            "game_index": 115,
            "generation": {
                "name": "generation-viii",
                "url": "/api/v2/generation/8/"
            }
        }
    ],
    "held_by_pokemon": [],
    "id": 1006,
    "machines": [],
    "name": "autograph",
    "names": [
        {
            "language": {
                "name": "ja-Hrkt",
                "url": "/api/v2/language/1/"
            },
            "name": "\u30de\u30c1\u30b9\u306e\u30b5\u30a4\u30f3"
        },
        {
            "language": {
                "name": "ko",
                "url": "/api/v2/language/3/"
            },
            "name": "\ub9c8\ud2f0\uc2a4\uc758\uc0ac\uc778"
        },
        {
            "language": {
                "name": "zh-Hant",
                "url": "/api/v2/language/4/"
            },
            "name": "\u99ac\u5fd7\u58eb\u7684\u7c3d\u540d"
        },
        {
            "language": {
                "name": "fr",
                "url": "/api/v2/language/5/"
            },
            "name": "D\u00e9dicace de Bob"
        },
        {
            "language": {
                "name": "de",
                "url": "/api/v2/language/6/"
            },
            "name": "Autogramm"
        },
        {
            "language": {
                "name": "es",
                "url": "/api/v2/language/7/"
            },
            "name": "Aut\u00f3grafo"
        },
        {
            "language": {
                "name": "it",
                "url": "/api/v2/language/8/"
            },
            "name": "Autografo"
        },
        {
            "language": {
                "name": "en",
                "url": "/api/v2/language/9/"
            },
            "name": "Autograph"
        },
        {
            "language": {
                "name": "ja",
                "url": "/api/v2/language/11/"
            },
            "name": "\u30de\u30c1\u30b9\u306e\u30b5\u30a4\u30f3"
        },
        {
            "language": {
                "name": "zh-Hans",
                "url": "/api/v2/language/12/"
            },
            "name": "\u9a6c\u5fd7\u58eb\u7684\u7b7e\u540d"
        }
    ],
    "sprites": {
        "default": null
    }
}