{
    "attributes": [],
    "baby_trigger_for": null,
    "category": {
        "name": "curry-ingredients",
        "url": "/api/v2/item-category/51/"
    },
    "cost": 150,
    "effect_entries": [],
    "flavor_text_entries": [
        {
            "language": {
                "name": "ja-Hrkt",
                "url": "/api/v2/language/1/"
            },
            "text": "\u30ad\u30e3\u30f3\u30d7\u306e\u3000\u308a\u3087\u3046\u308a\u306b\u3000\u3064\u304b\u3046\n\u3057\u3087\u304f\u3056\u3044\u306e\u3000\u3044\u3063\u3057\u3085\u3002\u3053\u3080\u304e\u3053\u3092\u3000\u3053\u306d\u3066\n\u3064\u304f\u3063\u305f\u3000\u3081\u3093\u3002\u3044\u304c\u3044\u3068\u3000\u30ab\u30ec\u30fc\u306b\u3042\u3046\u3002",
            "version_group": {
                "name": "sword-shield",
                "url": "/api/v2/version-group/20/"
            }
        },
        {
            "language": {
                "name": "ko",
                "url": "/api/v2/language/3/"
            },
            "text": "\ucea0\ud504 \uc694\ub9ac\uc5d0 \uc0ac\uc6a9\ub418\ub294\n\uc2dd\uc7ac\ub8cc \uc911 \ud558\ub098. \ubc00\uac00\ub8e8\ub97c \ubc18\uc8fd\ud574\uc11c\n\ub9cc\ub4e0 \uba74\uc774\ub2e4. \uc758\uc678\ub85c \uce74\ub808\uc640 \uc798 \uc5b4\uc6b8\ub9b0\ub2e4.",
            "version_group": {
                "name": "sword-shield",
                "url": "/api/v2/version-group/20/"
            }
        },
        {
            "language": {
                "name": "zh-Hant",
                "url": "/api/v2/language/4/"
            },
            "text": "\u88fd\u4f5c\u9732\u71df\u6599\u7406\u6642\u4f7f\u7528\u7684\u98df\u6750\u4e4b\u4e00\u3002\n\u7528\u9eb5\u7c89\u63c9\u6210\u7684\u9eb5\u689d\uff0c\n\u610f\u5916\u5730\u548c\u5496\u54e9\u5f88\u914d\u3002",
            "version_group": {
                "name": "sword-shield",
                "url": "/api/v2/version-group/20/"
            }
        },
        {
            "language": {
                "name": "fr",
                "url": "/api/v2/language/5/"
            },
            "text": "Un ingr\u00e9dient de cuisine pour le camping.\nFabriqu\u00e9es avec de la farine de bl\u00e9, ces p\u00e2tes\nse marient \u00e9tonnamment bien avec le curry.",
            "version_group": {
                "name": "sword-shield",
                "url": "/api/v2/version-group/20/"
            }
        },
        {
            "language": {
                "name": "de",
                "url": "/api/v2/language/6/"
            },
            "text": "Eine Zutat f\u00fcr Pok\u00e9Camping-Mahlzeiten. Diese aus\nWeizenmehl hergestellten Nudeln passen \u00fcberraschend\ngut zu Currygerichten aller Art.",
            "version_group": {
                "name": "sword-shield",
                "url": "/api/v2/version-group/20/"
            }
        },
        {
            "language": {
                "name": "es",
                "url": "/api/v2/language/7/"
            },
            "text": "Un ingrediente para cocinar en el campamento. Estos\nfideos de harina de trigo combinan inesperadamente\nbien con el curri.",
            "version_group": {
                "name": "sword-shield",
                "url": "/api/v2/version-group/20/"
            }
        },
        {
            "language": {
                "name": "it",
                "url": "/api/v2/language/8/"
            },
            "text": "Uno degli ingredienti che puoi usare per cucinare\nin campeggio. Questi spaghetti di grano duro\nsi sposano sorprendentemente bene con il curry.",
            "version_group": {
                "name": "sword-shield",
                "url": "/api/v2/version-group/20/"
            }
        },
        {
            "language": {
                "name": "en",
                "url": "/api/v2/language/9/"
            },
            "text": "One of the many ingredients that can be used for\ncooking at your camp. These flour noodles make\nfor a surprisingly good match with curry.",
            "version_group": {
                "name": "sword-shield",
                "url": "/api/v2/version-group/20/"
            }
        },
        {
            "language": {
                "name": "ja",
                "url": "/api/v2/language/11/"
            },
            "text": "\u30ad\u30e3\u30f3\u30d7\u306e\u3000\u6599\u7406\u306b\u3000\u4f7f\u3046\n\u98df\u6750\u306e\u3000\u4e00\u7a2e\u3002\u5c0f\u9ea6\u7c89\u3092\u3000\u3053\u306d\u3066\n\u4f5c\u3063\u305f\u3000\u9eba\u3002\u610f\u5916\u3068\u3000\u30ab\u30ec\u30fc\u306b\u5408\u3046\u3002",
            "version_group": {
                "name": "sword-shield",
                "url": "/api/v2/version-group/20/"
            }
        },
        {
            "language": {
                "name": "zh-Hans",
                "url": "/api/v2/language/12/"
            },
            "text": "\u5728\u9732\u8425\u8425\u5730\u5236\u4f5c\u6599\u7406\u65f6\u4f1a\u4f7f\u7528\u7684\n\u4e00\u79cd\u98df\u6750\u3002\u662f\u7531\u5c0f\u9ea6\u7c89\u63c9\u5236\u7684\u9762\u6761\u3002\n\u642d\u914d\u5496\u55b1\u51fa\u4e4e\u610f\u6599\u5730\u7f8e\u5473\u3002",
            "version_group": {
                "name": "sword-shield",
                "url": "/api/v2/version-group/20/"
            }
        }
    ],
    "fling_effect": null,
    "fling_power": 10,
    "game_indices": [
        {
            "game_index": 1089,
            "generation": {
                "name": "generation-viii",
                "url": "/api/v2/generation/8/"
            }
        }
    ],
    "held_by_pokemon": [],
    "id": 1149,
    "machines": [],
    "name": "pasta",
    "names": [
        {
            "language": {
                "name": "ja-Hrkt",
                "url": "/api/v2/language/1/"
            },
            "name": "\u30d1\u30b9\u30bf"
        },
        {
            "language": {
                "name": "ko",
                "url": "/api/v2/language/3/"
            },
            "name": "\ud30c\uc2a4\ud0c0"
        },
        {
            "language": {
                "name": "zh-Hant",
                "url": "/api/v2/language/4/"
            },
            "name": "\u901a\u5fc3\u9eb5"
        },
        {
            "language": {
                "name": "fr",
                "url": "/api/v2/language/5/"
            },
            "name": "P\u00e2tes"
        },
        {
            "language": {
                "name": "de",
                "url": "/api/v2/language/6/"
            },
            "name": "Spaghetti"
        },
        {
            "language": {
                "name": "es",
                "url": "/api/v2/language/7/"
            },
            "name": "Pasta"
        },
        {
            "language": {
                "name": "it",
                "url": "/api/v2/language/8/"
            },
            "name": "Pasta"
        },
        {
            "language": {
                "name": "en",
                "url": "/api/v2/language/9/"
            },
            "name": "Pasta"
        },
        {
            "language": {
                "name": "ja",
                "url": "/api/v2/language/11/"
            },
            "name": "\u30d1\u30b9\u30bf"
        },
        {
            "language": {
                "name": "zh-Hans",
                "url": "/api/v2/language/12/"
            },
            "name": "\u901a\u5fc3\u7c89"
        }
    ],
    "sprites": {
        "default": null
    }
}