{
    "attributes": [],
    "baby_trigger_for": null,
    "category": {
        "name": "all-machines",
        "url": "/api/v2/item-category/37/"
    },
    "cost": 16000,
    "effect_entries": [],
    "flavor_text_entries": [
        {
            "language": {
                "name": "ja-Hrkt",
                "url": "/api/v2/language/1/"
            },
            "text": "\u306f\u306d\u3092\u3000\u304a\u308a\u305f\u305f\u307f\n\u3066\u3044\u304f\u3046\u3000\u3072\u3053\u3046\u3067\u3000\u3068\u3064\u3052\u304d\u3059\u308b\u3002\n\u3058\u3076\u3093\u3082\u3000\u304b\u306a\u308a\u3000\u30c0\u30e1\u30fc\u30b8\u3092\u3000\u3046\u3051\u308b\u3002",
            "version_group": {
                "name": "sword-shield",
                "url": "/api/v2/version-group/20/"
            }
        },
        {
            "language": {
                "name": "ko",
                "url": "/api/v2/language/3/"
            },
            "text": "\ub0a0\uac1c\ub97c \uc811\uc5b4\n\uc800\uacf5\ube44\ud589\uc73c\ub85c \ub3cc\uaca9\ud55c\ub2e4.\n\uc790\uc2e0\ub3c4 \uc0c1\ub2f9\ud55c \ub370\ubbf8\uc9c0\ub97c \uc785\ub294\ub2e4.",
            "version_group": {
                "name": "sword-shield",
                "url": "/api/v2/version-group/20/"
            }
        },
        {
            "language": {
                "name": "zh-Hant",
                "url": "/api/v2/language/4/"
            },
            "text": "\u6536\u8d77\u7fc5\u8180\uff0c\n\u4f4e\u7a7a\u98db\u884c\u7a81\u64ca\u5c0d\u624b\u3002\n\u81ea\u5df1\u4e5f\u6703\u53d7\u5230\u4e0d\u5c0f\u7684\u50b7\u5bb3\u3002",
            "version_group": {
                "name": "sword-shield",
                "url": "/api/v2/version-group/20/"
            }
        },
        {
            "language": {
                "name": "fr",
                "url": "/api/v2/language/5/"
            },
            "text": "Le lanceur replie ses ailes et charge en rase-mottes.\nBlesse gravement le lanceur.",
            "version_group": {
                "name": "sword-shield",
                "url": "/api/v2/version-group/20/"
            }
        },
        {
            "language": {
                "name": "de",
                "url": "/api/v2/language/6/"
            },
            "text": "Anwender greift aus niedriger H\u00f6he an. Er erleidet\nbei dieser Attacke selbst gro\u00dfen Schaden.",
            "version_group": {
                "name": "sword-shield",
                "url": "/api/v2/version-group/20/"
            }
        },
        {
            "language": {
                "name": "es",
                "url": "/api/v2/language/7/"
            },
            "text": "Pliega sus alas y ataca con un vuelo rasante. El Pok\u00e9mon\nque lo usa tambi\u00e9n resulta seriamente da\u00f1ado.",
            "version_group": {
                "name": "sword-shield",
                "url": "/api/v2/version-group/20/"
            }
        },
        {
            "language": {
                "name": "it",
                "url": "/api/v2/language/8/"
            },
            "text": "Chi la usa ripiega le ali e carica da bassa quota.\nTuttavia, subisce considerevoli danni.",
            "version_group": {
                "name": "sword-shield",
                "url": "/api/v2/version-group/20/"
            }
        },
        {
            "language": {
                "name": "en",
                "url": "/api/v2/language/9/"
            },
            "text": "The user tucks in its wings and charges from a low\naltitude. This also damages the user quite a lot.",
            "version_group": {
                "name": "sword-shield",
                "url": "/api/v2/version-group/20/"
            }
        },
        {
            "language": {
                "name": "ja",
                "url": "/api/v2/language/11/"
            },
            "text": "\u306f\u306d\u3092\u3000\u304a\u308a\u305f\u305f\u307f\n\u4f4e\u7a7a\u98db\u884c\u3067\u3000\u7a81\u6483\u3059\u308b\u3002\n\u81ea\u5206\u3082\u3000\u304b\u306a\u308a\u3000\u30c0\u30e1\u30fc\u30b8\u3092\u3000\u53d7\u3051\u308b\u3002",
            "version_group": {
                "name": "sword-shield",
                "url": "/api/v2/version-group/20/"
            }
        },
        {
            "language": {
                "name": "zh-Hans",
                "url": "/api/v2/language/12/"
            },
            "text": "\u6536\u62e2\u7fc5\u8180\uff0c\n\u901a\u8fc7\u4f4e\u7a7a\u98de\u884c\u7a81\u51fb\u5bf9\u624b\u3002\n\u81ea\u5df1\u4e5f\u4f1a\u53d7\u5230\u4e0d\u5c0f\u7684\u4f24\u5bb3\u3002",
            "version_group": {
                "name": "sword-shield",
                "url": "/api/v2/version-group/20/"
            }
        }
    ],
    "fling_effect": null,
    "fling_power": 120,
    "game_indices": [
        {
            "game_index": 1196,
            "generation": {
                "name": "generation-viii",
                "url": "/api/v2/generation/8/"
            }
        }
    ],
    "held_by_pokemon": [],
    "id": 1254,
    "machines": [
        {
            "machine": {
                "url": "/api/v2/machine/1655/"
            },
            "version_group": {
                "name": "sword-shield",
                "url": "/api/v2/version-group/20/"
            }
        }
    ],
    "name": "tr66",
    "names": [
        {
            "language": {
                "name": "ja-Hrkt",
                "url": "/api/v2/language/1/"
            },
            "name": "\u308f\u3056\u30ec\u30b3\u30fc\u30c9\uff16\uff16"
        },
        {
            "language": {
                "name": "ko",
                "url": "/api/v2/language/3/"
            },
            "name": "\uae30\uc220\ub808\ucf54\ub4dc66"
        },
        {
            "language": {
                "name": "zh-Hant",
                "url": "/api/v2/language/4/"
            },
            "name": "\u62db\u5f0f\u7d00\u9304\uff16\uff16"
        },
        {
            "language": {
                "name": "fr",
                "url": "/api/v2/language/5/"
            },
            "name": "DT66"
        },
        {
            "language": {
                "name": "de",
                "url": "/api/v2/language/6/"
            },
            "name": "TP66"
        },
        {
            "language": {
                "name": "es",
                "url": "/api/v2/language/7/"
            },
            "name": "DT66"
        },
        {
            "language": {
                "name": "it",
                "url": "/api/v2/language/8/"
            },
            "name": "DT66"
        },
        {
            "language": {
                "name": "en",
                "url": "/api/v2/language/9/"
            },
            "name": "TR66"
        },
        {
            "language": {
                "name": "ja",
                "url": "/api/v2/language/11/"
            },
            "name": "\u308f\u3056\u30ec\u30b3\u30fc\u30c9\uff16\uff16"
        },
        {
            "language": {
                "name": "zh-Hans",
                "url": "/api/v2/language/12/"
            },
            "name": "\u62db\u5f0f\u8bb0\u5f55\uff16\uff16"
        }
    ],
    "sprites": {
        "default": null
    }
}