{
    "attributes": [],
    "baby_trigger_for": null,
    "category": {
        "name": "all-machines",
        "url": "/api/v2/item-category/37/"
    },
    "cost": 4000,
    "effect_entries": [],
    "flavor_text_entries": [
        {
            "language": {
                "name": "ja-Hrkt",
                "url": "/api/v2/language/1/"
            },
            "text": "\u3068\u304f\u3057\u3085\u306a\u3000\u3069\u304f\u3048\u304d\u3092\u3000\u3042\u3073\u305b\u304b\u3051\u308b\u3002\n\u3069\u304f\u3000\u3058\u3087\u3046\u305f\u3044\u306e\u3000\u3042\u3044\u3066\u306f\n\u3053\u3046\u3052\u304d\u3000\u3068\u304f\u3053\u3046\u3000\u3059\u3070\u3084\u3055\u304c\u3000\u3055\u304c\u308b\u3002",
            "version_group": {
                "name": "sword-shield",
                "url": "/api/v2/version-group/20/"
            }
        },
        {
            "language": {
                "name": "ko",
                "url": "/api/v2/language/3/"
            },
            "text": "\ud2b9\uc218\ud55c \ub3c5\uc561\uc744 \ub07c\uc5b9\ub294\ub2e4.\n\ub3c5 \uc0c1\ud0dc\uc778 \uc0c1\ub300\ub294\n\uacf5\uaca9, \ud2b9\uc218\uacf5\uaca9, \uc2a4\ud53c\ub4dc\uac00 \ub5a8\uc5b4\uc9c4\ub2e4.",
            "version_group": {
                "name": "sword-shield",
                "url": "/api/v2/version-group/20/"
            }
        },
        {
            "language": {
                "name": "zh-Hant",
                "url": "/api/v2/language/4/"
            },
            "text": "\u5411\u5c0d\u624b\u767c\u5c04\u7279\u6b8a\u7684\u6bd2\u6db2\u3002\n\u9677\u5165\u4e2d\u6bd2\u72c0\u614b\u7684\u5c0d\u624b\n\u653b\u64ca\u3001\u7279\u653b\u548c\u901f\u5ea6\u6703\u964d\u4f4e\u3002",
            "version_group": {
                "name": "sword-shield",
                "url": "/api/v2/version-group/20/"
            }
        },
        {
            "language": {
                "name": "fr",
                "url": "/api/v2/language/5/"
            },
            "text": "S\u00e9cr\u00e8te un liquide empoisonn\u00e9.\nDiminue l\u2019Attaque, l\u2019Attaque Sp\u00e9ciale et la Vitesse\nde l\u2019ennemi empoisonn\u00e9.",
            "version_group": {
                "name": "sword-shield",
                "url": "/api/v2/version-group/20/"
            }
        },
        {
            "language": {
                "name": "de",
                "url": "/api/v2/language/6/"
            },
            "text": "Anwender bespritzt das Ziel mit einer speziellen\nGiftfl\u00fcssigkeit. Senkt den Angriff, den Spezial-Angriff\nund die Initiative von vergifteten Zielen.",
            "version_group": {
                "name": "sword-shield",
                "url": "/api/v2/version-group/20/"
            }
        },
        {
            "language": {
                "name": "es",
                "url": "/api/v2/language/7/"
            },
            "text": "Impregna a su objetivo con un l\u00edquido venenoso que\ndisminuye el Ataque, el Ataque Especial y la Velocidad.\nSolo afecta a Pok\u00e9mon ya envenenados.",
            "version_group": {
                "name": "sword-shield",
                "url": "/api/v2/version-group/20/"
            }
        },
        {
            "language": {
                "name": "it",
                "url": "/api/v2/language/8/"
            },
            "text": "Emette un liquido particolare che riduce\nl\u2019Attacco, l\u2019Attacco Speciale e la Velocit\u00e0\ndei nemici avvelenati intorno a chi la usa.",
            "version_group": {
                "name": "sword-shield",
                "url": "/api/v2/version-group/20/"
            }
        },
        {
            "language": {
                "name": "en",
                "url": "/api/v2/language/9/"
            },
            "text": "Opposing Pok\u00e9mon are drenched in an odd\npoisonous liquid. This lowers the Attack, Sp. Atk, and\nSpeed stats of a poisoned target.",
            "version_group": {
                "name": "sword-shield",
                "url": "/api/v2/version-group/20/"
            }
        },
        {
            "language": {
                "name": "ja",
                "url": "/api/v2/language/11/"
            },
            "text": "\u7279\u6b8a\u306a\u3000\u6bd2\u6db2\u3092\u3000\u6d74\u3073\u305b\u304b\u3051\u308b\u3002\n\u6bd2\u72b6\u614b\u306e\u3000\u76f8\u624b\u306f\n\u653b\u6483\u3000\u7279\u653b\u3000\u7d20\u65e9\u3055\u304c\u3000\u3055\u304c\u308b\u3002",
            "version_group": {
                "name": "sword-shield",
                "url": "/api/v2/version-group/20/"
            }
        },
        {
            "language": {
                "name": "zh-Hans",
                "url": "/api/v2/language/12/"
            },
            "text": "\u5c06\u7279\u6b8a\u7684\u6bd2\u6db2\u6cfc\u5411\u5bf9\u624b\u3002\n\u5bf9\u5904\u4e8e\u4e2d\u6bd2\u72b6\u6001\u7684\u5bf9\u624b\uff0c\n\u5176\u653b\u51fb\u3001\u7279\u653b\u548c\u901f\u5ea6\u90fd\u4f1a\u964d\u4f4e\u3002",
            "version_group": {
                "name": "sword-shield",
                "url": "/api/v2/version-group/20/"
            }
        }
    ],
    "fling_effect": null,
    "fling_power": 10,
    "game_indices": [
        {
            "game_index": 1221,
            "generation": {
                "name": "generation-viii",
                "url": "/api/v2/generation/8/"
            }
        }
    ],
    "held_by_pokemon": [],
    "id": 1279,
    "machines": [
        {
            "machine": {
                "url": "/api/v2/machine/1680/"
            },
            "version_group": {
                "name": "sword-shield",
                "url": "/api/v2/version-group/20/"
            }
        }
    ],
    "name": "tr91",
    "names": [
        {
            "language": {
                "name": "ja-Hrkt",
                "url": "/api/v2/language/1/"
            },
            "name": "\u308f\u3056\u30ec\u30b3\u30fc\u30c9\uff19\uff11"
        },
        {
            "language": {
                "name": "ko",
                "url": "/api/v2/language/3/"
            },
            "name": "\uae30\uc220\ub808\ucf54\ub4dc91"
        },
        {
            "language": {
                "name": "zh-Hant",
                "url": "/api/v2/language/4/"
            },
            "name": "\u62db\u5f0f\u7d00\u9304\uff19\uff11"
        },
        {
            "language": {
                "name": "fr",
                "url": "/api/v2/language/5/"
            },
            "name": "DT91"
        },
        {
            "language": {
                "name": "de",
                "url": "/api/v2/language/6/"
            },
            "name": "TP91"
        },
        {
            "language": {
                "name": "es",
                "url": "/api/v2/language/7/"
            },
            "name": "DT91"
        },
        {
            "language": {
                "name": "it",
                "url": "/api/v2/language/8/"
            },
            "name": "DT91"
        },
        {
            "language": {
                "name": "en",
                "url": "/api/v2/language/9/"
            },
            "name": "TR91"
        },
        {
            "language": {
                "name": "ja",
                "url": "/api/v2/language/11/"
            },
            "name": "\u308f\u3056\u30ec\u30b3\u30fc\u30c9\uff19\uff11"
        },
        {
            "language": {
                "name": "zh-Hans",
                "url": "/api/v2/language/12/"
            },
            "name": "\u62db\u5f0f\u8bb0\u5f55\uff19\uff11"
        }
    ],
    "sprites": {
        "default": null
    }
}