{
    "attributes": [],
    "baby_trigger_for": null,
    "category": {
        "name": "all-machines",
        "url": "/api/v2/item-category/37/"
    },
    "cost": 4000,
    "effect_entries": [],
    "flavor_text_entries": [
        {
            "language": {
                "name": "ja-Hrkt",
                "url": "/api/v2/language/1/"
            },
            "text": "\u3057\u305a\u304b\u306b\u3000\u305b\u3044\u3057\u3093\u3092\u3000\u3068\u3046\u3044\u3064\u3057\n\u3053\u3053\u308d\u3092\u3000\u3057\u305a\u3081\u308b\u3000\u3053\u3068\u3067\u3000\u3058\u3076\u3093\u306e\n\u3068\u304f\u3053\u3046\u3068\u3000\u3068\u304f\u307c\u3046\u3092\u3000\u3042\u3052\u308b\u3002",
            "version_group": {
                "name": "sword-shield",
                "url": "/api/v2/version-group/20/"
            }
        },
        {
            "language": {
                "name": "ko",
                "url": "/api/v2/language/3/"
            },
            "text": "\uc870\uc6a9\ud788 \uc815\uc2e0\uc744 \ud1b5\uc77c\ud558\uace0\n\ub9c8\uc74c\uc744 \uac00\ub77c\uc549\ud600\uc11c \uc790\uc2e0\uc758\n\ud2b9\uc218\uacf5\uaca9\uacfc \ud2b9\uc218\ubc29\uc5b4\ub97c \uc62c\ub9b0\ub2e4.",
            "version_group": {
                "name": "sword-shield",
                "url": "/api/v2/version-group/20/"
            }
        },
        {
            "language": {
                "name": "zh-Hant",
                "url": "/api/v2/language/4/"
            },
            "text": "\u5c4f\u6c23\u51dd\u795e\uff0c\n\u63d0\u9ad8\u81ea\u5df1\u7684\u7279\u653b\u548c\u7279\u9632\u3002",
            "version_group": {
                "name": "sword-shield",
                "url": "/api/v2/version-group/20/"
            }
        },
        {
            "language": {
                "name": "fr",
                "url": "/api/v2/language/5/"
            },
            "text": "Le lanceur se concentre et fait le vide dans son esprit\npour augmenter son Attaque Sp\u00e9ciale\net sa D\u00e9fense Sp\u00e9ciale.",
            "version_group": {
                "name": "sword-shield",
                "url": "/api/v2/version-group/20/"
            }
        },
        {
            "language": {
                "name": "de",
                "url": "/api/v2/language/6/"
            },
            "text": "Erh\u00f6ht Spezial-Angriff und Spezial-Verteidigung durch\nKonzentration.",
            "version_group": {
                "name": "sword-shield",
                "url": "/api/v2/version-group/20/"
            }
        },
        {
            "language": {
                "name": "es",
                "url": "/api/v2/language/7/"
            },
            "text": "Aumenta la concentraci\u00f3n y calma el esp\u00edritu para subir\nel Ataque Especial y la Defensa Especial.",
            "version_group": {
                "name": "sword-shield",
                "url": "/api/v2/version-group/20/"
            }
        },
        {
            "language": {
                "name": "it",
                "url": "/api/v2/language/8/"
            },
            "text": "Chi la usa placa il proprio spirito meditando per\naumentare l\u2019Attacco Speciale e la Difesa Speciale.",
            "version_group": {
                "name": "sword-shield",
                "url": "/api/v2/version-group/20/"
            }
        },
        {
            "language": {
                "name": "en",
                "url": "/api/v2/language/9/"
            },
            "text": "The user quietly focuses its mind and calms its\nspirit to raise its Sp. Atk and Sp. Def stats.",
            "version_group": {
                "name": "sword-shield",
                "url": "/api/v2/version-group/20/"
            }
        },
        {
            "language": {
                "name": "ja",
                "url": "/api/v2/language/11/"
            },
            "text": "\u9759\u304b\u306b\u3000\u7cbe\u795e\u3092\u3000\u7d71\u4e00\u3057\n\u5fc3\u3092\u3000\u93ae\u3081\u308b\u3053\u3068\u3067\u3000\u81ea\u5206\u306e\n\u7279\u653b\u3068\u3000\u7279\u9632\u3092\u3000\u3042\u3052\u308b\u3002",
            "version_group": {
                "name": "sword-shield",
                "url": "/api/v2/version-group/20/"
            }
        },
        {
            "language": {
                "name": "zh-Hans",
                "url": "/api/v2/language/12/"
            },
            "text": "\u9759\u5fc3\u51dd\u795e\uff0c\n\u4ece\u800c\u63d0\u9ad8\u81ea\u5df1\u7684\u7279\u653b\u548c\u7279\u9632\u3002",
            "version_group": {
                "name": "sword-shield",
                "url": "/api/v2/version-group/20/"
            }
        }
    ],
    "fling_effect": null,
    "fling_power": 10,
    "game_indices": [
        {
            "game_index": 1179,
            "generation": {
                "name": "generation-viii",
                "url": "/api/v2/generation/8/"
            }
        }
    ],
    "held_by_pokemon": [],
    "id": 1237,
    "machines": [
        {
            "machine": {
                "url": "/api/v2/machine/1638/"
            },
            "version_group": {
                "name": "sword-shield",
                "url": "/api/v2/version-group/20/"
            }
        }
    ],
    "name": "tr49",
    "names": [
        {
            "language": {
                "name": "ja-Hrkt",
                "url": "/api/v2/language/1/"
            },
            "name": "\u308f\u3056\u30ec\u30b3\u30fc\u30c9\uff14\uff19"
        },
        {
            "language": {
                "name": "ko",
                "url": "/api/v2/language/3/"
            },
            "name": "\uae30\uc220\ub808\ucf54\ub4dc49"
        },
        {
            "language": {
                "name": "zh-Hant",
                "url": "/api/v2/language/4/"
            },
            "name": "\u62db\u5f0f\u7d00\u9304\uff14\uff19"
        },
        {
            "language": {
                "name": "fr",
                "url": "/api/v2/language/5/"
            },
            "name": "DT49"
        },
        {
            "language": {
                "name": "de",
                "url": "/api/v2/language/6/"
            },
            "name": "TP49"
        },
        {
            "language": {
                "name": "es",
                "url": "/api/v2/language/7/"
            },
            "name": "DT49"
        },
        {
            "language": {
                "name": "it",
                "url": "/api/v2/language/8/"
            },
            "name": "DT49"
        },
        {
            "language": {
                "name": "en",
                "url": "/api/v2/language/9/"
            },
            "name": "TR49"
        },
        {
            "language": {
                "name": "ja",
                "url": "/api/v2/language/11/"
            },
            "name": "\u308f\u3056\u30ec\u30b3\u30fc\u30c9\uff14\uff19"
        },
        {
            "language": {
                "name": "zh-Hans",
                "url": "/api/v2/language/12/"
            },
            "name": "\u62db\u5f0f\u8bb0\u5f55\uff14\uff19"
        }
    ],
    "sprites": {
        "default": null
    }
}