{
    "attributes": [],
    "baby_trigger_for": null,
    "category": {
        "name": "curry-ingredients",
        "url": "/api/v2/item-category/51/"
    },
    "cost": 2200,
    "effect_entries": [],
    "flavor_text_entries": [
        {
            "language": {
                "name": "ja-Hrkt",
                "url": "/api/v2/language/1/"
            },
            "text": "\u30ad\u30e3\u30f3\u30d7\u306e\u3000\u308a\u3087\u3046\u308a\u306b\u3000\u3064\u304b\u3046\n\u3057\u3087\u304f\u3056\u3044\u306e\u3000\u3044\u3063\u3057\u3085\u3002\u3048\u3089\u3073\u306c\u304b\u308c\u305f\n\u30ea\u30f3\u30b4\u306f\u3000\u304b\u305f\u3061\u3082\u3088\u304f\u3000\u3072\u304b\u308a\u304b\u304c\u3084\u304f\u3002",
            "version_group": {
                "name": "sword-shield",
                "url": "/api/v2/version-group/20/"
            }
        },
        {
            "language": {
                "name": "ko",
                "url": "/api/v2/language/3/"
            },
            "text": "\ucea0\ud504 \uc694\ub9ac\uc5d0 \uc0ac\uc6a9\ub418\ub294\n\uc2dd\uc7ac\ub8cc \uc911 \ud558\ub098. \uc5c4\uc120\ub41c \uc0ac\uacfc\ub294\n\ubaa8\uc591\ub3c4 \uc608\uc058\uace0 \uc724\uae30\uac00 \ub3c8\ub2e4.",
            "version_group": {
                "name": "sword-shield",
                "url": "/api/v2/version-group/20/"
            }
        },
        {
            "language": {
                "name": "zh-Hant",
                "url": "/api/v2/language/4/"
            },
            "text": "\u88fd\u4f5c\u9732\u71df\u6599\u7406\u6642\u4f7f\u7528\u7684\u98df\u6750\u4e4b\u4e00\u3002\n\u7d93\u904e\u56b4\u683c\u6311\u9078\u7684\u860b\u679c\uff0c\n\u4e0d\u4f46\u5f62\u72c0\u6f02\u4eae\uff0c\u800c\u4e14\u5145\u6eff\u5149\u6fa4\u3002",
            "version_group": {
                "name": "sword-shield",
                "url": "/api/v2/version-group/20/"
            }
        },
        {
            "language": {
                "name": "fr",
                "url": "/api/v2/language/5/"
            },
            "text": "Un ingr\u00e9dient de cuisine pour le camping.\nCette pomme a \u00e9t\u00e9 sp\u00e9cialement s\u00e9lectionn\u00e9e\npour sa forme et sa peau brillante.",
            "version_group": {
                "name": "sword-shield",
                "url": "/api/v2/version-group/20/"
            }
        },
        {
            "language": {
                "name": "de",
                "url": "/api/v2/language/6/"
            },
            "text": "Eine Zutat f\u00fcr Pok\u00e9Camping-Mahlzeiten. Diese\nhandverlesenen Exemplare sind formsch\u00f6n und\ngl\u00e4nzen wunderbar.",
            "version_group": {
                "name": "sword-shield",
                "url": "/api/v2/version-group/20/"
            }
        },
        {
            "language": {
                "name": "es",
                "url": "/api/v2/language/7/"
            },
            "text": "Un ingrediente para cocinar en el campamento. Es\nbrillante y tiene una forma perfecta.",
            "version_group": {
                "name": "sword-shield",
                "url": "/api/v2/version-group/20/"
            }
        },
        {
            "language": {
                "name": "it",
                "url": "/api/v2/language/8/"
            },
            "text": "Uno degli ingredienti che puoi usare per cucinare\nin campeggio. Queste mele sono selezionate\ncon cura in base alla forma e alla lucentezza.",
            "version_group": {
                "name": "sword-shield",
                "url": "/api/v2/version-group/20/"
            }
        },
        {
            "language": {
                "name": "en",
                "url": "/api/v2/language/9/"
            },
            "text": "One of the many ingredients that can be used for\ncooking at your camp. An apple chosen above others.\nIt has spectacular form and a brilliant sheen.",
            "version_group": {
                "name": "sword-shield",
                "url": "/api/v2/version-group/20/"
            }
        },
        {
            "language": {
                "name": "ja",
                "url": "/api/v2/language/11/"
            },
            "text": "\u30ad\u30e3\u30f3\u30d7\u306e\u3000\u6599\u7406\u306b\u3000\u4f7f\u3046\n\u98df\u6750\u306e\u3000\u4e00\u7a2e\u3002\u9078\u3073\u629c\u304b\u308c\u305f\n\u30ea\u30f3\u30b4\u306f\u3000\u5f62\u3082\u3088\u304f\u3000\u5149\u308a\u8f1d\u304f\u3002",
            "version_group": {
                "name": "sword-shield",
                "url": "/api/v2/version-group/20/"
            }
        },
        {
            "language": {
                "name": "zh-Hans",
                "url": "/api/v2/language/12/"
            },
            "text": "\u5728\u9732\u8425\u8425\u5730\u5236\u4f5c\u6599\u7406\u65f6\u4f1a\u4f7f\u7528\u7684\n\u4e00\u79cd\u98df\u6750\u3002\u5386\u7ecf\u5343\u6311\u4e07\u9009\u7684\u82f9\u679c\n\u4e0d\u4ec5\u5f62\u72b6\u9971\u6ee1\uff0c\u8868\u76ae\u66f4\u662f\u4eae\u6cfd\u9c9c\u8273\u3002",
            "version_group": {
                "name": "sword-shield",
                "url": "/api/v2/version-group/20/"
            }
        }
    ],
    "fling_effect": null,
    "fling_power": 20,
    "game_indices": [
        {
            "game_index": 1093,
            "generation": {
                "name": "generation-viii",
                "url": "/api/v2/generation/8/"
            }
        }
    ],
    "held_by_pokemon": [],
    "id": 1153,
    "machines": [],
    "name": "fancy-apple",
    "names": [
        {
            "language": {
                "name": "ja-Hrkt",
                "url": "/api/v2/language/1/"
            },
            "name": "\u3068\u304f\u305b\u3093\u30ea\u30f3\u30b4"
        },
        {
            "language": {
                "name": "ko",
                "url": "/api/v2/language/3/"
            },
            "name": "\ud2b9\uc120\uc0ac\uacfc"
        },
        {
            "language": {
                "name": "zh-Hant",
                "url": "/api/v2/language/4/"
            },
            "name": "\u7279\u9078\u860b\u679c"
        },
        {
            "language": {
                "name": "fr",
                "url": "/api/v2/language/5/"
            },
            "name": "Pomme Juteuse"
        },
        {
            "language": {
                "name": "de",
                "url": "/api/v2/language/6/"
            },
            "name": "Luxusapfel"
        },
        {
            "language": {
                "name": "es",
                "url": "/api/v2/language/7/"
            },
            "name": "Manzana Selecta"
        },
        {
            "language": {
                "name": "it",
                "url": "/api/v2/language/8/"
            },
            "name": "Mela prelibata"
        },
        {
            "language": {
                "name": "en",
                "url": "/api/v2/language/9/"
            },
            "name": "Fancy Apple"
        },
        {
            "language": {
                "name": "ja",
                "url": "/api/v2/language/11/"
            },
            "name": "\u3068\u304f\u305b\u3093\u30ea\u30f3\u30b4"
        },
        {
            "language": {
                "name": "zh-Hans",
                "url": "/api/v2/language/12/"
            },
            "name": "\u7279\u9009\u82f9\u679c"
        }
    ],
    "sprites": {
        "default": null
    }
}