{
    "attributes": [],
    "baby_trigger_for": null,
    "category": {
        "name": "all-mail",
        "url": "/api/v2/item-category/25/"
    },
    "cost": 50,
    "effect_entries": [
        {
            "effect": "Used to send short messages to other players via Pok\u00e9mon trading.  Trainer may compose a message from a finite list of words when giving this item to a Pok\u00e9mon.  Once taken and read, a message may be erased and this item can be reused, or the message may be stored in the trainer's PC.\n\nHeld\n:   Holder cannot be placed in the PC.  Any move attempting to remove this item from the holder will fail.",
            "language": {
                "name": "en",
                "url": "/api/v2/language/9/"
            },
            "short_effect": "Lets a Trainer write a message and send it via Pok\u00e9mon trade."
        }
    ],
    "flavor_text_entries": [
        {
            "language": {
                "name": "en",
                "url": "/api/v2/language/9/"
            },
            "text": "Stationery featuring a print of flames\nin blazing red.\nLet a Pok\u00e9mon hold it for delivery.",
            "version_group": {
                "name": "diamond-pearl",
                "url": "/api/v2/version-group/8/"
            }
        },
        {
            "language": {
                "name": "en",
                "url": "/api/v2/language/9/"
            },
            "text": "Stationery featuring a print of flames\nin blazing red.\nLet a Pok\u00e9mon hold it for delivery.",
            "version_group": {
                "name": "platinum",
                "url": "/api/v2/version-group/9/"
            }
        },
        {
            "language": {
                "name": "en",
                "url": "/api/v2/language/9/"
            },
            "text": "Stationery featuring a print of flames\nin blazing red.\nLet a Pok\u00e9mon hold it for delivery.",
            "version_group": {
                "name": "heartgold-soulsilver",
                "url": "/api/v2/version-group/10/"
            }
        }
    ],
    "fling_effect": null,
    "fling_power": null,
    "game_indices": [
        {
            "game_index": 138,
            "generation": {
                "name": "generation-iv",
                "url": "/api/v2/generation/4/"
            }
        }
    ],
    "held_by_pokemon": [],
    "id": 115,
    "machines": [],
    "name": "flame-mail",
    "names": [
        {
            "language": {
                "name": "ja-Hrkt",
                "url": "/api/v2/language/1/"
            },
            "name": "\u30d5\u30ec\u30a4\u30e0\u30e1\u30fc\u30eb"
        },
        {
            "language": {
                "name": "fr",
                "url": "/api/v2/language/5/"
            },
            "name": "Lettre Feu"
        },
        {
            "language": {
                "name": "de",
                "url": "/api/v2/language/6/"
            },
            "name": "Feuerbrief"
        },
        {
            "language": {
                "name": "es",
                "url": "/api/v2/language/7/"
            },
            "name": "Carta Fuego"
        },
        {
            "language": {
                "name": "it",
                "url": "/api/v2/language/8/"
            },
            "name": "Mess. Fiamma"
        },
        {
            "language": {
                "name": "en",
                "url": "/api/v2/language/9/"
            },
            "name": "Flame Mail"
        }
    ],
    "sprites": {
        "default": "https://raw.githubusercontent.com/PokeAPI/sprites/master/sprites/items/flame-mail.png"
    }
}