{
    "attributes": [],
    "baby_trigger_for": null,
    "category": {
        "name": "curry-ingredients",
        "url": "/api/v2/item-category/51/"
    },
    "cost": 15000,
    "effect_entries": [],
    "flavor_text_entries": [
        {
            "language": {
                "name": "ja-Hrkt",
                "url": "/api/v2/language/1/"
            },
            "text": "\u30ad\u30e3\u30f3\u30d7\u3000\u308a\u3087\u3046\u308a\u306e\u3000\u3057\u3087\u304f\u3056\u3044\u3002\n\u3072\u3068\u3075\u308a\u3067\u3000\u30ab\u30ec\u30fc\u3092\u3000\u304d\u3087\u3060\u3044\u306b\u3000\u3059\u308b\n\u3075\u3057\u304e\u306a\u3000\u30b9\u30d1\u30a4\u30b9\u3002",
            "version_group": {
                "name": "sword-shield",
                "url": "/api/v2/version-group/20/"
            }
        },
        {
            "language": {
                "name": "ko",
                "url": "/api/v2/language/3/"
            },
            "text": "\ucea0\ud504 \uc694\ub9ac\uc758 \uc2dd\uc7ac\ub8cc.\n\uc870\uae08\ub9cc \ub123\uc5b4\ub3c4 \uce74\ub808\ub97c \uac70\ub300\ud558\uac8c \ub9cc\ub4dc\ub294\n\uc2e0\uae30\ud55c \ud5a5\uc2e0\ub8cc.",
            "version_group": {
                "name": "sword-shield",
                "url": "/api/v2/version-group/20/"
            }
        },
        {
            "language": {
                "name": "zh-Hant",
                "url": "/api/v2/language/4/"
            },
            "text": "\u88fd\u4f5c\u9732\u71df\u6599\u7406\u6642\u4f7f\u7528\u7684\u98df\u6750\u3002\n\u795e\u5947\u7684\u9999\u6599\uff0c\u8f15\u8f15\u4e00\u6492\u5c31\u80fd\n\u8b93\u5496\u54e9\u8b8a\u5f97\u5de8\u5927\u7121\u6bd4\u3002",
            "version_group": {
                "name": "sword-shield",
                "url": "/api/v2/version-group/20/"
            }
        },
        {
            "language": {
                "name": "fr",
                "url": "/api/v2/language/5/"
            },
            "text": "Un ingr\u00e9dient de cuisine pour le camping.\nUne simple pinc\u00e9e de cette \u00e9pice myst\u00e9rieuse\npermet de donner une taille d\u00e9mesur\u00e9e au curry.",
            "version_group": {
                "name": "sword-shield",
                "url": "/api/v2/version-group/20/"
            }
        },
        {
            "language": {
                "name": "de",
                "url": "/api/v2/language/6/"
            },
            "text": "Eine Zutat f\u00fcr Pok\u00e9Camping-Mahlzeiten. Dieses\ngeheimnisvolle Gew\u00fcrz macht Currygerichte auf\neinen Schlag gigantisch.",
            "version_group": {
                "name": "sword-shield",
                "url": "/api/v2/version-group/20/"
            }
        },
        {
            "language": {
                "name": "es",
                "url": "/api/v2/language/7/"
            },
            "text": "Un ingrediente para cocinar en el campamento. Una\npizca de esta extra\u00f1a especia basta para elaborar un\ncurri gigantesco.",
            "version_group": {
                "name": "sword-shield",
                "url": "/api/v2/version-group/20/"
            }
        },
        {
            "language": {
                "name": "it",
                "url": "/api/v2/language/8/"
            },
            "text": "Uno degli ingredienti per cucinare in campeggio.\nBasta un pizzico di questa spezia misteriosa per\ningigantire qualsiasi curry.",
            "version_group": {
                "name": "sword-shield",
                "url": "/api/v2/version-group/20/"
            }
        },
        {
            "language": {
                "name": "en",
                "url": "/api/v2/language/9/"
            },
            "text": "One of the many ingredients that can be used for\ncooking at your camp. A mysterious spice. Even a tiny\nsprinkle is sure to make a curry gigantic.",
            "version_group": {
                "name": "sword-shield",
                "url": "/api/v2/version-group/20/"
            }
        },
        {
            "language": {
                "name": "ja",
                "url": "/api/v2/language/11/"
            },
            "text": "\u30ad\u30e3\u30f3\u30d7\u3000\u6599\u7406\u306e\u3000\u98df\u6750\u3002\n\u4e00\u632f\u308a\u3067\u3000\u30ab\u30ec\u30fc\u3092\u3000\u5de8\u5927\u306b\u3000\u3059\u308b\n\u4e0d\u601d\u8b70\u306a\u3000\u30b9\u30d1\u30a4\u30b9\u3002",
            "version_group": {
                "name": "sword-shield",
                "url": "/api/v2/version-group/20/"
            }
        },
        {
            "language": {
                "name": "zh-Hans",
                "url": "/api/v2/language/12/"
            },
            "text": "\u5728\u9732\u8425\u8425\u5730\u5236\u4f5c\u6599\u7406\u65f6\u4f1a\u4f7f\u7528\u7684\u98df\u6750\u3002\n\u53ea\u8981\u628a\u8fd9\u79cd\u795e\u5947\u7684\u9999\u8f9b\u6599\u5f80\u5496\u55b1\u4e0a\n\u8f7b\u8f7b\u4e00\u6492\uff0c\u5496\u55b1\u5c31\u4f1a\u53d8\u5f97\u5de8\u5927\u65e0\u6bd4\u3002",
            "version_group": {
                "name": "sword-shield",
                "url": "/api/v2/version-group/20/"
            }
        }
    ],
    "fling_effect": null,
    "fling_power": 50,
    "game_indices": [
        {
            "game_index": 1264,
            "generation": {
                "name": "generation-viii",
                "url": "/api/v2/generation/8/"
            }
        }
    ],
    "held_by_pokemon": [],
    "id": 1322,
    "machines": [],
    "name": "gigantamix",
    "names": [
        {
            "language": {
                "name": "ja-Hrkt",
                "url": "/api/v2/language/1/"
            },
            "name": "\u30ad\u30e7\u30c0\u30a4\u30d1\u30a6\u30c0\u30fc"
        },
        {
            "language": {
                "name": "ko",
                "url": "/api/v2/language/3/"
            },
            "name": "\uac70\ub300\ud30c\uc6b0\ub354"
        },
        {
            "language": {
                "name": "zh-Hant",
                "url": "/api/v2/language/4/"
            },
            "name": "\u8d85\u6975\u7c89"
        },
        {
            "language": {
                "name": "fr",
                "url": "/api/v2/language/5/"
            },
            "name": "Poudre Gigamax"
        },
        {
            "language": {
                "name": "de",
                "url": "/api/v2/language/6/"
            },
            "name": "Giga-Pulver"
        },
        {
            "language": {
                "name": "es",
                "url": "/api/v2/language/7/"
            },
            "name": "Especias Gigamax"
        },
        {
            "language": {
                "name": "it",
                "url": "/api/v2/language/8/"
            },
            "name": "Gigaspezia"
        },
        {
            "language": {
                "name": "en",
                "url": "/api/v2/language/9/"
            },
            "name": "Gigantamix"
        },
        {
            "language": {
                "name": "ja",
                "url": "/api/v2/language/11/"
            },
            "name": "\u30ad\u30e7\u30c0\u30a4\u30d1\u30a6\u30c0\u30fc"
        },
        {
            "language": {
                "name": "zh-Hans",
                "url": "/api/v2/language/12/"
            },
            "name": "\u8d85\u6781\u7c89"
        }
    ],
    "sprites": {
        "default": null
    }
}