{
    "attributes": [
        {
            "name": "underground",
            "url": "/api/v2/item-attribute/8/"
        }
    ],
    "baby_trigger_for": null,
    "category": {
        "name": "dex-completion",
        "url": "/api/v2/item-category/35/"
    },
    "cost": 7000,
    "effect_entries": [
        {
            "effect": "Give to a scientist in the mining museum in oreburgh city or the Museum of Science in pewter city to receive a omanyte.",
            "language": {
                "name": "en",
                "url": "/api/v2/language/9/"
            },
            "short_effect": "Can be revived into an Omanyte."
        }
    ],
    "flavor_text_entries": [
        {
            "language": {
                "name": "en",
                "url": "/api/v2/language/9/"
            },
            "text": "A piece of an\nancient marine\nPOK\u00e9MON\u2019s seashell.",
            "version_group": {
                "name": "emerald",
                "url": "/api/v2/version-group/6/"
            }
        },
        {
            "language": {
                "name": "en",
                "url": "/api/v2/language/9/"
            },
            "text": "A fossil of an ancient, seafloor-\ndwelling POK\u00e9MON. It appears to be\npart of a seashell.",
            "version_group": {
                "name": "firered-leafgreen",
                "url": "/api/v2/version-group/7/"
            }
        },
        {
            "language": {
                "name": "en",
                "url": "/api/v2/language/9/"
            },
            "text": "A fossil of an ancient Pok\u00e9mon that\nlived in the sea. It appears to be\npart of a seashell.",
            "version_group": {
                "name": "diamond-pearl",
                "url": "/api/v2/version-group/8/"
            }
        },
        {
            "language": {
                "name": "en",
                "url": "/api/v2/language/9/"
            },
            "text": "A fossil of an ancient Pok\u00e9mon that\nlived in the sea. It appears to be\npart of a seashell.",
            "version_group": {
                "name": "platinum",
                "url": "/api/v2/version-group/9/"
            }
        },
        {
            "language": {
                "name": "en",
                "url": "/api/v2/language/9/"
            },
            "text": "A fossil of an ancient Pok\u00e9mon that\nlived in the sea. It appears to be\npart of a seashell.",
            "version_group": {
                "name": "heartgold-soulsilver",
                "url": "/api/v2/version-group/10/"
            }
        },
        {
            "language": {
                "name": "fr",
                "url": "/api/v2/language/5/"
            },
            "text": "Fossile d\u2019un ancien Pok\u00e9mon aquatique.\nOn dirait un morceau de coquillage.",
            "version_group": {
                "name": "black-white",
                "url": "/api/v2/version-group/11/"
            }
        },
        {
            "language": {
                "name": "en",
                "url": "/api/v2/language/9/"
            },
            "text": "A fossil of an ancient Pok\u00e9mon that\nlived in the sea. It appears to be\npart of a seashell.",
            "version_group": {
                "name": "black-white",
                "url": "/api/v2/version-group/11/"
            }
        },
        {
            "language": {
                "name": "en",
                "url": "/api/v2/language/9/"
            },
            "text": "A fossil of an ancient Pok\u00e9mon that\nlived in the sea. It appears to be\npart of a seashell.",
            "version_group": {
                "name": "black-2-white-2",
                "url": "/api/v2/version-group/14/"
            }
        },
        {
            "language": {
                "name": "ja-Hrkt",
                "url": "/api/v2/language/1/"
            },
            "text": "\u304a\u304a\u3080\u304b\u3057\u3000\u3046\u307f\u306b\u3000\u3059\u3093\u3067\u3044\u305f\n\u3053\u3060\u3044\u3000\u30dd\u30b1\u30e2\u30f3\u306e\u3000\u30ab\u30bb\u30ad\u3002\n\u304b\u3044\u304c\u3089\u306e\u3000\u3044\u3061\u3076\u3000\u3089\u3057\u3044\u3002",
            "version_group": {
                "name": "x-y",
                "url": "/api/v2/version-group/15/"
            }
        },
        {
            "language": {
                "name": "ko",
                "url": "/api/v2/language/3/"
            },
            "text": "\uc624\ub79c \uc61b\ub0a0 \ubc14\ub2e4\uc5d0 \uc0b4\uc558\ub358\n\uace0\ub300 \ud3ec\ucf13\ubaac\uc758 \ud654\uc11d.\n\uc870\uac1c\uaecd\uc9c8\uc758 \uc77c\ubd80\uc778 \ub4ef\ud558\ub2e4.",
            "version_group": {
                "name": "x-y",
                "url": "/api/v2/version-group/15/"
            }
        },
        {
            "language": {
                "name": "fr",
                "url": "/api/v2/language/5/"
            },
            "text": "Le fossile d\u2019un ancien Pok\u00e9mon aquatique.\nOn dirait un morceau de coquillage.",
            "version_group": {
                "name": "x-y",
                "url": "/api/v2/version-group/15/"
            }
        },
        {
            "language": {
                "name": "de",
                "url": "/api/v2/language/6/"
            },
            "text": "Das Fossil eines uralten Pok\u00e9mon, das in der\nTiefsee lebte. Es \u00e4hnelt einer Muschelschale.",
            "version_group": {
                "name": "x-y",
                "url": "/api/v2/version-group/15/"
            }
        },
        {
            "language": {
                "name": "es",
                "url": "/api/v2/language/7/"
            },
            "text": "F\u00f3sil de un Pok\u00e9mon ancestral que vivi\u00f3 en el\nfondo del mar. Parece ser un fragmento de\nconcha marina.",
            "version_group": {
                "name": "x-y",
                "url": "/api/v2/version-group/15/"
            }
        },
        {
            "language": {
                "name": "it",
                "url": "/api/v2/language/8/"
            },
            "text": "Fossile di un Pok\u00e9mon preistorico che viveva in\nmare. Sembra essere parte di una conchiglia.",
            "version_group": {
                "name": "x-y",
                "url": "/api/v2/version-group/15/"
            }
        },
        {
            "language": {
                "name": "en",
                "url": "/api/v2/language/9/"
            },
            "text": "A fossil from a prehistoric Pok\u00e9mon\nthat once lived in the sea. It might be\na piece of a seashell.",
            "version_group": {
                "name": "x-y",
                "url": "/api/v2/version-group/15/"
            }
        },
        {
            "language": {
                "name": "ja",
                "url": "/api/v2/language/11/"
            },
            "text": "\u5927\u6614\u3000\u6d77\u306b\u3000\u3059\u3093\u3067\u3044\u305f\n\u53e4\u4ee3\u30dd\u30b1\u30e2\u30f3\u306e\u3000\u30ab\u30bb\u30ad\u3002\n\u8c9d\u6bbb\u306e\u3000\u4e00\u90e8\u3089\u3057\u3044\u3002",
            "version_group": {
                "name": "x-y",
                "url": "/api/v2/version-group/15/"
            }
        },
        {
            "language": {
                "name": "ja-Hrkt",
                "url": "/api/v2/language/1/"
            },
            "text": "\u304a\u304a\u3080\u304b\u3057\u3000\u3046\u307f\u306b\u3000\u3059\u3093\u3067\u3044\u305f\n\u3053\u3060\u3044\u3000\u30dd\u30b1\u30e2\u30f3\u306e\u3000\u30ab\u30bb\u30ad\u3002\n\u304b\u3044\u304c\u3089\u306e\u3000\u3044\u3061\u3076\u3000\u3089\u3057\u3044\u3002",
            "version_group": {
                "name": "sun-moon",
                "url": "/api/v2/version-group/17/"
            }
        },
        {
            "language": {
                "name": "ko",
                "url": "/api/v2/language/3/"
            },
            "text": "\uc624\ub79c \uc61b\ub0a0 \ubc14\ub2e4\uc5d0 \uc0b4\uc558\ub358\n\uace0\ub300 \ud3ec\ucf13\ubaac\uc758 \ud654\uc11d.\n\uc870\uac1c\uaecd\uc9c8\uc758 \uc77c\ubd80\uc778 \ub4ef\ud558\ub2e4.",
            "version_group": {
                "name": "sun-moon",
                "url": "/api/v2/version-group/17/"
            }
        },
        {
            "language": {
                "name": "zh-Hant",
                "url": "/api/v2/language/4/"
            },
            "text": "\u5f88\u4e45\u4ee5\u524d\u68f2\u606f\u5728\u6d77\u88e1\u7684\n\u53e4\u4ee3\u5bf6\u53ef\u5922\u7684\u5316\u77f3\u3002\n\u597d\u50cf\u662f\u8c9d\u6bbc\u7684\u4e00\u90e8\u5206\u3002",
            "version_group": {
                "name": "sun-moon",
                "url": "/api/v2/version-group/17/"
            }
        },
        {
            "language": {
                "name": "fr",
                "url": "/api/v2/language/5/"
            },
            "text": "Le fossile d\u2019un ancien Pok\u00e9mon aquatique.\nOn dirait un morceau de coquillage.",
            "version_group": {
                "name": "sun-moon",
                "url": "/api/v2/version-group/17/"
            }
        },
        {
            "language": {
                "name": "de",
                "url": "/api/v2/language/6/"
            },
            "text": "Das Fossil eines uralten Pok\u00e9mon, das in der\nTiefsee lebte. Es \u00e4hnelt einer Muschelschale.",
            "version_group": {
                "name": "sun-moon",
                "url": "/api/v2/version-group/17/"
            }
        },
        {
            "language": {
                "name": "es",
                "url": "/api/v2/language/7/"
            },
            "text": "F\u00f3sil de un Pok\u00e9mon prehist\u00f3rico que viv\u00eda en el\nfondo del mar. Parece ser un fragmento de concha\nmarina.",
            "version_group": {
                "name": "sun-moon",
                "url": "/api/v2/version-group/17/"
            }
        },
        {
            "language": {
                "name": "it",
                "url": "/api/v2/language/8/"
            },
            "text": "Fossile di un Pok\u00e9mon preistorico che viveva in\nmare. Sembra essere parte di una conchiglia.",
            "version_group": {
                "name": "sun-moon",
                "url": "/api/v2/version-group/17/"
            }
        },
        {
            "language": {
                "name": "en",
                "url": "/api/v2/language/9/"
            },
            "text": "A fossil from a prehistoric Pok\u00e9mon that once lived\nin the sea. It might be a piece of a seashell.",
            "version_group": {
                "name": "sun-moon",
                "url": "/api/v2/version-group/17/"
            }
        },
        {
            "language": {
                "name": "ja",
                "url": "/api/v2/language/11/"
            },
            "text": "\u5927\u6614\u3000\u6d77\u306b\u3000\u3059\u3093\u3067\u3044\u305f\n\u53e4\u4ee3\u30dd\u30b1\u30e2\u30f3\u306e\u3000\u30ab\u30bb\u30ad\u3002\n\u8c9d\u6bbb\u306e\u3000\u4e00\u90e8\u3089\u3057\u3044\u3002",
            "version_group": {
                "name": "sun-moon",
                "url": "/api/v2/version-group/17/"
            }
        },
        {
            "language": {
                "name": "zh-Hans",
                "url": "/api/v2/language/12/"
            },
            "text": "\u5f88\u4e45\u4ee5\u524d\u6816\u606f\u5728\u6d77\u91cc\u7684\n\u53e4\u4ee3\u5b9d\u53ef\u68a6\u7684\u5316\u77f3\u3002\n\u597d\u50cf\u662f\u8d1d\u58f3\u7684\u4e00\u90e8\u5206\u3002",
            "version_group": {
                "name": "sun-moon",
                "url": "/api/v2/version-group/17/"
            }
        },
        {
            "language": {
                "name": "ja-Hrkt",
                "url": "/api/v2/language/1/"
            },
            "text": "\u304a\u304a\u3080\u304b\u3057\u3000\u3046\u307f\u306b\u3000\u3059\u3093\u3067\u3044\u305f\n\u3053\u3060\u3044\u3000\u30dd\u30b1\u30e2\u30f3\u306e\u3000\u30ab\u30bb\u30ad\u3002\n\u304b\u3044\u304c\u3089\u306e\u3000\u3044\u3061\u3076\u3000\u3089\u3057\u3044\u3002",
            "version_group": {
                "name": "ultra-sun-ultra-moon",
                "url": "/api/v2/version-group/18/"
            }
        },
        {
            "language": {
                "name": "ko",
                "url": "/api/v2/language/3/"
            },
            "text": "\uc624\ub79c \uc61b\ub0a0 \ubc14\ub2e4\uc5d0 \uc0b4\uc558\ub358\n\uace0\ub300 \ud3ec\ucf13\ubaac\uc758 \ud654\uc11d.\n\uc870\uac1c\uaecd\uc9c8\uc758 \uc77c\ubd80\uc778 \ub4ef\ud558\ub2e4.",
            "version_group": {
                "name": "ultra-sun-ultra-moon",
                "url": "/api/v2/version-group/18/"
            }
        },
        {
            "language": {
                "name": "zh-Hant",
                "url": "/api/v2/language/4/"
            },
            "text": "\u5f88\u4e45\u4ee5\u524d\u68f2\u606f\u5728\u6d77\u88e1\u7684\n\u53e4\u4ee3\u5bf6\u53ef\u5922\u7684\u5316\u77f3\u3002\n\u597d\u50cf\u662f\u8c9d\u6bbc\u7684\u4e00\u90e8\u5206\u3002",
            "version_group": {
                "name": "ultra-sun-ultra-moon",
                "url": "/api/v2/version-group/18/"
            }
        },
        {
            "language": {
                "name": "fr",
                "url": "/api/v2/language/5/"
            },
            "text": "Le fossile d\u2019un ancien Pok\u00e9mon aquatique.\nOn dirait un morceau de coquillage.",
            "version_group": {
                "name": "ultra-sun-ultra-moon",
                "url": "/api/v2/version-group/18/"
            }
        },
        {
            "language": {
                "name": "de",
                "url": "/api/v2/language/6/"
            },
            "text": "Das Fossil eines uralten Pok\u00e9mon, das in der\nTiefsee lebte. Es \u00e4hnelt einer Muschelschale.",
            "version_group": {
                "name": "ultra-sun-ultra-moon",
                "url": "/api/v2/version-group/18/"
            }
        },
        {
            "language": {
                "name": "es",
                "url": "/api/v2/language/7/"
            },
            "text": "F\u00f3sil de un Pok\u00e9mon prehist\u00f3rico que viv\u00eda en el\nfondo del mar. Parece ser un fragmento de concha\nmarina.",
            "version_group": {
                "name": "ultra-sun-ultra-moon",
                "url": "/api/v2/version-group/18/"
            }
        },
        {
            "language": {
                "name": "it",
                "url": "/api/v2/language/8/"
            },
            "text": "Fossile di un Pok\u00e9mon preistorico che viveva in\nmare. Sembra essere parte di una conchiglia.",
            "version_group": {
                "name": "ultra-sun-ultra-moon",
                "url": "/api/v2/version-group/18/"
            }
        },
        {
            "language": {
                "name": "en",
                "url": "/api/v2/language/9/"
            },
            "text": "A fossil from a prehistoric Pok\u00e9mon that once lived\nin the sea. It might be a piece of a seashell.",
            "version_group": {
                "name": "ultra-sun-ultra-moon",
                "url": "/api/v2/version-group/18/"
            }
        },
        {
            "language": {
                "name": "ja",
                "url": "/api/v2/language/11/"
            },
            "text": "\u5927\u6614\u3000\u6d77\u306b\u3000\u3059\u3093\u3067\u3044\u305f\n\u53e4\u4ee3\u30dd\u30b1\u30e2\u30f3\u306e\u3000\u30ab\u30bb\u30ad\u3002\n\u8c9d\u6bbb\u306e\u3000\u4e00\u90e8\u3089\u3057\u3044\u3002",
            "version_group": {
                "name": "ultra-sun-ultra-moon",
                "url": "/api/v2/version-group/18/"
            }
        },
        {
            "language": {
                "name": "zh-Hans",
                "url": "/api/v2/language/12/"
            },
            "text": "\u5f88\u4e45\u4ee5\u524d\u6816\u606f\u5728\u6d77\u91cc\u7684\n\u53e4\u4ee3\u5b9d\u53ef\u68a6\u7684\u5316\u77f3\u3002\n\u597d\u50cf\u662f\u8d1d\u58f3\u7684\u4e00\u90e8\u5206\u3002",
            "version_group": {
                "name": "ultra-sun-ultra-moon",
                "url": "/api/v2/version-group/18/"
            }
        },
        {
            "language": {
                "name": "ja-Hrkt",
                "url": "/api/v2/language/1/"
            },
            "text": "\u304a\u304a\u3080\u304b\u3057\u3000\u3046\u307f\u306b\u3000\u3059\u3093\u3067\u3044\u305f\n\u3053\u3060\u3044\u3000\u30dd\u30b1\u30e2\u30f3\u306e\u3000\u30ab\u30bb\u30ad\u3002\n\u304b\u3044\u304c\u3089\u306e\u3000\u3044\u3061\u3076\u3000\u3089\u3057\u3044\u3002",
            "version_group": {
                "name": "lets-go-pikachu-lets-go-eevee",
                "url": "/api/v2/version-group/19/"
            }
        },
        {
            "language": {
                "name": "ko",
                "url": "/api/v2/language/3/"
            },
            "text": "\uc624\ub79c \uc61b\ub0a0 \ubc14\ub2e4\uc5d0 \uc0b4\uc558\ub358\n\uace0\ub300 \ud3ec\ucf13\ubaac\uc758 \ud654\uc11d.\n\uc870\uac1c\uaecd\uc9c8\uc758 \uc77c\ubd80\uc778 \ub4ef\ud558\ub2e4.",
            "version_group": {
                "name": "lets-go-pikachu-lets-go-eevee",
                "url": "/api/v2/version-group/19/"
            }
        },
        {
            "language": {
                "name": "zh-Hant",
                "url": "/api/v2/language/4/"
            },
            "text": "\u5f88\u4e45\u4ee5\u524d\u68f2\u606f\u5728\u6d77\u88e1\u7684\n\u53e4\u4ee3\u5bf6\u53ef\u5922\u7684\u5316\u77f3\u3002\n\u597d\u50cf\u662f\u8c9d\u6bbc\u7684\u4e00\u90e8\u5206\u3002",
            "version_group": {
                "name": "lets-go-pikachu-lets-go-eevee",
                "url": "/api/v2/version-group/19/"
            }
        },
        {
            "language": {
                "name": "fr",
                "url": "/api/v2/language/5/"
            },
            "text": "Le fossile d\u2019un ancien Pok\u00e9mon aquatique.\nOn dirait un morceau de coquillage.",
            "version_group": {
                "name": "lets-go-pikachu-lets-go-eevee",
                "url": "/api/v2/version-group/19/"
            }
        },
        {
            "language": {
                "name": "de",
                "url": "/api/v2/language/6/"
            },
            "text": "Das Fossil eines uralten Pok\u00e9mon, das in der\nTiefsee lebte. Es \u00e4hnelt einer Muschelschale.",
            "version_group": {
                "name": "lets-go-pikachu-lets-go-eevee",
                "url": "/api/v2/version-group/19/"
            }
        },
        {
            "language": {
                "name": "es",
                "url": "/api/v2/language/7/"
            },
            "text": "F\u00f3sil de un Pok\u00e9mon prehist\u00f3rico que viv\u00eda en el fondo\ndel mar. Parece ser un fragmento de concha marina.",
            "version_group": {
                "name": "lets-go-pikachu-lets-go-eevee",
                "url": "/api/v2/version-group/19/"
            }
        },
        {
            "language": {
                "name": "it",
                "url": "/api/v2/language/8/"
            },
            "text": "Fossile di un Pok\u00e9mon preistorico che viveva in\nmare. Sembra essere parte di una conchiglia.",
            "version_group": {
                "name": "lets-go-pikachu-lets-go-eevee",
                "url": "/api/v2/version-group/19/"
            }
        },
        {
            "language": {
                "name": "en",
                "url": "/api/v2/language/9/"
            },
            "text": "A fossil from a prehistoric Pok\u00e9mon that once lived\nin the sea. It might be a piece of a seashell.",
            "version_group": {
                "name": "lets-go-pikachu-lets-go-eevee",
                "url": "/api/v2/version-group/19/"
            }
        },
        {
            "language": {
                "name": "ja",
                "url": "/api/v2/language/11/"
            },
            "text": "\u5927\u6614\u3000\u6d77\u306b\u3000\u3059\u3093\u3067\u3044\u305f\n\u53e4\u4ee3\u30dd\u30b1\u30e2\u30f3\u306e\u3000\u30ab\u30bb\u30ad\u3002\n\u8c9d\u6bbb\u306e\u3000\u4e00\u90e8\u3089\u3057\u3044\u3002",
            "version_group": {
                "name": "lets-go-pikachu-lets-go-eevee",
                "url": "/api/v2/version-group/19/"
            }
        },
        {
            "language": {
                "name": "zh-Hans",
                "url": "/api/v2/language/12/"
            },
            "text": "\u5f88\u4e45\u4ee5\u524d\u6816\u606f\u5728\u6d77\u91cc\u7684\n\u53e4\u4ee3\u5b9d\u53ef\u68a6\u7684\u5316\u77f3\u3002\n\u597d\u50cf\u662f\u8d1d\u58f3\u7684\u4e00\u90e8\u5206\u3002",
            "version_group": {
                "name": "lets-go-pikachu-lets-go-eevee",
                "url": "/api/v2/version-group/19/"
            }
        },
        {
            "language": {
                "name": "ja-Hrkt",
                "url": "/api/v2/language/1/"
            },
            "text": "\u304a\u304a\u3080\u304b\u3057\u3000\u3046\u307f\u306b\u3000\u3059\u3093\u3067\u3044\u305f\n\u3053\u3060\u3044\u3000\u30dd\u30b1\u30e2\u30f3\u306e\u3000\u30ab\u30bb\u30ad\u3002\n\u304b\u3044\u304c\u3089\u306e\u3000\u3044\u3061\u3076\u3000\u3089\u3057\u3044\u3002",
            "version_group": {
                "name": "sword-shield",
                "url": "/api/v2/version-group/20/"
            }
        },
        {
            "language": {
                "name": "ko",
                "url": "/api/v2/language/3/"
            },
            "text": "\uc624\ub79c \uc61b\ub0a0 \ubc14\ub2e4\uc5d0 \uc0b4\uc558\ub358\n\uace0\ub300 \ud3ec\ucf13\ubaac\uc758 \ud654\uc11d.\n\uc870\uac1c\uaecd\uc9c8\uc758 \uc77c\ubd80\uc778 \ub4ef\ud558\ub2e4.",
            "version_group": {
                "name": "sword-shield",
                "url": "/api/v2/version-group/20/"
            }
        },
        {
            "language": {
                "name": "zh-Hant",
                "url": "/api/v2/language/4/"
            },
            "text": "\u5f88\u4e45\u4ee5\u524d\u68f2\u606f\u5728\u6d77\u88e1\u7684\n\u53e4\u4ee3\u5bf6\u53ef\u5922\u7684\u5316\u77f3\u3002\n\u597d\u50cf\u662f\u8c9d\u6bbc\u7684\u4e00\u90e8\u5206\u3002",
            "version_group": {
                "name": "sword-shield",
                "url": "/api/v2/version-group/20/"
            }
        },
        {
            "language": {
                "name": "fr",
                "url": "/api/v2/language/5/"
            },
            "text": "Le fossile d\u2019un ancien Pok\u00e9mon aquatique.\nOn dirait un morceau de coquillage.",
            "version_group": {
                "name": "sword-shield",
                "url": "/api/v2/version-group/20/"
            }
        },
        {
            "language": {
                "name": "de",
                "url": "/api/v2/language/6/"
            },
            "text": "Das Fossil eines uralten Pok\u00e9mon, das in der Tiefsee\nlebte. Es \u00e4hnelt einer Muschelschale.",
            "version_group": {
                "name": "sword-shield",
                "url": "/api/v2/version-group/20/"
            }
        },
        {
            "language": {
                "name": "es",
                "url": "/api/v2/language/7/"
            },
            "text": "F\u00f3sil de un Pok\u00e9mon prehist\u00f3rico que viv\u00eda en el fondo\ndel mar. Parece ser un fragmento de concha marina.",
            "version_group": {
                "name": "sword-shield",
                "url": "/api/v2/version-group/20/"
            }
        },
        {
            "language": {
                "name": "it",
                "url": "/api/v2/language/8/"
            },
            "text": "Fossile di un Pok\u00e9mon preistorico che viveva in\nmare. Sembra essere parte di una conchiglia.",
            "version_group": {
                "name": "sword-shield",
                "url": "/api/v2/version-group/20/"
            }
        },
        {
            "language": {
                "name": "en",
                "url": "/api/v2/language/9/"
            },
            "text": "A fossil from a prehistoric Pok\u00e9mon that once lived\nin the sea. It might be a piece of a seashell.",
            "version_group": {
                "name": "sword-shield",
                "url": "/api/v2/version-group/20/"
            }
        },
        {
            "language": {
                "name": "ja",
                "url": "/api/v2/language/11/"
            },
            "text": "\u5927\u6614\u3000\u6d77\u306b\u3000\u3059\u3093\u3067\u3044\u305f\n\u53e4\u4ee3\u30dd\u30b1\u30e2\u30f3\u306e\u3000\u30ab\u30bb\u30ad\u3002\n\u8c9d\u6bbb\u306e\u3000\u4e00\u90e8\u3089\u3057\u3044\u3002",
            "version_group": {
                "name": "sword-shield",
                "url": "/api/v2/version-group/20/"
            }
        },
        {
            "language": {
                "name": "zh-Hans",
                "url": "/api/v2/language/12/"
            },
            "text": "\u5f88\u4e45\u4ee5\u524d\u6816\u606f\u5728\u6d77\u91cc\u7684\n\u53e4\u4ee3\u5b9d\u53ef\u68a6\u7684\u5316\u77f3\u3002\n\u597d\u50cf\u662f\u8d1d\u58f3\u7684\u4e00\u90e8\u5206\u3002",
            "version_group": {
                "name": "sword-shield",
                "url": "/api/v2/version-group/20/"
            }
        }
    ],
    "fling_effect": null,
    "fling_power": 100,
    "game_indices": [
        {
            "game_index": 357,
            "generation": {
                "name": "generation-iii",
                "url": "/api/v2/generation/3/"
            }
        },
        {
            "game_index": 101,
            "generation": {
                "name": "generation-iv",
                "url": "/api/v2/generation/4/"
            }
        },
        {
            "game_index": 101,
            "generation": {
                "name": "generation-v",
                "url": "/api/v2/generation/5/"
            }
        },
        {
            "game_index": 101,
            "generation": {
                "name": "generation-vi",
                "url": "/api/v2/generation/6/"
            }
        },
        {
            "game_index": 101,
            "generation": {
                "name": "generation-vii",
                "url": "/api/v2/generation/7/"
            }
        },
        {
            "game_index": 101,
            "generation": {
                "name": "generation-viii",
                "url": "/api/v2/generation/8/"
            }
        }
    ],
    "held_by_pokemon": [],
    "id": 101,
    "machines": [],
    "name": "helix-fossil",
    "names": [
        {
            "language": {
                "name": "ja-Hrkt",
                "url": "/api/v2/language/1/"
            },
            "name": "\u304b\u3044\u306e\u30ab\u30bb\u30ad"
        },
        {
            "language": {
                "name": "ko",
                "url": "/api/v2/language/3/"
            },
            "name": "\uc870\uac1c\ud654\uc11d"
        },
        {
            "language": {
                "name": "zh-Hant",
                "url": "/api/v2/language/4/"
            },
            "name": "\u8c9d\u6bbc\u5316\u77f3"
        },
        {
            "language": {
                "name": "fr",
                "url": "/api/v2/language/5/"
            },
            "name": "Nautile"
        },
        {
            "language": {
                "name": "de",
                "url": "/api/v2/language/6/"
            },
            "name": "Helixfossil"
        },
        {
            "language": {
                "name": "es",
                "url": "/api/v2/language/7/"
            },
            "name": "F\u00f3sil H\u00e9lix"
        },
        {
            "language": {
                "name": "it",
                "url": "/api/v2/language/8/"
            },
            "name": "Helixfossile"
        },
        {
            "language": {
                "name": "en",
                "url": "/api/v2/language/9/"
            },
            "name": "Helix Fossil"
        },
        {
            "language": {
                "name": "ja",
                "url": "/api/v2/language/11/"
            },
            "name": "\u304b\u3044\u306e\u30ab\u30bb\u30ad"
        },
        {
            "language": {
                "name": "zh-Hans",
                "url": "/api/v2/language/12/"
            },
            "name": "\u8d1d\u58f3\u5316\u77f3"
        }
    ],
    "sprites": {
        "default": "https://raw.githubusercontent.com/PokeAPI/sprites/master/sprites/items/helix-fossil.png"
    }
}