{
    "attributes": [],
    "baby_trigger_for": null,
    "category": {
        "name": "loot",
        "url": "/api/v2/item-category/24/"
    },
    "cost": 0,
    "effect_entries": [],
    "flavor_text_entries": [
        {
            "language": {
                "name": "ja-Hrkt",
                "url": "/api/v2/language/1/"
            },
            "text": "\u305f\u3060\u3000\u3072\u3068\u308a\u306e\u3000\u30c8\u30ec\u30fc\u30ca\u30fc\u3078\u306e\n\u304d\u3082\u3061\u3092\u3000\u3053\u3081\u3066\u3000\u3044\u3063\u3057\u3087\u3046\u3051\u3093\u3081\u3044\n\u3064\u304f\u3063\u305f\u3000\u3055\u3055\u3084\u304b\u306a\u3000\u306f\u306a\u305f\u3070\u3002",
            "version_group": {
                "name": "lets-go-pikachu-lets-go-eevee",
                "url": "/api/v2/version-group/19/"
            }
        },
        {
            "language": {
                "name": "ko",
                "url": "/api/v2/language/3/"
            },
            "text": "\ub2e8 \ud558\ub098\ubfd0\uc778 \ud2b8\ub808\uc774\ub108\ub97c \ud5a5\ud55c\n\ub9c8\uc74c\uc744 \ub2f4\uc544 \uc815\uc131\uaecf \ub9cc\ub4e0\n\uc791\uc740 \uaf43\ub2e4\ubc1c.",
            "version_group": {
                "name": "lets-go-pikachu-lets-go-eevee",
                "url": "/api/v2/version-group/19/"
            }
        },
        {
            "language": {
                "name": "zh-Hant",
                "url": "/api/v2/language/4/"
            },
            "text": "\u7aed\u76e1\u5fc3\u529b\u88fd\u4f5c\u7684\u82b1\u675f\u3002\n\u96d6\u7136\u4e0d\u8d77\u773c\uff0c\u4f46\u88e1\u982d\n\u5145\u6eff\u4e86\u5c0d\u8a13\u7df4\u5bb6\u7684\u5fc3\u610f\u3002",
            "version_group": {
                "name": "lets-go-pikachu-lets-go-eevee",
                "url": "/api/v2/version-group/19/"
            }
        },
        {
            "language": {
                "name": "fr",
                "url": "/api/v2/language/5/"
            },
            "text": "Un petit bouquet arrang\u00e9 avec amour pour\nun[VAR (00FF,0B09)] Dresseure Dresseuse vraiment unique.",
            "version_group": {
                "name": "lets-go-pikachu-lets-go-eevee",
                "url": "/api/v2/version-group/19/"
            }
        },
        {
            "language": {
                "name": "de",
                "url": "/api/v2/language/6/"
            },
            "text": "Ein Blumenstrau\u00df, der sorgf\u00e4ltig und mit viel M\u00fche\nf\u00fcr einen ganz besonderen Trainer gesteckt wurde.",
            "version_group": {
                "name": "lets-go-pikachu-lets-go-eevee",
                "url": "/api/v2/version-group/19/"
            }
        },
        {
            "language": {
                "name": "es",
                "url": "/api/v2/language/7/"
            },
            "text": "Peque\u00f1o ramo de flores confeccionado con dedicaci\u00f3n\ny esmero solo para ti.",
            "version_group": {
                "name": "lets-go-pikachu-lets-go-eevee",
                "url": "/api/v2/version-group/19/"
            }
        },
        {
            "language": {
                "name": "it",
                "url": "/api/v2/language/8/"
            },
            "text": "Un piccolo mazzo di fiori composto con cura\ne amore per un[VAR (00FF,0B0A)] Allenator\u2019Allenatrice unic[VAR (00FF,0101)]oa al mondo.",
            "version_group": {
                "name": "lets-go-pikachu-lets-go-eevee",
                "url": "/api/v2/version-group/19/"
            }
        },
        {
            "language": {
                "name": "en",
                "url": "/api/v2/language/9/"
            },
            "text": "A small bouquet that was made with heart and soul\nfor a single Trainer.",
            "version_group": {
                "name": "lets-go-pikachu-lets-go-eevee",
                "url": "/api/v2/version-group/19/"
            }
        },
        {
            "language": {
                "name": "ja",
                "url": "/api/v2/language/11/"
            },
            "text": "\u305f\u3060\u3000\u3072\u3068\u308a\u306e\u3000\u30c8\u30ec\u30fc\u30ca\u30fc\u3078\u306e\n\u6c17\u6301\u3061\u3092\u3000\u3053\u3081\u3066\u3000\u4e00\u751f\u61f8\u547d\n\u4f5c\u3063\u305f\u3000\u3055\u3055\u3084\u304b\u306a\u3000\u82b1\u675f\u3002",
            "version_group": {
                "name": "lets-go-pikachu-lets-go-eevee",
                "url": "/api/v2/version-group/19/"
            }
        },
        {
            "language": {
                "name": "zh-Hans",
                "url": "/api/v2/language/12/"
            },
            "text": "\u7aed\u5c3d\u5fc3\u529b\u5236\u4f5c\u7684\u7d20\u96c5\u82b1\u675f\u3002\n\u91cc\u9762\u6ee1\u6ee1\u90fd\u662f\u5bf9\u8bad\u7ec3\u5bb6\u7684\u5fc3\u610f\u3002",
            "version_group": {
                "name": "lets-go-pikachu-lets-go-eevee",
                "url": "/api/v2/version-group/19/"
            }
        },
        {
            "language": {
                "name": "ja-Hrkt",
                "url": "/api/v2/language/1/"
            },
            "text": "\u305f\u3060\u3000\u3072\u3068\u308a\u306e\u3000\u30c8\u30ec\u30fc\u30ca\u30fc\u3078\u306e\n\u304d\u3082\u3061\u3092\u3000\u3053\u3081\u3066\u3000\u3044\u3063\u3057\u3087\u3046\u3051\u3093\u3081\u3044\n\u3064\u304f\u3063\u305f\u3000\u3055\u3055\u3084\u304b\u306a\u3000\u306f\u306a\u305f\u3070\u3002",
            "version_group": {
                "name": "sword-shield",
                "url": "/api/v2/version-group/20/"
            }
        },
        {
            "language": {
                "name": "ko",
                "url": "/api/v2/language/3/"
            },
            "text": "\ub2e8 \ud558\ub098\ubfd0\uc778 \ud2b8\ub808\uc774\ub108\ub97c \ud5a5\ud55c\n\ub9c8\uc74c\uc744 \ub2f4\uc544 \uc815\uc131\uaecf \ub9cc\ub4e0\n\uc791\uc740 \uaf43\ub2e4\ubc1c.",
            "version_group": {
                "name": "sword-shield",
                "url": "/api/v2/version-group/20/"
            }
        },
        {
            "language": {
                "name": "zh-Hant",
                "url": "/api/v2/language/4/"
            },
            "text": "\u7aed\u76e1\u5fc3\u529b\u88fd\u4f5c\u7684\u82b1\u675f\u3002\n\u96d6\u7136\u4e0d\u8d77\u773c\uff0c\u4f46\u88e1\u982d\n\u5145\u6eff\u4e86\u5c0d\u8a13\u7df4\u5bb6\u7684\u5fc3\u610f\u3002",
            "version_group": {
                "name": "sword-shield",
                "url": "/api/v2/version-group/20/"
            }
        },
        {
            "language": {
                "name": "fr",
                "url": "/api/v2/language/5/"
            },
            "text": "Un petit bouquet arrang\u00e9 avec amour pour\nun[VAR (00FF,0B09)] Dresseure Dresseuse vraiment unique.",
            "version_group": {
                "name": "sword-shield",
                "url": "/api/v2/version-group/20/"
            }
        },
        {
            "language": {
                "name": "de",
                "url": "/api/v2/language/6/"
            },
            "text": "Ein Blumenstrau\u00df, der sorgf\u00e4ltig und mit viel M\u00fche\nf\u00fcr einen ganz besonderen Trainer gesteckt wurde.",
            "version_group": {
                "name": "sword-shield",
                "url": "/api/v2/version-group/20/"
            }
        },
        {
            "language": {
                "name": "es",
                "url": "/api/v2/language/7/"
            },
            "text": "Peque\u00f1o ramo de flores confeccionado con dedicaci\u00f3n\ny esmero solo para ti.",
            "version_group": {
                "name": "sword-shield",
                "url": "/api/v2/version-group/20/"
            }
        },
        {
            "language": {
                "name": "it",
                "url": "/api/v2/language/8/"
            },
            "text": "Un piccolo mazzo di fiori composto con cura\ne amore per un[VAR (00FF,0B0A)] Allenator\u2019Allenatrice unic[VAR (00FF,0101)]oa al mondo.",
            "version_group": {
                "name": "sword-shield",
                "url": "/api/v2/version-group/20/"
            }
        },
        {
            "language": {
                "name": "en",
                "url": "/api/v2/language/9/"
            },
            "text": "A small bouquet that was made with heart and soul\nfor a single Trainer.",
            "version_group": {
                "name": "sword-shield",
                "url": "/api/v2/version-group/20/"
            }
        },
        {
            "language": {
                "name": "ja",
                "url": "/api/v2/language/11/"
            },
            "text": "\u305f\u3060\u3000\u3072\u3068\u308a\u306e\u3000\u30c8\u30ec\u30fc\u30ca\u30fc\u3078\u306e\n\u6c17\u6301\u3061\u3092\u3000\u3053\u3081\u3066\u3000\u4e00\u751f\u61f8\u547d\n\u4f5c\u3063\u305f\u3000\u3055\u3055\u3084\u304b\u306a\u3000\u82b1\u675f\u3002",
            "version_group": {
                "name": "sword-shield",
                "url": "/api/v2/version-group/20/"
            }
        },
        {
            "language": {
                "name": "zh-Hans",
                "url": "/api/v2/language/12/"
            },
            "text": "\u7aed\u5c3d\u5fc3\u529b\u5236\u4f5c\u7684\u7d20\u96c5\u82b1\u675f\u3002\n\u91cc\u9762\u6ee1\u6ee1\u90fd\u662f\u5bf9\u8bad\u7ec3\u5bb6\u7684\u5fc3\u610f\u3002",
            "version_group": {
                "name": "sword-shield",
                "url": "/api/v2/version-group/20/"
            }
        }
    ],
    "fling_effect": null,
    "fling_power": 30,
    "game_indices": [
        {
            "game_index": 896,
            "generation": {
                "name": "generation-vii",
                "url": "/api/v2/generation/7/"
            }
        },
        {
            "game_index": 896,
            "generation": {
                "name": "generation-viii",
                "url": "/api/v2/generation/8/"
            }
        }
    ],
    "held_by_pokemon": [],
    "id": 1035,
    "machines": [],
    "name": "small-bouquet",
    "names": [
        {
            "language": {
                "name": "ja-Hrkt",
                "url": "/api/v2/language/1/"
            },
            "name": "\u3061\u3044\u3055\u306a\u306f\u306a\u305f\u3070"
        },
        {
            "language": {
                "name": "ko",
                "url": "/api/v2/language/3/"
            },
            "name": "\uc791\uc740\uaf43\ub2e4\ubc1c"
        },
        {
            "language": {
                "name": "zh-Hant",
                "url": "/api/v2/language/4/"
            },
            "name": "\u5c0f\u5c0f\u82b1\u675f"
        },
        {
            "language": {
                "name": "fr",
                "url": "/api/v2/language/5/"
            },
            "name": "Petit Bouquet"
        },
        {
            "language": {
                "name": "de",
                "url": "/api/v2/language/6/"
            },
            "name": "Ministrau\u00df"
        },
        {
            "language": {
                "name": "es",
                "url": "/api/v2/language/7/"
            },
            "name": "Ramo Peque\u00f1o"
        },
        {
            "language": {
                "name": "it",
                "url": "/api/v2/language/8/"
            },
            "name": "Bouquet"
        },
        {
            "language": {
                "name": "en",
                "url": "/api/v2/language/9/"
            },
            "name": "Small Bouquet"
        },
        {
            "language": {
                "name": "ja",
                "url": "/api/v2/language/11/"
            },
            "name": "\u3061\u3044\u3055\u306a\u306f\u306a\u305f\u3070"
        },
        {
            "language": {
                "name": "zh-Hans",
                "url": "/api/v2/language/12/"
            },
            "name": "\u5c0f\u5c0f\u82b1\u675f"
        }
    ],
    "sprites": {
        "default": null
    }
}