{
    "attributes": [],
    "baby_trigger_for": null,
    "category": {
        "name": "all-machines",
        "url": "/api/v2/item-category/37/"
    },
    "cost": 16000,
    "effect_entries": [],
    "flavor_text_entries": [
        {
            "language": {
                "name": "ja-Hrkt",
                "url": "/api/v2/language/1/"
            },
            "text": "\u3059\u3054\u3044\u3000\u3061\u304b\u3089\u3092\u3000\u306f\u3063\u304d\u3057\u3066\n\u3042\u3044\u3066\u3092\u3000\u3053\u3046\u3052\u304d\u3059\u308b\u3002\u3058\u3076\u3093\u306e\n\u3053\u3046\u3052\u304d\u3068\u3000\u307c\u3046\u304e\u3087\u304c\u3000\u3055\u304c\u308b\u3002",
            "version_group": {
                "name": "sword-shield",
                "url": "/api/v2/version-group/20/"
            }
        },
        {
            "language": {
                "name": "ko",
                "url": "/api/v2/language/3/"
            },
            "text": "\uc5c4\uccad\ub09c \ud798\uc744 \ubc1c\ud718\ud558\uc5ec\n\uc0c1\ub300\ub97c \uacf5\uaca9\ud55c\ub2e4. \uc790\uc2e0\uc758\n\uacf5\uaca9\uacfc \ubc29\uc5b4\uac00 \ub5a8\uc5b4\uc9c4\ub2e4.",
            "version_group": {
                "name": "sword-shield",
                "url": "/api/v2/version-group/20/"
            }
        },
        {
            "language": {
                "name": "zh-Hant",
                "url": "/api/v2/language/4/"
            },
            "text": "\u767c\u63ee\u9a5a\u4eba\u7684\u529b\u91cf\u653b\u64ca\u5c0d\u624b\u3002\n\u81ea\u5df1\u7684\u653b\u64ca\u548c\u9632\u79a6\u6703\u964d\u4f4e\u3002",
            "version_group": {
                "name": "sword-shield",
                "url": "/api/v2/version-group/20/"
            }
        },
        {
            "language": {
                "name": "fr",
                "url": "/api/v2/language/5/"
            },
            "text": "Une attaque puissante, mais qui baisse l\u2019Attaque\net la D\u00e9fense du lanceur.",
            "version_group": {
                "name": "sword-shield",
                "url": "/api/v2/version-group/20/"
            }
        },
        {
            "language": {
                "name": "de",
                "url": "/api/v2/language/6/"
            },
            "text": "Starke Attacke, die jedoch auch den Angriff und die\nVerteidigung des Anwenders senkt.",
            "version_group": {
                "name": "sword-shield",
                "url": "/api/v2/version-group/20/"
            }
        },
        {
            "language": {
                "name": "es",
                "url": "/api/v2/language/7/"
            },
            "text": "Ataque de gran potencia, pero que reduce el Ataque y\nla Defensa del agresor.",
            "version_group": {
                "name": "sword-shield",
                "url": "/api/v2/version-group/20/"
            }
        },
        {
            "language": {
                "name": "it",
                "url": "/api/v2/language/8/"
            },
            "text": "Chi la usa attacca il bersaglio con grande forza,\nma il suo Attacco e la sua Difesa diminuiscono.",
            "version_group": {
                "name": "sword-shield",
                "url": "/api/v2/version-group/20/"
            }
        },
        {
            "language": {
                "name": "en",
                "url": "/api/v2/language/9/"
            },
            "text": "The user attacks the target with great power.\nHowever, this also lowers the user\u2019s Attack and\nDefense stats.",
            "version_group": {
                "name": "sword-shield",
                "url": "/api/v2/version-group/20/"
            }
        },
        {
            "language": {
                "name": "ja",
                "url": "/api/v2/language/11/"
            },
            "text": "\u3059\u3054\u3044\u3000\u529b\u3092\u3000\u767a\u63ee\u3057\u3066\n\u76f8\u624b\u3092\u3000\u653b\u6483\u3059\u308b\u3002\u81ea\u5206\u306e\n\u653b\u6483\u3068\u3000\u9632\u5fa1\u304c\u3000\u3055\u304c\u308b\u3002",
            "version_group": {
                "name": "sword-shield",
                "url": "/api/v2/version-group/20/"
            }
        },
        {
            "language": {
                "name": "zh-Hans",
                "url": "/api/v2/language/12/"
            },
            "text": "\u53d1\u6325\u60ca\u4eba\u7684\u529b\u91cf\u653b\u51fb\u5bf9\u624b\u3002\n\u81ea\u5df1\u7684\u653b\u51fb\u548c\u9632\u5fa1\u4f1a\u964d\u4f4e\u3002",
            "version_group": {
                "name": "sword-shield",
                "url": "/api/v2/version-group/20/"
            }
        }
    ],
    "fling_effect": null,
    "fling_power": 120,
    "game_indices": [
        {
            "game_index": 1169,
            "generation": {
                "name": "generation-viii",
                "url": "/api/v2/generation/8/"
            }
        }
    ],
    "held_by_pokemon": [],
    "id": 1227,
    "machines": [
        {
            "machine": {
                "url": "/api/v2/machine/1628/"
            },
            "version_group": {
                "name": "sword-shield",
                "url": "/api/v2/version-group/20/"
            }
        }
    ],
    "name": "tr39",
    "names": [
        {
            "language": {
                "name": "ja-Hrkt",
                "url": "/api/v2/language/1/"
            },
            "name": "\u308f\u3056\u30ec\u30b3\u30fc\u30c9\uff13\uff19"
        },
        {
            "language": {
                "name": "ko",
                "url": "/api/v2/language/3/"
            },
            "name": "\uae30\uc220\ub808\ucf54\ub4dc39"
        },
        {
            "language": {
                "name": "zh-Hant",
                "url": "/api/v2/language/4/"
            },
            "name": "\u62db\u5f0f\u7d00\u9304\uff13\uff19"
        },
        {
            "language": {
                "name": "fr",
                "url": "/api/v2/language/5/"
            },
            "name": "DT39"
        },
        {
            "language": {
                "name": "de",
                "url": "/api/v2/language/6/"
            },
            "name": "TP39"
        },
        {
            "language": {
                "name": "es",
                "url": "/api/v2/language/7/"
            },
            "name": "DT39"
        },
        {
            "language": {
                "name": "it",
                "url": "/api/v2/language/8/"
            },
            "name": "DT39"
        },
        {
            "language": {
                "name": "en",
                "url": "/api/v2/language/9/"
            },
            "name": "TR39"
        },
        {
            "language": {
                "name": "ja",
                "url": "/api/v2/language/11/"
            },
            "name": "\u308f\u3056\u30ec\u30b3\u30fc\u30c9\uff13\uff19"
        },
        {
            "language": {
                "name": "zh-Hans",
                "url": "/api/v2/language/12/"
            },
            "name": "\u62db\u5f0f\u8bb0\u5f55\uff13\uff19"
        }
    ],
    "sprites": {
        "default": null
    }
}