{
    "attributes": [],
    "baby_trigger_for": null,
    "category": {
        "name": "plot-advancement",
        "url": "/api/v2/item-category/22/"
    },
    "cost": 0,
    "effect_entries": [],
    "flavor_text_entries": [
        {
            "language": {
                "name": "ja-Hrkt",
                "url": "/api/v2/language/1/"
            },
            "text": "\u306d\u304c\u3044\u307c\u3057\u304c\u3000\u304f\u307f\u3053\u307e\u308c\u3066\u304a\u308a\n\u30d1\u30ef\u30fc\u30b9\u30dd\u30c3\u30c8\u306b\u3000\u3044\u308b\u3068\u3000\u3072\u304b\u308a\u3060\u3057\u3066\n\u30dd\u30b1\u30e2\u30f3\u3092\u3000\u30c0\u30a4\u30de\u30c3\u30af\u30b9\u3000\u3055\u305b\u308b\u3002",
            "version_group": {
                "name": "sword-shield",
                "url": "/api/v2/version-group/20/"
            }
        },
        {
            "language": {
                "name": "ko",
                "url": "/api/v2/language/3/"
            },
            "text": "\uc18c\uc6d0\uc758\ubcc4\uc774 \ubc15\ud600 \uc788\uc73c\uba70\n\ud30c\uc6cc\uc2a4\ud3ff\uc5d0 \uc788\uc73c\uba74 \ube5b\uc774 \ub098\uace0\n\ud3ec\ucf13\ubaac\uc744 \ub2e4\uc774\ub9e5\uc2a4\uc2dc\ud0ac \uc218 \uc788\ub2e4.",
            "version_group": {
                "name": "sword-shield",
                "url": "/api/v2/version-group/20/"
            }
        },
        {
            "language": {
                "name": "zh-Hant",
                "url": "/api/v2/language/4/"
            },
            "text": "\u5d4c\u5165\u4e86\u8a31\u9858\u661f\uff0c\n\u7576\u4f4d\u8655\u80fd\u91cf\u9ede\u6642\u6703\u767c\u5149\uff0c\n\u8b93\u5bf6\u53ef\u5922\u6975\u5de8\u5316\u3002",
            "version_group": {
                "name": "sword-shield",
                "url": "/api/v2/version-group/20/"
            }
        },
        {
            "language": {
                "name": "fr",
                "url": "/api/v2/language/5/"
            },
            "text": "Quand elle se trouve pr\u00e8s d\u2019une Source d\u2019\u00c9nergie,\nl\u2019\u00c9toile V\u0153u sertie dans ce poignet brille, ce qui\npermet de donner \u00e0 un Pok\u00e9mon sa forme Dynamax.",
            "version_group": {
                "name": "sword-shield",
                "url": "/api/v2/version-group/20/"
            }
        },
        {
            "language": {
                "name": "de",
                "url": "/api/v2/language/6/"
            },
            "text": "Wenn man sich in der N\u00e4he einer Energiequelle aufh\u00e4lt,\nleuchtet der darin eingearbeitete Wunschstern auf und\nerm\u00f6glicht die Dynamaximierung von Pok\u00e9mon.",
            "version_group": {
                "name": "sword-shield",
                "url": "/api/v2/version-group/20/"
            }
        },
        {
            "language": {
                "name": "es",
                "url": "/api/v2/language/7/"
            },
            "text": "Si lleva engarzada una Estrella Deseo y el portador se\nhalla junto a un nodo energ\u00e9tico, reacciona emitiendo\nuna luz y permite dinamaxizar Pok\u00e9mon.",
            "version_group": {
                "name": "sword-shield",
                "url": "/api/v2/version-group/20/"
            }
        },
        {
            "language": {
                "name": "it",
                "url": "/api/v2/language/8/"
            },
            "text": "Contiene una Desiostella e quando si trova vicino\na un punto energetico emette una luce che permette\nai Pok\u00e9mon di dynamaxizzarsi.",
            "version_group": {
                "name": "sword-shield",
                "url": "/api/v2/version-group/20/"
            }
        },
        {
            "language": {
                "name": "en",
                "url": "/api/v2/language/9/"
            },
            "text": "A Wishing Star has been affixed to it. It lets out a light\nthat allows Pok\u00e9mon to Dynamax when at a Power Spot.",
            "version_group": {
                "name": "sword-shield",
                "url": "/api/v2/version-group/20/"
            }
        },
        {
            "language": {
                "name": "ja",
                "url": "/api/v2/language/11/"
            },
            "text": "\u306d\u304c\u3044\u307c\u3057\u304c\u3000\u7d44\u307f\u3053\u307e\u308c\u3066\u304a\u308a\n\u30d1\u30ef\u30fc\u30b9\u30dd\u30c3\u30c8\u306b\u3000\u3044\u308b\u3068\u3000\u5149\u308a\u3060\u3057\u3066\n\u30dd\u30b1\u30e2\u30f3\u3092\u3000\u30c0\u30a4\u30de\u30c3\u30af\u30b9\u3000\u3055\u305b\u308b\u3002",
            "version_group": {
                "name": "sword-shield",
                "url": "/api/v2/version-group/20/"
            }
        },
        {
            "language": {
                "name": "zh-Hans",
                "url": "/api/v2/language/12/"
            },
            "text": "\u5185\u90e8\u5d4c\u5165\u4e86\u8bb8\u613f\u661f\uff0c\n\u5728\u80fd\u91cf\u70b9\u5c31\u4f1a\u53d1\u51fa\u5149\u8292\uff0c\n\u4f7f\u5b9d\u53ef\u68a6\u6781\u5de8\u5316\u3002",
            "version_group": {
                "name": "sword-shield",
                "url": "/api/v2/version-group/20/"
            }
        }
    ],
    "fling_effect": null,
    "fling_power": null,
    "game_indices": [
        {
            "game_index": 1077,
            "generation": {
                "name": "generation-viii",
                "url": "/api/v2/generation/8/"
            }
        }
    ],
    "held_by_pokemon": [],
    "id": 1141,
    "machines": [],
    "name": "dynamax-band",
    "names": [
        {
            "language": {
                "name": "ja-Hrkt",
                "url": "/api/v2/language/1/"
            },
            "name": "\u30c0\u30a4\u30de\u30c3\u30af\u30b9\uff22"
        },
        {
            "language": {
                "name": "ko",
                "url": "/api/v2/language/3/"
            },
            "name": "\ub2e4\uc774\ub9e5\uc2a4 \ubc34\ub4dc"
        },
        {
            "language": {
                "name": "zh-Hant",
                "url": "/api/v2/language/4/"
            },
            "name": "\u6975\u5de8\u8155\u5e36"
        },
        {
            "language": {
                "name": "fr",
                "url": "/api/v2/language/5/"
            },
            "name": "Poignet Dynamax"
        },
        {
            "language": {
                "name": "de",
                "url": "/api/v2/language/6/"
            },
            "name": "Dynamax-Band"
        },
        {
            "language": {
                "name": "es",
                "url": "/api/v2/language/7/"
            },
            "name": "Maximu\u00f1equera"
        },
        {
            "language": {
                "name": "it",
                "url": "/api/v2/language/8/"
            },
            "name": "Polsino Dynamax"
        },
        {
            "language": {
                "name": "en",
                "url": "/api/v2/language/9/"
            },
            "name": "Dynamax Band"
        },
        {
            "language": {
                "name": "ja",
                "url": "/api/v2/language/11/"
            },
            "name": "\u30c0\u30a4\u30de\u30c3\u30af\u30b9\uff22"
        },
        {
            "language": {
                "name": "zh-Hans",
                "url": "/api/v2/language/12/"
            },
            "name": "\u6781\u5de8\u8155\u5e26"
        }
    ],
    "sprites": {
        "default": null
    }
}