{
    "attributes": [],
    "baby_trigger_for": null,
    "category": {
        "name": "plot-advancement",
        "url": "/api/v2/item-category/22/"
    },
    "cost": 0,
    "effect_entries": [],
    "flavor_text_entries": [
        {
            "language": {
                "name": "ja-Hrkt",
                "url": "/api/v2/language/1/"
            },
            "text": "\u30e4\u30de\u30d6\u30ad\u306e\u3000\u30b7\u30eb\u30d5\u30ab\u30f3\u30d1\u30cb\u30fc\n\u307b\u3093\u3057\u3083\u3000\u30d3\u30eb\u306e\u3000\u30c9\u30a2\u30ed\u30c3\u30af\u3092\n\u306f\u305a\u3059\u3000\u30ab\u30fc\u30c9\u30bf\u30a4\u30d7\u306e\u3000\u30ab\u30ae\u3002",
            "version_group": {
                "name": "lets-go-pikachu-lets-go-eevee",
                "url": "/api/v2/version-group/19/"
            }
        },
        {
            "language": {
                "name": "ko",
                "url": "/api/v2/language/3/"
            },
            "text": "\ub178\ub791\uc2dc\ud2f0\uc758 \uc2e4\ud504\uc8fc\uc2dd\ud68c\uc0ac\n\ubcf8\uc0ac \ube4c\ub529\uc758 \ub3c4\uc5b4\ub85d\uc744\n\ud574\uc81c\ud558\ub294 \uce74\ub4dc \ud0c0\uc785\uc758 \uc5f4\uc1e0.",
            "version_group": {
                "name": "lets-go-pikachu-lets-go-eevee",
                "url": "/api/v2/version-group/19/"
            }
        },
        {
            "language": {
                "name": "zh-Hant",
                "url": "/api/v2/language/4/"
            },
            "text": "\u5361\u7247\u578b\u7684\u9470\u5319\u3002\n\u80fd\u6253\u958b\u4f4d\u65bc\u91d1\u9ec3\u5e02\u7684\n\u897f\u723e\u4f5b\u516c\u53f8\u7e3d\u90e8\u7684\u9580\u9396\u3002",
            "version_group": {
                "name": "lets-go-pikachu-lets-go-eevee",
                "url": "/api/v2/version-group/19/"
            }
        },
        {
            "language": {
                "name": "fr",
                "url": "/api/v2/language/5/"
            },
            "text": "Une carte magn\u00e9tique pouvant ouvrir les portes\ndu si\u00e8ge de la Sylphe SARL \u00e0 Safrania.",
            "version_group": {
                "name": "lets-go-pikachu-lets-go-eevee",
                "url": "/api/v2/version-group/19/"
            }
        },
        {
            "language": {
                "name": "de",
                "url": "/api/v2/language/6/"
            },
            "text": "Eine Schl\u00fcsselkarte, mit der die T\u00fcren im Hauptsitz\nder Silph Company in Saffronia City ge\u00f6ffnet werden\nk\u00f6nnen.",
            "version_group": {
                "name": "lets-go-pikachu-lets-go-eevee",
                "url": "/api/v2/version-group/19/"
            }
        },
        {
            "language": {
                "name": "es",
                "url": "/api/v2/language/7/"
            },
            "text": "Esta tarjeta permite abrir las puertas de la Oficina\nCentral de Silph S. A. en Ciudad Azafr\u00e1n.",
            "version_group": {
                "name": "lets-go-pikachu-lets-go-eevee",
                "url": "/api/v2/version-group/19/"
            }
        },
        {
            "language": {
                "name": "it",
                "url": "/api/v2/language/8/"
            },
            "text": "Chiave a scheda per sbloccare le porte nella sede\ndella Silph S.p.A. a Zafferanopoli.",
            "version_group": {
                "name": "lets-go-pikachu-lets-go-eevee",
                "url": "/api/v2/version-group/19/"
            }
        },
        {
            "language": {
                "name": "en",
                "url": "/api/v2/language/9/"
            },
            "text": "A card key that unlocks doors in Silph Co.\u2019s head\noffice in Saffron City.",
            "version_group": {
                "name": "lets-go-pikachu-lets-go-eevee",
                "url": "/api/v2/version-group/19/"
            }
        },
        {
            "language": {
                "name": "ja",
                "url": "/api/v2/language/11/"
            },
            "text": "\u30e4\u30de\u30d6\u30ad\u306e\u3000\u30b7\u30eb\u30d5\u30ab\u30f3\u30d1\u30cb\u30fc\n\u672c\u793e\u3000\u30d3\u30eb\u306e\u3000\u30c9\u30a2\u30ed\u30c3\u30af\u3092\n\u306f\u305a\u3059\u3000\u30ab\u30fc\u30c9\u30bf\u30a4\u30d7\u306e\u3000\u30ab\u30ae\u3002",
            "version_group": {
                "name": "lets-go-pikachu-lets-go-eevee",
                "url": "/api/v2/version-group/19/"
            }
        },
        {
            "language": {
                "name": "zh-Hans",
                "url": "/api/v2/language/12/"
            },
            "text": "\u7528\u6765\u6253\u5f00\u4f4d\u4e8e\u91d1\u9ec4\u5e02\u7684\n\u897f\u5c14\u4f5b\u516c\u53f8\u603b\u90e8\u5927\u53a6\u95e8\u9501\u7684\n\u5361\u7247\u5f0f\u94a5\u5319\u3002",
            "version_group": {
                "name": "lets-go-pikachu-lets-go-eevee",
                "url": "/api/v2/version-group/19/"
            }
        },
        {
            "language": {
                "name": "ja-Hrkt",
                "url": "/api/v2/language/1/"
            },
            "text": "\u30e4\u30de\u30d6\u30ad\u306e\u3000\u30b7\u30eb\u30d5\u30ab\u30f3\u30d1\u30cb\u30fc\n\u307b\u3093\u3057\u3083\u3000\u30d3\u30eb\u306e\u3000\u30c9\u30a2\u30ed\u30c3\u30af\u3092\n\u306f\u305a\u3059\u3000\u30ab\u30fc\u30c9\u30bf\u30a4\u30d7\u306e\u3000\u30ab\u30ae\u3002",
            "version_group": {
                "name": "sword-shield",
                "url": "/api/v2/version-group/20/"
            }
        },
        {
            "language": {
                "name": "ko",
                "url": "/api/v2/language/3/"
            },
            "text": "\ub178\ub791\uc2dc\ud2f0\uc758 \uc2e4\ud504\uc8fc\uc2dd\ud68c\uc0ac\n\ubcf8\uc0ac \ube4c\ub529\uc758 \ub3c4\uc5b4\ub85d\uc744\n\ud574\uc81c\ud558\ub294 \uce74\ub4dc \ud0c0\uc785\uc758 \uc5f4\uc1e0.",
            "version_group": {
                "name": "sword-shield",
                "url": "/api/v2/version-group/20/"
            }
        },
        {
            "language": {
                "name": "zh-Hant",
                "url": "/api/v2/language/4/"
            },
            "text": "\u5361\u7247\u578b\u7684\u9470\u5319\u3002\n\u80fd\u6253\u958b\u4f4d\u65bc\u91d1\u9ec3\u5e02\u7684\n\u897f\u723e\u4f5b\u516c\u53f8\u7e3d\u90e8\u7684\u9580\u9396\u3002",
            "version_group": {
                "name": "sword-shield",
                "url": "/api/v2/version-group/20/"
            }
        },
        {
            "language": {
                "name": "fr",
                "url": "/api/v2/language/5/"
            },
            "text": "Une carte magn\u00e9tique pouvant ouvrir les portes\ndu si\u00e8ge de la Sylphe SARL \u00e0 Safrania.",
            "version_group": {
                "name": "sword-shield",
                "url": "/api/v2/version-group/20/"
            }
        },
        {
            "language": {
                "name": "de",
                "url": "/api/v2/language/6/"
            },
            "text": "Eine Schl\u00fcsselkarte, mit der die T\u00fcren im Hauptsitz der\nSilph Company in Saffronia City ge\u00f6ffnet werden\nk\u00f6nnen.",
            "version_group": {
                "name": "sword-shield",
                "url": "/api/v2/version-group/20/"
            }
        },
        {
            "language": {
                "name": "es",
                "url": "/api/v2/language/7/"
            },
            "text": "Esta tarjeta permite abrir las puertas de la Oficina\nCentral de Silph S. A. en Ciudad Azafr\u00e1n.",
            "version_group": {
                "name": "sword-shield",
                "url": "/api/v2/version-group/20/"
            }
        },
        {
            "language": {
                "name": "it",
                "url": "/api/v2/language/8/"
            },
            "text": "Chiave a scheda per sbloccare le porte nella sede\ndella Silph S.p.A. a Zafferanopoli.",
            "version_group": {
                "name": "sword-shield",
                "url": "/api/v2/version-group/20/"
            }
        },
        {
            "language": {
                "name": "en",
                "url": "/api/v2/language/9/"
            },
            "text": "A card key that unlocks doors in Silph Co.\u2019s head\noffice in Saffron City.",
            "version_group": {
                "name": "sword-shield",
                "url": "/api/v2/version-group/20/"
            }
        },
        {
            "language": {
                "name": "ja",
                "url": "/api/v2/language/11/"
            },
            "text": "\u30e4\u30de\u30d6\u30ad\u306e\u3000\u30b7\u30eb\u30d5\u30ab\u30f3\u30d1\u30cb\u30fc\n\u672c\u793e\u3000\u30d3\u30eb\u306e\u3000\u30c9\u30a2\u30ed\u30c3\u30af\u3092\n\u306f\u305a\u3059\u3000\u30ab\u30fc\u30c9\u30bf\u30a4\u30d7\u306e\u3000\u30ab\u30ae\u3002",
            "version_group": {
                "name": "sword-shield",
                "url": "/api/v2/version-group/20/"
            }
        },
        {
            "language": {
                "name": "zh-Hans",
                "url": "/api/v2/language/12/"
            },
            "text": "\u7528\u6765\u6253\u5f00\u4f4d\u4e8e\u91d1\u9ec4\u5e02\u7684\n\u897f\u5c14\u4f5b\u516c\u53f8\u603b\u90e8\u5927\u53a6\u95e8\u9501\u7684\n\u5361\u7247\u5f0f\u94a5\u5319\u3002",
            "version_group": {
                "name": "sword-shield",
                "url": "/api/v2/version-group/20/"
            }
        }
    ],
    "fling_effect": null,
    "fling_power": null,
    "game_indices": [
        {
            "game_index": 876,
            "generation": {
                "name": "generation-vii",
                "url": "/api/v2/generation/7/"
            }
        },
        {
            "game_index": 876,
            "generation": {
                "name": "generation-viii",
                "url": "/api/v2/generation/8/"
            }
        }
    ],
    "held_by_pokemon": [],
    "id": 1023,
    "machines": [],
    "name": "card-key--letsgo",
    "names": [
        {
            "language": {
                "name": "ja-Hrkt",
                "url": "/api/v2/language/1/"
            },
            "name": "\u30ab\u30fc\u30c9\u30ad\u30fc"
        },
        {
            "language": {
                "name": "ko",
                "url": "/api/v2/language/3/"
            },
            "name": "\uce74\ub4dc\ud0a4"
        },
        {
            "language": {
                "name": "zh-Hant",
                "url": "/api/v2/language/4/"
            },
            "name": "\u9470\u5319\u5361"
        },
        {
            "language": {
                "name": "fr",
                "url": "/api/v2/language/5/"
            },
            "name": "Carte Magn\u00e9tique"
        },
        {
            "language": {
                "name": "de",
                "url": "/api/v2/language/6/"
            },
            "name": "Schl\u00fcsselkarte"
        },
        {
            "language": {
                "name": "es",
                "url": "/api/v2/language/7/"
            },
            "name": "Llave Magn\u00e9tica"
        },
        {
            "language": {
                "name": "it",
                "url": "/api/v2/language/8/"
            },
            "name": "Apriporta"
        },
        {
            "language": {
                "name": "en",
                "url": "/api/v2/language/9/"
            },
            "name": "Card Key"
        },
        {
            "language": {
                "name": "ja",
                "url": "/api/v2/language/11/"
            },
            "name": "\u30ab\u30fc\u30c9\u30ad\u30fc"
        },
        {
            "language": {
                "name": "zh-Hans",
                "url": "/api/v2/language/12/"
            },
            "name": "\u94a5\u5319\u5361"
        }
    ],
    "sprites": {
        "default": null
    }
}