{
    "attributes": [],
    "baby_trigger_for": null,
    "category": {
        "name": "all-machines",
        "url": "/api/v2/item-category/37/"
    },
    "cost": 2000,
    "effect_entries": [],
    "flavor_text_entries": [
        {
            "language": {
                "name": "ja-Hrkt",
                "url": "/api/v2/language/1/"
            },
            "text": "\u3086\u3073\u3092\u3075\u308a\u3000\u3058\u3076\u3093\u306e\u3000\u306e\u3046\u3092\u3000\u3057\u3052\u304d\u3057\u3066\n\u3059\u3079\u3066\u306e\u3000\u308f\u3056\u306e\u3000\u306a\u304b\u304b\u3089\n\u3069\u308c\u304b\u3000\uff11\u3064\u3092\u3000\u304f\u308a\u3060\u3059\u3002",
            "version_group": {
                "name": "sword-shield",
                "url": "/api/v2/version-group/20/"
            }
        },
        {
            "language": {
                "name": "ko",
                "url": "/api/v2/language/3/"
            },
            "text": "\uc190\uac00\ub77d\uc744 \ud754\ub4e4\uc5b4 \uc790\uc2e0\uc758 \ub1cc\ub97c\n\uc790\uadf9\ud574\uc11c \ubaa8\ub4e0 \uae30\uc220 \uc911\n\uc5b4\ub290 \ud558\ub098\ub97c \ub0a0\ub9b0\ub2e4.",
            "version_group": {
                "name": "sword-shield",
                "url": "/api/v2/version-group/20/"
            }
        },
        {
            "language": {
                "name": "zh-Hant",
                "url": "/api/v2/language/4/"
            },
            "text": "\u63ee\u52d5\u624b\u6307\u523a\u6fc0\u81ea\u5df1\u7684\u5927\u8166\uff0c\n\u5f9e\u5168\u90e8\u7684\u62db\u5f0f\u4e2d\n\u96a8\u6a5f\u9078\u51fa\uff11\u62db\u4f7f\u51fa\u3002",
            "version_group": {
                "name": "sword-shield",
                "url": "/api/v2/version-group/20/"
            }
        },
        {
            "language": {
                "name": "fr",
                "url": "/api/v2/language/5/"
            },
            "text": "Le lanceur agite un doigt et stimule son cerveau pour\nutiliser presque n\u2019importe quelle capacit\u00e9 au hasard.",
            "version_group": {
                "name": "sword-shield",
                "url": "/api/v2/version-group/20/"
            }
        },
        {
            "language": {
                "name": "de",
                "url": "/api/v2/language/6/"
            },
            "text": "Bewegt Finger, um das Gehirn zu stimulieren.\nW\u00e4hlt zuf\u00e4llig eine Attacke aus.",
            "version_group": {
                "name": "sword-shield",
                "url": "/api/v2/version-group/20/"
            }
        },
        {
            "language": {
                "name": "es",
                "url": "/api/v2/language/7/"
            },
            "text": "Mueve un dedo y estimula su cerebro para usar al azar\ncasi cualquier movimiento.",
            "version_group": {
                "name": "sword-shield",
                "url": "/api/v2/version-group/20/"
            }
        },
        {
            "language": {
                "name": "it",
                "url": "/api/v2/language/8/"
            },
            "text": "Chi la usa fa di no con il dito e stimola il cervello\na usare a caso una delle tante mosse esistenti.",
            "version_group": {
                "name": "sword-shield",
                "url": "/api/v2/version-group/20/"
            }
        },
        {
            "language": {
                "name": "en",
                "url": "/api/v2/language/9/"
            },
            "text": "The user waggles a finger and stimulates its brain\ninto randomly using nearly any move.",
            "version_group": {
                "name": "sword-shield",
                "url": "/api/v2/version-group/20/"
            }
        },
        {
            "language": {
                "name": "ja",
                "url": "/api/v2/language/11/"
            },
            "text": "\u6307\u3092\u3075\u308a\u3000\u81ea\u5206\u306e\u3000\u8133\u3092\u3000\u523a\u6fc0\u3057\u3066\n\u3059\u3079\u3066\u306e\u3000\u6280\u306e\u3000\u306a\u304b\u304b\u3089\n\u3069\u308c\u304b\u3000\uff11\u3064\u3092\u3000\u304f\u308a\u3060\u3059\u3002",
            "version_group": {
                "name": "sword-shield",
                "url": "/api/v2/version-group/20/"
            }
        },
        {
            "language": {
                "name": "zh-Hans",
                "url": "/api/v2/language/12/"
            },
            "text": "\u6325\u52a8\u624b\u6307\u523a\u6fc0\u81ea\u5df1\u7684\u5927\u8111\uff0c\n\u4ece\u6240\u6709\u7684\u62db\u5f0f\u4e2d\n\u4efb\u610f\u4f7f\u51fa\uff11\u4e2a\u3002",
            "version_group": {
                "name": "sword-shield",
                "url": "/api/v2/version-group/20/"
            }
        }
    ],
    "fling_effect": null,
    "fling_power": 10,
    "game_indices": [
        {
            "game_index": 1144,
            "generation": {
                "name": "generation-viii",
                "url": "/api/v2/generation/8/"
            }
        }
    ],
    "held_by_pokemon": [],
    "id": 1202,
    "machines": [
        {
            "machine": {
                "url": "/api/v2/machine/1603/"
            },
            "version_group": {
                "name": "sword-shield",
                "url": "/api/v2/version-group/20/"
            }
        }
    ],
    "name": "tr14",
    "names": [
        {
            "language": {
                "name": "ja-Hrkt",
                "url": "/api/v2/language/1/"
            },
            "name": "\u308f\u3056\u30ec\u30b3\u30fc\u30c9\uff11\uff14"
        },
        {
            "language": {
                "name": "ko",
                "url": "/api/v2/language/3/"
            },
            "name": "\uae30\uc220\ub808\ucf54\ub4dc14"
        },
        {
            "language": {
                "name": "zh-Hant",
                "url": "/api/v2/language/4/"
            },
            "name": "\u62db\u5f0f\u7d00\u9304\uff11\uff14"
        },
        {
            "language": {
                "name": "fr",
                "url": "/api/v2/language/5/"
            },
            "name": "DT14"
        },
        {
            "language": {
                "name": "de",
                "url": "/api/v2/language/6/"
            },
            "name": "TP14"
        },
        {
            "language": {
                "name": "es",
                "url": "/api/v2/language/7/"
            },
            "name": "DT14"
        },
        {
            "language": {
                "name": "it",
                "url": "/api/v2/language/8/"
            },
            "name": "DT14"
        },
        {
            "language": {
                "name": "en",
                "url": "/api/v2/language/9/"
            },
            "name": "TR14"
        },
        {
            "language": {
                "name": "ja",
                "url": "/api/v2/language/11/"
            },
            "name": "\u308f\u3056\u30ec\u30b3\u30fc\u30c9\uff11\uff14"
        },
        {
            "language": {
                "name": "zh-Hans",
                "url": "/api/v2/language/12/"
            },
            "name": "\u62db\u5f0f\u8bb0\u5f55\uff11\uff14"
        }
    ],
    "sprites": {
        "default": null
    }
}