{
    "attributes": [],
    "baby_trigger_for": null,
    "category": {
        "name": "evolution",
        "url": "/api/v2/item-category/10/"
    },
    "cost": 3000,
    "effect_entries": [
        {
            "effect": "Used on a party Pok\u00e9mon\n:   Evolves a male kirlia into gallade or a female snorunt into froslass.",
            "language": {
                "name": "en",
                "url": "/api/v2/language/9/"
            },
            "short_effect": "Evolves a male Kirlia into Gallade or a female Snorunt into Froslass."
        }
    ],
    "flavor_text_entries": [
        {
            "language": {
                "name": "en",
                "url": "/api/v2/language/9/"
            },
            "text": "A peculiar stone that makes certain\nspecies of Pok\u00e9mon evolve.\nIt sparkles like eyes.",
            "version_group": {
                "name": "diamond-pearl",
                "url": "/api/v2/version-group/8/"
            }
        },
        {
            "language": {
                "name": "en",
                "url": "/api/v2/language/9/"
            },
            "text": "A peculiar stone that makes certain\nspecies of Pok\u00e9mon evolve.\nIt sparkles like eyes.",
            "version_group": {
                "name": "platinum",
                "url": "/api/v2/version-group/9/"
            }
        },
        {
            "language": {
                "name": "en",
                "url": "/api/v2/language/9/"
            },
            "text": "A peculiar stone that makes certain\nspecies of Pok\u00e9mon evolve.\nIt sparkles like eyes.",
            "version_group": {
                "name": "heartgold-soulsilver",
                "url": "/api/v2/version-group/10/"
            }
        },
        {
            "language": {
                "name": "fr",
                "url": "/api/v2/language/5/"
            },
            "text": "Pierre \u00e9trange qui fait \u00e9voluer\ncertaines esp\u00e8ces de Pok\u00e9mon.\nElle brille comme un \u0153il.",
            "version_group": {
                "name": "black-white",
                "url": "/api/v2/version-group/11/"
            }
        },
        {
            "language": {
                "name": "en",
                "url": "/api/v2/language/9/"
            },
            "text": "A peculiar stone that makes certain\nspecies of Pok\u00e9mon evolve.\nIt sparkles like eyes.",
            "version_group": {
                "name": "black-white",
                "url": "/api/v2/version-group/11/"
            }
        },
        {
            "language": {
                "name": "en",
                "url": "/api/v2/language/9/"
            },
            "text": "A peculiar stone that makes certain\nspecies of Pok\u00e9mon evolve.\nIt sparkles like eyes.",
            "version_group": {
                "name": "black-2-white-2",
                "url": "/api/v2/version-group/14/"
            }
        },
        {
            "language": {
                "name": "ja-Hrkt",
                "url": "/api/v2/language/1/"
            },
            "text": "\u3042\u308b\u3000\u3068\u304f\u3066\u3044\u306e\u3000\u30dd\u30b1\u30e2\u30f3\u3092\n\u3057\u3093\u304b\u3055\u305b\u308b\u3000\u3075\u3057\u304e\u306a\u3000\u3044\u3057\u3002\n\u3072\u3068\u307f\u306e\u3088\u3046\u306b\u3000\u307e\u3070\u3086\u3044\u3002",
            "version_group": {
                "name": "x-y",
                "url": "/api/v2/version-group/15/"
            }
        },
        {
            "language": {
                "name": "ko",
                "url": "/api/v2/language/3/"
            },
            "text": "\uc5b4\ub290 \ud2b9\uc815 \ud3ec\ucf13\ubaac\uc744\n\uc9c4\ud654\uc2dc\ud0a4\ub294 \uc774\uc0c1\ud55c \ub3cc.\n\ub208\ub3d9\uc790\ucc98\ub7fc \uc544\ub984\ub2f5\ub2e4.",
            "version_group": {
                "name": "x-y",
                "url": "/api/v2/version-group/15/"
            }
        },
        {
            "language": {
                "name": "fr",
                "url": "/api/v2/language/5/"
            },
            "text": "Une pierre \u00e9trange qui fait \u00e9voluer certaines\nesp\u00e8ces de Pok\u00e9mon. Elle brille comme un \u0153il.",
            "version_group": {
                "name": "x-y",
                "url": "/api/v2/version-group/15/"
            }
        },
        {
            "language": {
                "name": "de",
                "url": "/api/v2/language/6/"
            },
            "text": "Dieser besondere, glitzernde Stein hilft\nmanchen Pok\u00e9mon bei ihrer Evolution.",
            "version_group": {
                "name": "x-y",
                "url": "/api/v2/version-group/15/"
            }
        },
        {
            "language": {
                "name": "es",
                "url": "/api/v2/language/7/"
            },
            "text": "Una piedra peculiar que hace evolucionar a\nalgunos Pok\u00e9mon. Brilla como un lucero.",
            "version_group": {
                "name": "x-y",
                "url": "/api/v2/version-group/15/"
            }
        },
        {
            "language": {
                "name": "it",
                "url": "/api/v2/language/8/"
            },
            "text": "Pietra particolare che fa evolvere determinate\nspecie di Pok\u00e9mon. \u00c8 luccicante come gli occhi.",
            "version_group": {
                "name": "x-y",
                "url": "/api/v2/version-group/15/"
            }
        },
        {
            "language": {
                "name": "en",
                "url": "/api/v2/language/9/"
            },
            "text": "A peculiar stone that can make\ncertain species of Pok\u00e9mon evolve.\nIt sparkles like a glittering eye.",
            "version_group": {
                "name": "x-y",
                "url": "/api/v2/version-group/15/"
            }
        },
        {
            "language": {
                "name": "ja",
                "url": "/api/v2/language/11/"
            },
            "text": "\u3042\u308b\u3000\u7279\u5b9a\u306e\u3000\u30dd\u30b1\u30e2\u30f3\u3092\n\u9032\u5316\u3055\u305b\u308b\u3000\u4e0d\u601d\u8b70\u306a\u3000\u77f3\u3002\n\u3072\u3068\u307f\u306e\u3088\u3046\u306b\u3000\u307e\u3070\u3086\u3044\u3002",
            "version_group": {
                "name": "x-y",
                "url": "/api/v2/version-group/15/"
            }
        },
        {
            "language": {
                "name": "ja-Hrkt",
                "url": "/api/v2/language/1/"
            },
            "text": "\u3042\u308b\u3000\u3068\u304f\u3066\u3044\u306e\u3000\u30dd\u30b1\u30e2\u30f3\u3092\n\u3057\u3093\u304b\u3055\u305b\u308b\u3000\u3075\u3057\u304e\u306a\u3000\u3044\u3057\u3002\n\u3072\u3068\u307f\u306e\u3088\u3046\u306b\u3000\u307e\u3070\u3086\u3044\u3002",
            "version_group": {
                "name": "sun-moon",
                "url": "/api/v2/version-group/17/"
            }
        },
        {
            "language": {
                "name": "ko",
                "url": "/api/v2/language/3/"
            },
            "text": "\uc5b4\ub290 \ud2b9\uc815 \ud3ec\ucf13\ubaac\uc744\n\uc9c4\ud654\uc2dc\ud0a4\ub294 \uc774\uc0c1\ud55c \ub3cc.\n\ub208\ub3d9\uc790\ucc98\ub7fc \uc544\ub984\ub2f5\ub2e4.",
            "version_group": {
                "name": "sun-moon",
                "url": "/api/v2/version-group/17/"
            }
        },
        {
            "language": {
                "name": "zh-Hant",
                "url": "/api/v2/language/4/"
            },
            "text": "\u80fd\u8b93\u7279\u5b9a\u5bf6\u53ef\u5922\n\u9032\u5316\u7684\u795e\u5947\u77f3\u982d\u3002\n\u50cf\u773c\u7738\u4e00\u822c\u5149\u5f69\u52d5\u4eba\u3002",
            "version_group": {
                "name": "sun-moon",
                "url": "/api/v2/version-group/17/"
            }
        },
        {
            "language": {
                "name": "fr",
                "url": "/api/v2/language/5/"
            },
            "text": "Une pierre \u00e9trange qui fait \u00e9voluer certaines\nesp\u00e8ces de Pok\u00e9mon. Elle brille comme un \u0153il.",
            "version_group": {
                "name": "sun-moon",
                "url": "/api/v2/version-group/17/"
            }
        },
        {
            "language": {
                "name": "de",
                "url": "/api/v2/language/6/"
            },
            "text": "Dieser besondere, glitzernde Stein hilft\nmanchen Pok\u00e9mon bei ihrer Entwicklung.",
            "version_group": {
                "name": "sun-moon",
                "url": "/api/v2/version-group/17/"
            }
        },
        {
            "language": {
                "name": "es",
                "url": "/api/v2/language/7/"
            },
            "text": "Una piedra peculiar que hace evolucionar a algunos\nPok\u00e9mon. Brilla como un lucero.",
            "version_group": {
                "name": "sun-moon",
                "url": "/api/v2/version-group/17/"
            }
        },
        {
            "language": {
                "name": "it",
                "url": "/api/v2/language/8/"
            },
            "text": "Pietra particolare che fa evolvere determinate\nspecie di Pok\u00e9mon. \u00c8 luccicante come gli occhi.",
            "version_group": {
                "name": "sun-moon",
                "url": "/api/v2/version-group/17/"
            }
        },
        {
            "language": {
                "name": "en",
                "url": "/api/v2/language/9/"
            },
            "text": "A peculiar stone that can make certain species of\nPok\u00e9mon evolve. It sparkles like a glittering eye.",
            "version_group": {
                "name": "sun-moon",
                "url": "/api/v2/version-group/17/"
            }
        },
        {
            "language": {
                "name": "ja",
                "url": "/api/v2/language/11/"
            },
            "text": "\u3042\u308b\u3000\u7279\u5b9a\u306e\u3000\u30dd\u30b1\u30e2\u30f3\u3092\n\u9032\u5316\u3055\u305b\u308b\u3000\u4e0d\u601d\u8b70\u306a\u3000\u77f3\u3002\n\u3072\u3068\u307f\u306e\u3088\u3046\u306b\u3000\u307e\u3070\u3086\u3044\u3002",
            "version_group": {
                "name": "sun-moon",
                "url": "/api/v2/version-group/17/"
            }
        },
        {
            "language": {
                "name": "zh-Hans",
                "url": "/api/v2/language/12/"
            },
            "text": "\u80fd\u8ba9\u67d0\u4e9b\u7279\u5b9a\u5b9d\u53ef\u68a6\n\u8fdb\u5316\u7684\u795e\u5947\u77f3\u5934\u3002\n\u50cf\u773c\u7738\u4e00\u822c\u5149\u5f69\u52a8\u4eba\u3002",
            "version_group": {
                "name": "sun-moon",
                "url": "/api/v2/version-group/17/"
            }
        },
        {
            "language": {
                "name": "ja-Hrkt",
                "url": "/api/v2/language/1/"
            },
            "text": "\u3042\u308b\u3000\u3068\u304f\u3066\u3044\u306e\u3000\u30dd\u30b1\u30e2\u30f3\u3092\n\u3057\u3093\u304b\u3055\u305b\u308b\u3000\u3075\u3057\u304e\u306a\u3000\u3044\u3057\u3002\n\u3072\u3068\u307f\u306e\u3088\u3046\u306b\u3000\u307e\u3070\u3086\u3044\u3002",
            "version_group": {
                "name": "ultra-sun-ultra-moon",
                "url": "/api/v2/version-group/18/"
            }
        },
        {
            "language": {
                "name": "ko",
                "url": "/api/v2/language/3/"
            },
            "text": "\uc5b4\ub290 \ud2b9\uc815 \ud3ec\ucf13\ubaac\uc744\n\uc9c4\ud654\uc2dc\ud0a4\ub294 \uc774\uc0c1\ud55c \ub3cc.\n\ub208\ub3d9\uc790\ucc98\ub7fc \uc544\ub984\ub2f5\ub2e4.",
            "version_group": {
                "name": "ultra-sun-ultra-moon",
                "url": "/api/v2/version-group/18/"
            }
        },
        {
            "language": {
                "name": "zh-Hant",
                "url": "/api/v2/language/4/"
            },
            "text": "\u80fd\u8b93\u7279\u5b9a\u5bf6\u53ef\u5922\n\u9032\u5316\u7684\u795e\u5947\u77f3\u982d\u3002\n\u50cf\u773c\u7738\u4e00\u822c\u5149\u5f69\u52d5\u4eba\u3002",
            "version_group": {
                "name": "ultra-sun-ultra-moon",
                "url": "/api/v2/version-group/18/"
            }
        },
        {
            "language": {
                "name": "fr",
                "url": "/api/v2/language/5/"
            },
            "text": "Une pierre \u00e9trange qui fait \u00e9voluer certaines\nesp\u00e8ces de Pok\u00e9mon. Elle brille comme un \u0153il.",
            "version_group": {
                "name": "ultra-sun-ultra-moon",
                "url": "/api/v2/version-group/18/"
            }
        },
        {
            "language": {
                "name": "de",
                "url": "/api/v2/language/6/"
            },
            "text": "Dieser besondere, glitzernde Stein hilft\nmanchen Pok\u00e9mon bei ihrer Entwicklung.",
            "version_group": {
                "name": "ultra-sun-ultra-moon",
                "url": "/api/v2/version-group/18/"
            }
        },
        {
            "language": {
                "name": "es",
                "url": "/api/v2/language/7/"
            },
            "text": "Una piedra peculiar que hace evolucionar a algunos\nPok\u00e9mon. Brilla como un lucero.",
            "version_group": {
                "name": "ultra-sun-ultra-moon",
                "url": "/api/v2/version-group/18/"
            }
        },
        {
            "language": {
                "name": "it",
                "url": "/api/v2/language/8/"
            },
            "text": "Pietra particolare che fa evolvere determinate\nspecie di Pok\u00e9mon. \u00c8 luccicante come gli occhi.",
            "version_group": {
                "name": "ultra-sun-ultra-moon",
                "url": "/api/v2/version-group/18/"
            }
        },
        {
            "language": {
                "name": "en",
                "url": "/api/v2/language/9/"
            },
            "text": "A peculiar stone that can make certain species of\nPok\u00e9mon evolve. It sparkles like a glittering eye.",
            "version_group": {
                "name": "ultra-sun-ultra-moon",
                "url": "/api/v2/version-group/18/"
            }
        },
        {
            "language": {
                "name": "ja",
                "url": "/api/v2/language/11/"
            },
            "text": "\u3042\u308b\u3000\u7279\u5b9a\u306e\u3000\u30dd\u30b1\u30e2\u30f3\u3092\n\u9032\u5316\u3055\u305b\u308b\u3000\u4e0d\u601d\u8b70\u306a\u3000\u77f3\u3002\n\u3072\u3068\u307f\u306e\u3088\u3046\u306b\u3000\u307e\u3070\u3086\u3044\u3002",
            "version_group": {
                "name": "ultra-sun-ultra-moon",
                "url": "/api/v2/version-group/18/"
            }
        },
        {
            "language": {
                "name": "zh-Hans",
                "url": "/api/v2/language/12/"
            },
            "text": "\u80fd\u8ba9\u67d0\u4e9b\u7279\u5b9a\u5b9d\u53ef\u68a6\n\u8fdb\u5316\u7684\u795e\u5947\u77f3\u5934\u3002\n\u50cf\u773c\u7738\u4e00\u822c\u5149\u5f69\u52a8\u4eba\u3002",
            "version_group": {
                "name": "ultra-sun-ultra-moon",
                "url": "/api/v2/version-group/18/"
            }
        },
        {
            "language": {
                "name": "ja-Hrkt",
                "url": "/api/v2/language/1/"
            },
            "text": "\u3042\u308b\u3000\u3068\u304f\u3066\u3044\u306e\u3000\u30dd\u30b1\u30e2\u30f3\u3092\n\u3057\u3093\u304b\u3055\u305b\u308b\u3000\u3075\u3057\u304e\u306a\u3000\u3044\u3057\u3002\n\u3072\u3068\u307f\u306e\u3088\u3046\u306b\u3000\u307e\u3070\u3086\u3044\u3002",
            "version_group": {
                "name": "lets-go-pikachu-lets-go-eevee",
                "url": "/api/v2/version-group/19/"
            }
        },
        {
            "language": {
                "name": "ko",
                "url": "/api/v2/language/3/"
            },
            "text": "\uc5b4\ub290 \ud2b9\uc815 \ud3ec\ucf13\ubaac\uc744\n\uc9c4\ud654\uc2dc\ud0a4\ub294 \uc774\uc0c1\ud55c \ub3cc.\n\ub208\ub3d9\uc790\ucc98\ub7fc \uc544\ub984\ub2f5\ub2e4.",
            "version_group": {
                "name": "lets-go-pikachu-lets-go-eevee",
                "url": "/api/v2/version-group/19/"
            }
        },
        {
            "language": {
                "name": "zh-Hant",
                "url": "/api/v2/language/4/"
            },
            "text": "\u80fd\u8b93\u7279\u5b9a\u5bf6\u53ef\u5922\n\u9032\u5316\u7684\u795e\u5947\u77f3\u982d\u3002\n\u50cf\u773c\u7738\u4e00\u822c\u5149\u5f69\u52d5\u4eba\u3002",
            "version_group": {
                "name": "lets-go-pikachu-lets-go-eevee",
                "url": "/api/v2/version-group/19/"
            }
        },
        {
            "language": {
                "name": "fr",
                "url": "/api/v2/language/5/"
            },
            "text": "Une pierre \u00e9trange qui fait \u00e9voluer certaines esp\u00e8ces\nde Pok\u00e9mon. Elle brille comme un \u0153il.",
            "version_group": {
                "name": "lets-go-pikachu-lets-go-eevee",
                "url": "/api/v2/version-group/19/"
            }
        },
        {
            "language": {
                "name": "de",
                "url": "/api/v2/language/6/"
            },
            "text": "Dieser besondere, glitzernde Stein hilft\nmanchen Pok\u00e9mon bei ihrer Entwicklung.",
            "version_group": {
                "name": "lets-go-pikachu-lets-go-eevee",
                "url": "/api/v2/version-group/19/"
            }
        },
        {
            "language": {
                "name": "es",
                "url": "/api/v2/language/7/"
            },
            "text": "Una piedra peculiar que hace evolucionar a algunos\nPok\u00e9mon. Brilla como un lucero.",
            "version_group": {
                "name": "lets-go-pikachu-lets-go-eevee",
                "url": "/api/v2/version-group/19/"
            }
        },
        {
            "language": {
                "name": "it",
                "url": "/api/v2/language/8/"
            },
            "text": "Pietra particolare che fa evolvere determinate\nspecie di Pok\u00e9mon. \u00c8 luccicante come gli occhi.",
            "version_group": {
                "name": "lets-go-pikachu-lets-go-eevee",
                "url": "/api/v2/version-group/19/"
            }
        },
        {
            "language": {
                "name": "en",
                "url": "/api/v2/language/9/"
            },
            "text": "A peculiar stone that can make certain species of\nPok\u00e9mon evolve. It sparkles like a glittering eye.",
            "version_group": {
                "name": "lets-go-pikachu-lets-go-eevee",
                "url": "/api/v2/version-group/19/"
            }
        },
        {
            "language": {
                "name": "ja",
                "url": "/api/v2/language/11/"
            },
            "text": "\u3042\u308b\u3000\u7279\u5b9a\u306e\u3000\u30dd\u30b1\u30e2\u30f3\u3092\n\u9032\u5316\u3055\u305b\u308b\u3000\u4e0d\u601d\u8b70\u306a\u3000\u77f3\u3002\n\u3072\u3068\u307f\u306e\u3088\u3046\u306b\u3000\u307e\u3070\u3086\u3044\u3002",
            "version_group": {
                "name": "lets-go-pikachu-lets-go-eevee",
                "url": "/api/v2/version-group/19/"
            }
        },
        {
            "language": {
                "name": "zh-Hans",
                "url": "/api/v2/language/12/"
            },
            "text": "\u80fd\u8ba9\u67d0\u4e9b\u7279\u5b9a\u5b9d\u53ef\u68a6\n\u8fdb\u5316\u7684\u795e\u5947\u77f3\u5934\u3002\n\u50cf\u773c\u7738\u4e00\u822c\u5149\u5f69\u52a8\u4eba\u3002",
            "version_group": {
                "name": "lets-go-pikachu-lets-go-eevee",
                "url": "/api/v2/version-group/19/"
            }
        },
        {
            "language": {
                "name": "ja-Hrkt",
                "url": "/api/v2/language/1/"
            },
            "text": "\u3042\u308b\u3000\u3068\u304f\u3066\u3044\u306e\u3000\u30dd\u30b1\u30e2\u30f3\u3092\n\u3057\u3093\u304b\u3055\u305b\u308b\u3000\u3075\u3057\u304e\u306a\u3000\u3044\u3057\u3002\n\u3072\u3068\u307f\u306e\u3088\u3046\u306b\u3000\u307e\u3070\u3086\u3044\u3002",
            "version_group": {
                "name": "sword-shield",
                "url": "/api/v2/version-group/20/"
            }
        },
        {
            "language": {
                "name": "ko",
                "url": "/api/v2/language/3/"
            },
            "text": "\uc5b4\ub290 \ud2b9\uc815 \ud3ec\ucf13\ubaac\uc744\n\uc9c4\ud654\uc2dc\ud0a4\ub294 \uc774\uc0c1\ud55c \ub3cc.\n\ub208\ub3d9\uc790\ucc98\ub7fc \uc544\ub984\ub2f5\ub2e4.",
            "version_group": {
                "name": "sword-shield",
                "url": "/api/v2/version-group/20/"
            }
        },
        {
            "language": {
                "name": "zh-Hant",
                "url": "/api/v2/language/4/"
            },
            "text": "\u80fd\u8b93\u7279\u5b9a\u5bf6\u53ef\u5922\n\u9032\u5316\u7684\u795e\u5947\u77f3\u982d\u3002\n\u50cf\u773c\u7738\u4e00\u822c\u5149\u5f69\u52d5\u4eba\u3002",
            "version_group": {
                "name": "sword-shield",
                "url": "/api/v2/version-group/20/"
            }
        },
        {
            "language": {
                "name": "fr",
                "url": "/api/v2/language/5/"
            },
            "text": "Une pierre \u00e9trange qui fait \u00e9voluer certaines esp\u00e8ces\nde Pok\u00e9mon. Elle brille comme un \u0153il.",
            "version_group": {
                "name": "sword-shield",
                "url": "/api/v2/version-group/20/"
            }
        },
        {
            "language": {
                "name": "de",
                "url": "/api/v2/language/6/"
            },
            "text": "Dieser besondere, glitzernde Stein hilft manchen\nPok\u00e9mon bei ihrer Entwicklung.",
            "version_group": {
                "name": "sword-shield",
                "url": "/api/v2/version-group/20/"
            }
        },
        {
            "language": {
                "name": "es",
                "url": "/api/v2/language/7/"
            },
            "text": "Una piedra peculiar que hace evolucionar a algunos\nPok\u00e9mon. Brilla como un lucero.",
            "version_group": {
                "name": "sword-shield",
                "url": "/api/v2/version-group/20/"
            }
        },
        {
            "language": {
                "name": "it",
                "url": "/api/v2/language/8/"
            },
            "text": "Pietra particolare che fa evolvere determinate\nspecie di Pok\u00e9mon. \u00c8 luccicante come gli occhi.",
            "version_group": {
                "name": "sword-shield",
                "url": "/api/v2/version-group/20/"
            }
        },
        {
            "language": {
                "name": "en",
                "url": "/api/v2/language/9/"
            },
            "text": "A peculiar stone that can make certain species of\nPok\u00e9mon evolve. It sparkles like a glittering eye.",
            "version_group": {
                "name": "sword-shield",
                "url": "/api/v2/version-group/20/"
            }
        },
        {
            "language": {
                "name": "ja",
                "url": "/api/v2/language/11/"
            },
            "text": "\u3042\u308b\u3000\u7279\u5b9a\u306e\u3000\u30dd\u30b1\u30e2\u30f3\u3092\n\u9032\u5316\u3055\u305b\u308b\u3000\u4e0d\u601d\u8b70\u306a\u3000\u77f3\u3002\n\u3072\u3068\u307f\u306e\u3088\u3046\u306b\u3000\u307e\u3070\u3086\u3044\u3002",
            "version_group": {
                "name": "sword-shield",
                "url": "/api/v2/version-group/20/"
            }
        },
        {
            "language": {
                "name": "zh-Hans",
                "url": "/api/v2/language/12/"
            },
            "text": "\u80fd\u8ba9\u67d0\u4e9b\u7279\u5b9a\u5b9d\u53ef\u68a6\n\u8fdb\u5316\u7684\u795e\u5947\u77f3\u5934\u3002\n\u50cf\u773c\u7738\u4e00\u822c\u5149\u5f69\u52a8\u4eba\u3002",
            "version_group": {
                "name": "sword-shield",
                "url": "/api/v2/version-group/20/"
            }
        }
    ],
    "fling_effect": null,
    "fling_power": 80,
    "game_indices": [
        {
            "game_index": 109,
            "generation": {
                "name": "generation-iv",
                "url": "/api/v2/generation/4/"
            }
        },
        {
            "game_index": 109,
            "generation": {
                "name": "generation-v",
                "url": "/api/v2/generation/5/"
            }
        },
        {
            "game_index": 109,
            "generation": {
                "name": "generation-vi",
                "url": "/api/v2/generation/6/"
            }
        },
        {
            "game_index": 109,
            "generation": {
                "name": "generation-vii",
                "url": "/api/v2/generation/7/"
            }
        },
        {
            "game_index": 109,
            "generation": {
                "name": "generation-viii",
                "url": "/api/v2/generation/8/"
            }
        }
    ],
    "held_by_pokemon": [],
    "id": 109,
    "machines": [],
    "name": "dawn-stone",
    "names": [
        {
            "language": {
                "name": "ja-Hrkt",
                "url": "/api/v2/language/1/"
            },
            "name": "\u3081\u3056\u3081\u3044\u3057"
        },
        {
            "language": {
                "name": "ko",
                "url": "/api/v2/language/3/"
            },
            "name": "\uac01\uc131\uc758\ub3cc"
        },
        {
            "language": {
                "name": "zh-Hant",
                "url": "/api/v2/language/4/"
            },
            "name": "\u89ba\u9192\u4e4b\u77f3"
        },
        {
            "language": {
                "name": "fr",
                "url": "/api/v2/language/5/"
            },
            "name": "Pierre Aube"
        },
        {
            "language": {
                "name": "de",
                "url": "/api/v2/language/6/"
            },
            "name": "Funkelstein"
        },
        {
            "language": {
                "name": "es",
                "url": "/api/v2/language/7/"
            },
            "name": "Piedra Alba"
        },
        {
            "language": {
                "name": "it",
                "url": "/api/v2/language/8/"
            },
            "name": "Pietralbore"
        },
        {
            "language": {
                "name": "en",
                "url": "/api/v2/language/9/"
            },
            "name": "Dawn Stone"
        },
        {
            "language": {
                "name": "ja",
                "url": "/api/v2/language/11/"
            },
            "name": "\u3081\u3056\u3081\u3044\u3057"
        },
        {
            "language": {
                "name": "zh-Hans",
                "url": "/api/v2/language/12/"
            },
            "name": "\u89c9\u9192\u4e4b\u77f3"
        }
    ],
    "sprites": {
        "default": "https://raw.githubusercontent.com/PokeAPI/sprites/master/sprites/items/dawn-stone.png"
    }
}