{
    "attributes": [],
    "baby_trigger_for": null,
    "category": {
        "name": "gameplay",
        "url": "/api/v2/item-category/21/"
    },
    "cost": 0,
    "effect_entries": [],
    "flavor_text_entries": [
        {
            "language": {
                "name": "ja-Hrkt",
                "url": "/api/v2/language/1/"
            },
            "text": "\u30ed\u30c8\u30e0\u304c\u3000\u3059\u304d\u306a\u3000\u304b\u3067\u3093\u304c\u3000\u306e\u3063\u3066\u3044\u308b\u3002\n\u30ab\u30bf\u30ed\u30b0\u3092\u3000\u3064\u304b\u3046\u3053\u3068\u3067\u3000\u30ed\u30c8\u30e0\u3092\n\u304b\u3067\u3093\u306b\u3000\u3044\u308c\u305f\u308a\u3000\u3060\u3059\u3053\u3068\u304c\u3000\u3067\u304d\u308b\u3002",
            "version_group": {
                "name": "sword-shield",
                "url": "/api/v2/version-group/20/"
            }
        },
        {
            "language": {
                "name": "ko",
                "url": "/api/v2/language/3/"
            },
            "text": "\ub85c\ud1a0\ubb34\uac00 \uc88b\uc544\ud558\ub294 \uac00\uc804\uc81c\ud488\uc774 \uc2e4\ub824 \uc788\ub2e4.\n\uce74\ud0c8\ub85c\uadf8\ub97c \uc0ac\uc6a9\ud558\uba74 \ub85c\ud1a0\ubb34\ub97c\n\uac00\uc804\uc81c\ud488\uc5d0 \ub123\uac70\ub098 \uaebc\ub0bc \uc218 \uc788\ub2e4.",
            "version_group": {
                "name": "sword-shield",
                "url": "/api/v2/version-group/20/"
            }
        },
        {
            "language": {
                "name": "zh-Hant",
                "url": "/api/v2/language/4/"
            },
            "text": "\u8a18\u8f09\u8457\u6d1b\u6258\u59c6\u559c\u6b61\u7684\u96fb\u5668\u3002\n\u900f\u904e\u4f7f\u7528\u9019\u672c\u578b\u9304\uff0c\u53ef\u4ee5\u8b93\n\u6d1b\u6258\u59c6\u9032\u5165\u6216\u96e2\u958b\u96fb\u5668\u3002",
            "version_group": {
                "name": "sword-shield",
                "url": "/api/v2/version-group/20/"
            }
        },
        {
            "language": {
                "name": "fr",
                "url": "/api/v2/language/5/"
            },
            "text": "Un catalogue pr\u00e9sentant divers appareils m\u00e9nagers\nque Motisma appr\u00e9cie. \u00c0 utiliser pour faire entrer\nMotisma dans ces appareils ou l\u2019en faire sortir.",
            "version_group": {
                "name": "sword-shield",
                "url": "/api/v2/version-group/20/"
            }
        },
        {
            "language": {
                "name": "de",
                "url": "/api/v2/language/6/"
            },
            "text": "Ein Katalog, der Rotoms Lieblingsger\u00e4te auflistet.\nMit diesem Katalog kann Rotom in Ger\u00e4te schl\u00fcpfen\nund sie wieder verlassen.",
            "version_group": {
                "name": "sword-shield",
                "url": "/api/v2/version-group/20/"
            }
        },
        {
            "language": {
                "name": "es",
                "url": "/api/v2/language/7/"
            },
            "text": "Un cat\u00e1logo de los artilugios favoritos de Rotom que le\npermite introducirse o salir f\u00e1cilmente de los mismos.",
            "version_group": {
                "name": "sword-shield",
                "url": "/api/v2/version-group/20/"
            }
        },
        {
            "language": {
                "name": "it",
                "url": "/api/v2/language/8/"
            },
            "text": "Contiene una lista degli apparecchi che piacciono\na Rotom. Pu\u00f2 essere usato per far entrare Rotom\nnel motore degli elettrodomestici o per farlo uscire.",
            "version_group": {
                "name": "sword-shield",
                "url": "/api/v2/version-group/20/"
            }
        },
        {
            "language": {
                "name": "en",
                "url": "/api/v2/language/9/"
            },
            "text": "A catalog of devices that Rotom like. Use the catalog\nto have Rotom hop in and out of the various devices\nlisted within.",
            "version_group": {
                "name": "sword-shield",
                "url": "/api/v2/version-group/20/"
            }
        },
        {
            "language": {
                "name": "ja",
                "url": "/api/v2/language/11/"
            },
            "text": "\u30ed\u30c8\u30e0\u304c\u3000\u597d\u304d\u306a\u3000\u5bb6\u96fb\u304c\u3000\u8f09\u3063\u3066\u3044\u308b\u3002\n\u30ab\u30bf\u30ed\u30b0\u3092\u3000\u4f7f\u3046\u3053\u3068\u3067\u3000\u30ed\u30c8\u30e0\u3092\n\u5bb6\u96fb\u306b\u3000\u3044\u308c\u305f\u308a\u3000\u3060\u3059\u3053\u3068\u304c\u3000\u3067\u304d\u308b\u3002",
            "version_group": {
                "name": "sword-shield",
                "url": "/api/v2/version-group/20/"
            }
        },
        {
            "language": {
                "name": "zh-Hans",
                "url": "/api/v2/language/12/"
            },
            "text": "\u4e0a\u9762\u8bb0\u8f7d\u7740\u6d1b\u6258\u59c6\u559c\u6b22\u7684\u5bb6\u7535\u3002\n\u901a\u8fc7\u4f7f\u7528\u8fd9\u672c\u6307\u5357\uff0c\u53ef\u4ee5\n\u8ba9\u6d1b\u6258\u59c6\u6f5c\u5165\u6216\u8131\u79bb\u5bb6\u7535\u3002",
            "version_group": {
                "name": "sword-shield",
                "url": "/api/v2/version-group/20/"
            }
        }
    ],
    "fling_effect": null,
    "fling_power": null,
    "game_indices": [
        {
            "game_index": 1278,
            "generation": {
                "name": "generation-viii",
                "url": "/api/v2/generation/8/"
            }
        }
    ],
    "held_by_pokemon": [],
    "id": 1329,
    "machines": [],
    "name": "rotom-catalog",
    "names": [
        {
            "language": {
                "name": "ja-Hrkt",
                "url": "/api/v2/language/1/"
            },
            "name": "\u30ed\u30c8\u30e0\u306e\u30ab\u30bf\u30ed\u30b0"
        },
        {
            "language": {
                "name": "ko",
                "url": "/api/v2/language/3/"
            },
            "name": "\ub85c\ud1a0\ubb34\uce74\ud0c8\ub85c\uadf8"
        },
        {
            "language": {
                "name": "zh-Hant",
                "url": "/api/v2/language/4/"
            },
            "name": "\u6d1b\u6258\u59c6\u578b\u9304"
        },
        {
            "language": {
                "name": "fr",
                "url": "/api/v2/language/5/"
            },
            "name": "Moti-Catalogue"
        },
        {
            "language": {
                "name": "de",
                "url": "/api/v2/language/6/"
            },
            "name": "Rotom-Katalog"
        },
        {
            "language": {
                "name": "es",
                "url": "/api/v2/language/7/"
            },
            "name": "Cat\u00e1logo Rotom"
        },
        {
            "language": {
                "name": "it",
                "url": "/api/v2/language/8/"
            },
            "name": "Catalogo Rotom"
        },
        {
            "language": {
                "name": "en",
                "url": "/api/v2/language/9/"
            },
            "name": "Rotom Catalog"
        },
        {
            "language": {
                "name": "ja",
                "url": "/api/v2/language/11/"
            },
            "name": "\u30ed\u30c8\u30e0\u306e\u30ab\u30bf\u30ed\u30b0"
        },
        {
            "language": {
                "name": "zh-Hans",
                "url": "/api/v2/language/12/"
            },
            "name": "\u6d1b\u6258\u59c6\u578b\u5f55"
        }
    ],
    "sprites": {
        "default": null
    }
}