{
    "attributes": [
        {
            "name": "holdable-active",
            "url": "/api/v2/item-attribute/7/"
        }
    ],
    "baby_trigger_for": null,
    "category": {
        "name": "medicine",
        "url": "/api/v2/item-category/3/"
    },
    "cost": 80,
    "effect_entries": [
        {
            "effect": "Held in battle\n:   When the holder is out of PP for one of its moves, it consumes this item to restore 10 of that move's PP.\n\nUsed on a party Pok\u00e9mon\n:   Restores 10 PP for a selected move.",
            "language": {
                "name": "en",
                "url": "/api/v2/language/9/"
            },
            "short_effect": "Held: Consumed when a move runs out of PP to restore its PP by 10."
        }
    ],
    "flavor_text_entries": [
        {
            "language": {
                "name": "en",
                "url": "/api/v2/language/9/"
            },
            "text": "A hold item that\nrestores 10 PP in\nbattle.",
            "version_group": {
                "name": "ruby-sapphire",
                "url": "/api/v2/version-group/5/"
            }
        },
        {
            "language": {
                "name": "en",
                "url": "/api/v2/language/9/"
            },
            "text": "A hold item that\nrestores 10 PP in\nbattle.",
            "version_group": {
                "name": "emerald",
                "url": "/api/v2/version-group/6/"
            }
        },
        {
            "language": {
                "name": "en",
                "url": "/api/v2/language/9/"
            },
            "text": "When held by a POK\u00e9MON, it will be\nused in battle to restore 10 PP.",
            "version_group": {
                "name": "firered-leafgreen",
                "url": "/api/v2/version-group/7/"
            }
        },
        {
            "language": {
                "name": "en",
                "url": "/api/v2/language/9/"
            },
            "text": "A Poffin ingredient. It may be used\nor held by a Pok\u00e9mon to restore a\nmove\u2019s PP by 10.",
            "version_group": {
                "name": "diamond-pearl",
                "url": "/api/v2/version-group/8/"
            }
        },
        {
            "language": {
                "name": "en",
                "url": "/api/v2/language/9/"
            },
            "text": "A Poffin ingredient. It may be used\nor held by a Pok\u00e9mon to restore a\nmove\u2019s PP by 10.",
            "version_group": {
                "name": "platinum",
                "url": "/api/v2/version-group/9/"
            }
        },
        {
            "language": {
                "name": "en",
                "url": "/api/v2/language/9/"
            },
            "text": "It may be used or held by a Pok\u00e9mon to\nrestore a move\u2019s PP by 10.",
            "version_group": {
                "name": "heartgold-soulsilver",
                "url": "/api/v2/version-group/10/"
            }
        },
        {
            "language": {
                "name": "fr",
                "url": "/api/v2/language/5/"
            },
            "text": "Baie qui restaure 10 PP lorsqu\u2019elle\nest tenue par un Pok\u00e9mon.",
            "version_group": {
                "name": "black-white",
                "url": "/api/v2/version-group/11/"
            }
        },
        {
            "language": {
                "name": "en",
                "url": "/api/v2/language/9/"
            },
            "text": "If held by a Pok\u00e9mon,\nit restores a move\u2019s PP by 10.",
            "version_group": {
                "name": "black-white",
                "url": "/api/v2/version-group/11/"
            }
        },
        {
            "language": {
                "name": "en",
                "url": "/api/v2/language/9/"
            },
            "text": "If held by a Pok\u00e9mon,\nit restores a move\u2019s PP by 10.",
            "version_group": {
                "name": "black-2-white-2",
                "url": "/api/v2/version-group/14/"
            }
        },
        {
            "language": {
                "name": "ja-Hrkt",
                "url": "/api/v2/language/1/"
            },
            "text": "\u30dd\u30b1\u30e2\u30f3\u306b\u3000\u3082\u305f\u305b\u308b\u3068\n\uff30\uff30\u3092\u3000\uff11\uff10\u3060\u3051\u3000\u304b\u3044\u3075\u304f\u3059\u308b\u3002\n",
            "version_group": {
                "name": "x-y",
                "url": "/api/v2/version-group/15/"
            }
        },
        {
            "language": {
                "name": "ko",
                "url": "/api/v2/language/3/"
            },
            "text": "\ud3ec\ucf13\ubaac\uc5d0\uac8c \uc9c0\ub2c8\uac8c \ud558\uba74\nPP\ub97c 10\ub9cc\ud07c \ud68c\ubcf5\ud55c\ub2e4.",
            "version_group": {
                "name": "x-y",
                "url": "/api/v2/version-group/15/"
            }
        },
        {
            "language": {
                "name": "fr",
                "url": "/api/v2/language/5/"
            },
            "text": "Une Baie qui restaure 10 PP lorsqu\u2019elle\nest tenue par un Pok\u00e9mon.",
            "version_group": {
                "name": "x-y",
                "url": "/api/v2/version-group/15/"
            }
        },
        {
            "language": {
                "name": "de",
                "url": "/api/v2/language/6/"
            },
            "text": "Gibst du die Beere einem Pok\u00e9mon zum Tragen,\nf\u00fcllt sie die AP einer Attacke um 10 Punkte auf.",
            "version_group": {
                "name": "x-y",
                "url": "/api/v2/version-group/15/"
            }
        },
        {
            "language": {
                "name": "es",
                "url": "/api/v2/language/7/"
            },
            "text": "Al usarla con un Pok\u00e9mon, se gana su amistad,\npero tambi\u00e9n reduce su Defensa de base.",
            "version_group": {
                "name": "x-y",
                "url": "/api/v2/version-group/15/"
            }
        },
        {
            "language": {
                "name": "it",
                "url": "/api/v2/language/8/"
            },
            "text": "Se un Pok\u00e9mon ha questa bacca, pu\u00f2 restituire\n10 PP a una mossa.",
            "version_group": {
                "name": "x-y",
                "url": "/api/v2/version-group/15/"
            }
        },
        {
            "language": {
                "name": "en",
                "url": "/api/v2/language/9/"
            },
            "text": "A Berry to be consumed by Pok\u00e9mon.\nIf a Pok\u00e9mon holds one, it can restore\n10 PP to a depleted move during battle.",
            "version_group": {
                "name": "x-y",
                "url": "/api/v2/version-group/15/"
            }
        },
        {
            "language": {
                "name": "ja",
                "url": "/api/v2/language/11/"
            },
            "text": "\u30dd\u30b1\u30e2\u30f3\u306b\u3000\u6301\u305f\u305b\u308b\u3068\n\uff30\uff30\u3092\u3000\uff11\uff10\u3060\u3051\u3000\u56de\u5fa9\u3059\u308b\u3002\n",
            "version_group": {
                "name": "x-y",
                "url": "/api/v2/version-group/15/"
            }
        },
        {
            "language": {
                "name": "ja-Hrkt",
                "url": "/api/v2/language/1/"
            },
            "text": "\u30dd\u30b1\u30e2\u30f3\u306b\u3000\u3082\u305f\u305b\u308b\u3068\n\uff30\uff30\u3092\u3000\uff11\uff10\u3060\u3051\u3000\u304b\u3044\u3075\u304f\u3059\u308b\u3002\n",
            "version_group": {
                "name": "sun-moon",
                "url": "/api/v2/version-group/17/"
            }
        },
        {
            "language": {
                "name": "ko",
                "url": "/api/v2/language/3/"
            },
            "text": "\ud3ec\ucf13\ubaac\uc5d0\uac8c \uc9c0\ub2c8\uac8c \ud558\uba74\nPP\ub97c 10\ub9cc\ud07c \ud68c\ubcf5\ud55c\ub2e4.",
            "version_group": {
                "name": "sun-moon",
                "url": "/api/v2/version-group/17/"
            }
        },
        {
            "language": {
                "name": "zh-Hant",
                "url": "/api/v2/language/4/"
            },
            "text": "\u8b93\u5bf6\u53ef\u5922\u651c\u5e36\u5f8c\uff0c\n\u53ef\u4ee5\u56de\u5fa9\uff11\uff10\uff30\uff30\u3002",
            "version_group": {
                "name": "sun-moon",
                "url": "/api/v2/version-group/17/"
            }
        },
        {
            "language": {
                "name": "fr",
                "url": "/api/v2/language/5/"
            },
            "text": "Une Baie qui restaure 10 PP lorsqu\u2019elle est tenue\npar un Pok\u00e9mon.",
            "version_group": {
                "name": "sun-moon",
                "url": "/api/v2/version-group/17/"
            }
        },
        {
            "language": {
                "name": "de",
                "url": "/api/v2/language/6/"
            },
            "text": "Gibst du die Beere einem Pok\u00e9mon zum Tragen,\nf\u00fcllt sie die AP einer Attacke um 10 Punkte auf.",
            "version_group": {
                "name": "sun-moon",
                "url": "/api/v2/version-group/17/"
            }
        },
        {
            "language": {
                "name": "es",
                "url": "/api/v2/language/7/"
            },
            "text": "Los Pok\u00e9mon pueden llevarla o usarla para\nrestaurar 10 PP de un movimiento.",
            "version_group": {
                "name": "sun-moon",
                "url": "/api/v2/version-group/17/"
            }
        },
        {
            "language": {
                "name": "it",
                "url": "/api/v2/language/8/"
            },
            "text": "Se un Pok\u00e9mon ha questa bacca, restituisce\n10 PP a una mossa.",
            "version_group": {
                "name": "sun-moon",
                "url": "/api/v2/version-group/17/"
            }
        },
        {
            "language": {
                "name": "en",
                "url": "/api/v2/language/9/"
            },
            "text": "A Berry to be consumed by Pok\u00e9mon. If a Pok\u00e9mon\nholds one, it can restore 10 PP to a depleted move\nduring battle.",
            "version_group": {
                "name": "sun-moon",
                "url": "/api/v2/version-group/17/"
            }
        },
        {
            "language": {
                "name": "ja",
                "url": "/api/v2/language/11/"
            },
            "text": "\u30dd\u30b1\u30e2\u30f3\u306b\u3000\u6301\u305f\u305b\u308b\u3068\n\uff30\uff30\u3092\u3000\uff11\uff10\u3060\u3051\u3000\u56de\u5fa9\u3059\u308b\u3002\n",
            "version_group": {
                "name": "sun-moon",
                "url": "/api/v2/version-group/17/"
            }
        },
        {
            "language": {
                "name": "zh-Hans",
                "url": "/api/v2/language/12/"
            },
            "text": "\u8ba9\u5b9d\u53ef\u68a6\u643a\u5e26\u540e\uff0c\n\u53ef\u4ee5\u56de\u590d\uff11\uff10\uff30\uff30\u3002",
            "version_group": {
                "name": "sun-moon",
                "url": "/api/v2/version-group/17/"
            }
        },
        {
            "language": {
                "name": "ja-Hrkt",
                "url": "/api/v2/language/1/"
            },
            "text": "\u30dd\u30b1\u30e2\u30f3\u306b\u3000\u3082\u305f\u305b\u308b\u3068\n\uff30\uff30\u3092\u3000\uff11\uff10\u3060\u3051\u3000\u304b\u3044\u3075\u304f\u3059\u308b\u3002\n",
            "version_group": {
                "name": "ultra-sun-ultra-moon",
                "url": "/api/v2/version-group/18/"
            }
        },
        {
            "language": {
                "name": "ko",
                "url": "/api/v2/language/3/"
            },
            "text": "\ud3ec\ucf13\ubaac\uc5d0\uac8c \uc9c0\ub2c8\uac8c \ud558\uba74\nPP\ub97c 10\ub9cc\ud07c \ud68c\ubcf5\ud55c\ub2e4.",
            "version_group": {
                "name": "ultra-sun-ultra-moon",
                "url": "/api/v2/version-group/18/"
            }
        },
        {
            "language": {
                "name": "zh-Hant",
                "url": "/api/v2/language/4/"
            },
            "text": "\u8b93\u5bf6\u53ef\u5922\u651c\u5e36\u5f8c\uff0c\n\u53ef\u4ee5\u56de\u5fa9\uff11\uff10\uff30\uff30\u3002",
            "version_group": {
                "name": "ultra-sun-ultra-moon",
                "url": "/api/v2/version-group/18/"
            }
        },
        {
            "language": {
                "name": "fr",
                "url": "/api/v2/language/5/"
            },
            "text": "Une Baie qui restaure 10 PP lorsqu\u2019elle est tenue\npar un Pok\u00e9mon.",
            "version_group": {
                "name": "ultra-sun-ultra-moon",
                "url": "/api/v2/version-group/18/"
            }
        },
        {
            "language": {
                "name": "de",
                "url": "/api/v2/language/6/"
            },
            "text": "Gibst du die Beere einem Pok\u00e9mon zum Tragen,\nf\u00fcllt sie die AP einer Attacke um 10 Punkte auf.",
            "version_group": {
                "name": "ultra-sun-ultra-moon",
                "url": "/api/v2/version-group/18/"
            }
        },
        {
            "language": {
                "name": "es",
                "url": "/api/v2/language/7/"
            },
            "text": "Los Pok\u00e9mon pueden llevarla o usarla para\nrestaurar 10 PP de un movimiento.",
            "version_group": {
                "name": "ultra-sun-ultra-moon",
                "url": "/api/v2/version-group/18/"
            }
        },
        {
            "language": {
                "name": "it",
                "url": "/api/v2/language/8/"
            },
            "text": "Se un Pok\u00e9mon ha questa bacca, restituisce\n10 PP a una mossa.",
            "version_group": {
                "name": "ultra-sun-ultra-moon",
                "url": "/api/v2/version-group/18/"
            }
        },
        {
            "language": {
                "name": "en",
                "url": "/api/v2/language/9/"
            },
            "text": "A Berry to be consumed by Pok\u00e9mon. If a Pok\u00e9mon\nholds one, it can restore 10 PP to a depleted move\nduring battle.",
            "version_group": {
                "name": "ultra-sun-ultra-moon",
                "url": "/api/v2/version-group/18/"
            }
        },
        {
            "language": {
                "name": "ja",
                "url": "/api/v2/language/11/"
            },
            "text": "\u30dd\u30b1\u30e2\u30f3\u306b\u3000\u6301\u305f\u305b\u308b\u3068\n\uff30\uff30\u3092\u3000\uff11\uff10\u3060\u3051\u3000\u56de\u5fa9\u3059\u308b\u3002\n",
            "version_group": {
                "name": "ultra-sun-ultra-moon",
                "url": "/api/v2/version-group/18/"
            }
        },
        {
            "language": {
                "name": "zh-Hans",
                "url": "/api/v2/language/12/"
            },
            "text": "\u8ba9\u5b9d\u53ef\u68a6\u643a\u5e26\u540e\uff0c\n\u53ef\u4ee5\u56de\u590d\uff11\uff10\uff30\uff30\u3002",
            "version_group": {
                "name": "ultra-sun-ultra-moon",
                "url": "/api/v2/version-group/18/"
            }
        },
        {
            "language": {
                "name": "ja-Hrkt",
                "url": "/api/v2/language/1/"
            },
            "text": "\u30dd\u30b1\u30e2\u30f3\u306b\u3000\u3082\u305f\u305b\u308b\u3068\n\uff30\uff30\u3092\u3000\uff11\uff10\u3060\u3051\u3000\u304b\u3044\u3075\u304f\u3059\u308b\u3002\n",
            "version_group": {
                "name": "lets-go-pikachu-lets-go-eevee",
                "url": "/api/v2/version-group/19/"
            }
        },
        {
            "language": {
                "name": "ko",
                "url": "/api/v2/language/3/"
            },
            "text": "\ud3ec\ucf13\ubaac\uc5d0\uac8c \uc9c0\ub2c8\uac8c \ud558\uba74\nPP\ub97c 10\ub9cc\ud07c \ud68c\ubcf5\ud55c\ub2e4.",
            "version_group": {
                "name": "lets-go-pikachu-lets-go-eevee",
                "url": "/api/v2/version-group/19/"
            }
        },
        {
            "language": {
                "name": "zh-Hant",
                "url": "/api/v2/language/4/"
            },
            "text": "\u8b93\u5bf6\u53ef\u5922\u651c\u5e36\u5f8c\uff0c\n\u53ef\u4ee5\u56de\u5fa910PP\u3002",
            "version_group": {
                "name": "lets-go-pikachu-lets-go-eevee",
                "url": "/api/v2/version-group/19/"
            }
        },
        {
            "language": {
                "name": "fr",
                "url": "/api/v2/language/5/"
            },
            "text": "Une Baie qui restaure 10 PP lorsqu\u2019elle est tenue\npar un Pok\u00e9mon.",
            "version_group": {
                "name": "lets-go-pikachu-lets-go-eevee",
                "url": "/api/v2/version-group/19/"
            }
        },
        {
            "language": {
                "name": "de",
                "url": "/api/v2/language/6/"
            },
            "text": "Gibst du die Beere einem Pok\u00e9mon zum Tragen,\nf\u00fcllt sie die AP einer Attacke um 10 Punkte auf.",
            "version_group": {
                "name": "lets-go-pikachu-lets-go-eevee",
                "url": "/api/v2/version-group/19/"
            }
        },
        {
            "language": {
                "name": "es",
                "url": "/api/v2/language/7/"
            },
            "text": "Los Pok\u00e9mon pueden llevarla o usarla para restaurar\n10 PP de un movimiento.",
            "version_group": {
                "name": "lets-go-pikachu-lets-go-eevee",
                "url": "/api/v2/version-group/19/"
            }
        },
        {
            "language": {
                "name": "it",
                "url": "/api/v2/language/8/"
            },
            "text": "Se un Pok\u00e9mon ha questa bacca, restituisce\n10 PP a una mossa.",
            "version_group": {
                "name": "lets-go-pikachu-lets-go-eevee",
                "url": "/api/v2/version-group/19/"
            }
        },
        {
            "language": {
                "name": "en",
                "url": "/api/v2/language/9/"
            },
            "text": "A Berry to be consumed by Pok\u00e9mon. If a Pok\u00e9mon\nholds one, it can restore 10 PP to a depleted move\nduring battle.",
            "version_group": {
                "name": "lets-go-pikachu-lets-go-eevee",
                "url": "/api/v2/version-group/19/"
            }
        },
        {
            "language": {
                "name": "ja",
                "url": "/api/v2/language/11/"
            },
            "text": "\u30dd\u30b1\u30e2\u30f3\u306b\u3000\u6301\u305f\u305b\u308b\u3068\n\uff30\uff30\u3092\u3000\uff11\uff10\u3060\u3051\u3000\u56de\u5fa9\u3059\u308b\u3002\n",
            "version_group": {
                "name": "lets-go-pikachu-lets-go-eevee",
                "url": "/api/v2/version-group/19/"
            }
        },
        {
            "language": {
                "name": "zh-Hans",
                "url": "/api/v2/language/12/"
            },
            "text": "\u8ba9\u5b9d\u53ef\u68a6\u643a\u5e26\u540e\uff0c\n\u53ef\u4ee5\u56de\u590d10PP\u3002",
            "version_group": {
                "name": "lets-go-pikachu-lets-go-eevee",
                "url": "/api/v2/version-group/19/"
            }
        },
        {
            "language": {
                "name": "ja-Hrkt",
                "url": "/api/v2/language/1/"
            },
            "text": "\u30dd\u30b1\u30e2\u30f3\u306b\u3000\u3082\u305f\u305b\u308b\u3068\n\uff30\uff30\u3092\u3000\uff11\uff10\u3060\u3051\u3000\u304b\u3044\u3075\u304f\u3059\u308b\u3002\n",
            "version_group": {
                "name": "sword-shield",
                "url": "/api/v2/version-group/20/"
            }
        },
        {
            "language": {
                "name": "ko",
                "url": "/api/v2/language/3/"
            },
            "text": "\ud3ec\ucf13\ubaac\uc5d0\uac8c \uc9c0\ub2c8\uac8c \ud558\uba74\nPP\ub97c 10\ub9cc\ud07c \ud68c\ubcf5\ud55c\ub2e4.",
            "version_group": {
                "name": "sword-shield",
                "url": "/api/v2/version-group/20/"
            }
        },
        {
            "language": {
                "name": "zh-Hant",
                "url": "/api/v2/language/4/"
            },
            "text": "\u8b93\u5bf6\u53ef\u5922\u651c\u5e36\u5f8c\uff0c\n\u53ef\u4ee5\u56de\u5fa9\uff11\uff10\uff30\uff30\u3002",
            "version_group": {
                "name": "sword-shield",
                "url": "/api/v2/version-group/20/"
            }
        },
        {
            "language": {
                "name": "fr",
                "url": "/api/v2/language/5/"
            },
            "text": "Une Baie qui restaure 10 PP lorsqu\u2019elle est tenue\npar un Pok\u00e9mon.",
            "version_group": {
                "name": "sword-shield",
                "url": "/api/v2/version-group/20/"
            }
        },
        {
            "language": {
                "name": "de",
                "url": "/api/v2/language/6/"
            },
            "text": "Gibst du die Beere einem Pok\u00e9mon zum Tragen,\nf\u00fcllt sie die AP einer Attacke um 10 Punkte auf.",
            "version_group": {
                "name": "sword-shield",
                "url": "/api/v2/version-group/20/"
            }
        },
        {
            "language": {
                "name": "es",
                "url": "/api/v2/language/7/"
            },
            "text": "Los Pok\u00e9mon pueden llevarla o usarla para restaurar\n10 PP de un movimiento.",
            "version_group": {
                "name": "sword-shield",
                "url": "/api/v2/version-group/20/"
            }
        },
        {
            "language": {
                "name": "it",
                "url": "/api/v2/language/8/"
            },
            "text": "Se un Pok\u00e9mon ha questa bacca, restituisce\n10 PP a una mossa.",
            "version_group": {
                "name": "sword-shield",
                "url": "/api/v2/version-group/20/"
            }
        },
        {
            "language": {
                "name": "en",
                "url": "/api/v2/language/9/"
            },
            "text": "A Berry to be consumed by Pok\u00e9mon. If a Pok\u00e9mon\nholds one, it can restore 10 PP to a depleted move\nduring battle.",
            "version_group": {
                "name": "sword-shield",
                "url": "/api/v2/version-group/20/"
            }
        },
        {
            "language": {
                "name": "ja",
                "url": "/api/v2/language/11/"
            },
            "text": "\u30dd\u30b1\u30e2\u30f3\u306b\u3000\u6301\u305f\u305b\u308b\u3068\n\uff30\uff30\u3092\u3000\uff11\uff10\u3060\u3051\u3000\u56de\u5fa9\u3059\u308b\u3002\n",
            "version_group": {
                "name": "sword-shield",
                "url": "/api/v2/version-group/20/"
            }
        },
        {
            "language": {
                "name": "zh-Hans",
                "url": "/api/v2/language/12/"
            },
            "text": "\u8ba9\u5b9d\u53ef\u68a6\u643a\u5e26\u540e\uff0c\n\u53ef\u4ee5\u56de\u590d\uff11\uff10\uff30\uff30\u3002",
            "version_group": {
                "name": "sword-shield",
                "url": "/api/v2/version-group/20/"
            }
        }
    ],
    "fling_effect": {
        "name": "berry-effect",
        "url": "/api/v2/item-fling-effect/3/"
    },
    "fling_power": 10,
    "game_indices": [
        {
            "game_index": 138,
            "generation": {
                "name": "generation-iii",
                "url": "/api/v2/generation/3/"
            }
        },
        {
            "game_index": 154,
            "generation": {
                "name": "generation-iv",
                "url": "/api/v2/generation/4/"
            }
        },
        {
            "game_index": 154,
            "generation": {
                "name": "generation-v",
                "url": "/api/v2/generation/5/"
            }
        },
        {
            "game_index": 154,
            "generation": {
                "name": "generation-vi",
                "url": "/api/v2/generation/6/"
            }
        },
        {
            "game_index": 154,
            "generation": {
                "name": "generation-vii",
                "url": "/api/v2/generation/7/"
            }
        },
        {
            "game_index": 154,
            "generation": {
                "name": "generation-viii",
                "url": "/api/v2/generation/8/"
            }
        }
    ],
    "held_by_pokemon": [
        {
            "pokemon": {
                "name": "clefairy",
                "url": "/api/v2/pokemon/35/"
            },
            "version_details": [
                {
                    "rarity": 50,
                    "version": {
                        "name": "ruby",
                        "url": "/api/v2/version/7/"
                    }
                },
                {
                    "rarity": 50,
                    "version": {
                        "name": "sapphire",
                        "url": "/api/v2/version/8/"
                    }
                },
                {
                    "rarity": 50,
                    "version": {
                        "name": "emerald",
                        "url": "/api/v2/version/9/"
                    }
                },
                {
                    "rarity": 50,
                    "version": {
                        "name": "diamond",
                        "url": "/api/v2/version/12/"
                    }
                },
                {
                    "rarity": 50,
                    "version": {
                        "name": "pearl",
                        "url": "/api/v2/version/13/"
                    }
                },
                {
                    "rarity": 50,
                    "version": {
                        "name": "platinum",
                        "url": "/api/v2/version/14/"
                    }
                },
                {
                    "rarity": 50,
                    "version": {
                        "name": "heartgold",
                        "url": "/api/v2/version/15/"
                    }
                },
                {
                    "rarity": 50,
                    "version": {
                        "name": "soulsilver",
                        "url": "/api/v2/version/16/"
                    }
                },
                {
                    "rarity": 50,
                    "version": {
                        "name": "black",
                        "url": "/api/v2/version/17/"
                    }
                },
                {
                    "rarity": 50,
                    "version": {
                        "name": "white",
                        "url": "/api/v2/version/18/"
                    }
                },
                {
                    "rarity": 50,
                    "version": {
                        "name": "black-2",
                        "url": "/api/v2/version/21/"
                    }
                },
                {
                    "rarity": 50,
                    "version": {
                        "name": "white-2",
                        "url": "/api/v2/version/22/"
                    }
                }
            ]
        },
        {
            "pokemon": {
                "name": "clefable",
                "url": "/api/v2/pokemon/36/"
            },
            "version_details": [
                {
                    "rarity": 50,
                    "version": {
                        "name": "ruby",
                        "url": "/api/v2/version/7/"
                    }
                },
                {
                    "rarity": 50,
                    "version": {
                        "name": "sapphire",
                        "url": "/api/v2/version/8/"
                    }
                },
                {
                    "rarity": 50,
                    "version": {
                        "name": "emerald",
                        "url": "/api/v2/version/9/"
                    }
                },
                {
                    "rarity": 50,
                    "version": {
                        "name": "diamond",
                        "url": "/api/v2/version/12/"
                    }
                },
                {
                    "rarity": 50,
                    "version": {
                        "name": "pearl",
                        "url": "/api/v2/version/13/"
                    }
                },
                {
                    "rarity": 50,
                    "version": {
                        "name": "platinum",
                        "url": "/api/v2/version/14/"
                    }
                },
                {
                    "rarity": 50,
                    "version": {
                        "name": "heartgold",
                        "url": "/api/v2/version/15/"
                    }
                },
                {
                    "rarity": 50,
                    "version": {
                        "name": "soulsilver",
                        "url": "/api/v2/version/16/"
                    }
                },
                {
                    "rarity": 50,
                    "version": {
                        "name": "black",
                        "url": "/api/v2/version/17/"
                    }
                },
                {
                    "rarity": 50,
                    "version": {
                        "name": "white",
                        "url": "/api/v2/version/18/"
                    }
                },
                {
                    "rarity": 50,
                    "version": {
                        "name": "black-2",
                        "url": "/api/v2/version/21/"
                    }
                },
                {
                    "rarity": 50,
                    "version": {
                        "name": "white-2",
                        "url": "/api/v2/version/22/"
                    }
                }
            ]
        },
        {
            "pokemon": {
                "name": "mr-mime",
                "url": "/api/v2/pokemon/122/"
            },
            "version_details": [
                {
                    "rarity": 5,
                    "version": {
                        "name": "ruby",
                        "url": "/api/v2/version/7/"
                    }
                },
                {
                    "rarity": 5,
                    "version": {
                        "name": "sapphire",
                        "url": "/api/v2/version/8/"
                    }
                },
                {
                    "rarity": 5,
                    "version": {
                        "name": "emerald",
                        "url": "/api/v2/version/9/"
                    }
                },
                {
                    "rarity": 5,
                    "version": {
                        "name": "diamond",
                        "url": "/api/v2/version/12/"
                    }
                },
                {
                    "rarity": 5,
                    "version": {
                        "name": "pearl",
                        "url": "/api/v2/version/13/"
                    }
                },
                {
                    "rarity": 5,
                    "version": {
                        "name": "platinum",
                        "url": "/api/v2/version/14/"
                    }
                },
                {
                    "rarity": 5,
                    "version": {
                        "name": "heartgold",
                        "url": "/api/v2/version/15/"
                    }
                },
                {
                    "rarity": 5,
                    "version": {
                        "name": "soulsilver",
                        "url": "/api/v2/version/16/"
                    }
                },
                {
                    "rarity": 5,
                    "version": {
                        "name": "black",
                        "url": "/api/v2/version/17/"
                    }
                },
                {
                    "rarity": 5,
                    "version": {
                        "name": "white",
                        "url": "/api/v2/version/18/"
                    }
                }
            ]
        },
        {
            "pokemon": {
                "name": "cleffa",
                "url": "/api/v2/pokemon/173/"
            },
            "version_details": [
                {
                    "rarity": 50,
                    "version": {
                        "name": "ruby",
                        "url": "/api/v2/version/7/"
                    }
                },
                {
                    "rarity": 50,
                    "version": {
                        "name": "sapphire",
                        "url": "/api/v2/version/8/"
                    }
                },
                {
                    "rarity": 50,
                    "version": {
                        "name": "emerald",
                        "url": "/api/v2/version/9/"
                    }
                },
                {
                    "rarity": 50,
                    "version": {
                        "name": "diamond",
                        "url": "/api/v2/version/12/"
                    }
                },
                {
                    "rarity": 50,
                    "version": {
                        "name": "pearl",
                        "url": "/api/v2/version/13/"
                    }
                },
                {
                    "rarity": 50,
                    "version": {
                        "name": "platinum",
                        "url": "/api/v2/version/14/"
                    }
                },
                {
                    "rarity": 50,
                    "version": {
                        "name": "heartgold",
                        "url": "/api/v2/version/15/"
                    }
                },
                {
                    "rarity": 50,
                    "version": {
                        "name": "soulsilver",
                        "url": "/api/v2/version/16/"
                    }
                },
                {
                    "rarity": 50,
                    "version": {
                        "name": "black",
                        "url": "/api/v2/version/17/"
                    }
                },
                {
                    "rarity": 50,
                    "version": {
                        "name": "white",
                        "url": "/api/v2/version/18/"
                    }
                },
                {
                    "rarity": 50,
                    "version": {
                        "name": "black-2",
                        "url": "/api/v2/version/21/"
                    }
                },
                {
                    "rarity": 50,
                    "version": {
                        "name": "white-2",
                        "url": "/api/v2/version/22/"
                    }
                }
            ]
        },
        {
            "pokemon": {
                "name": "skitty",
                "url": "/api/v2/pokemon/300/"
            },
            "version_details": [
                {
                    "rarity": 5,
                    "version": {
                        "name": "ruby",
                        "url": "/api/v2/version/7/"
                    }
                },
                {
                    "rarity": 5,
                    "version": {
                        "name": "sapphire",
                        "url": "/api/v2/version/8/"
                    }
                },
                {
                    "rarity": 5,
                    "version": {
                        "name": "emerald",
                        "url": "/api/v2/version/9/"
                    }
                },
                {
                    "rarity": 5,
                    "version": {
                        "name": "firered",
                        "url": "/api/v2/version/10/"
                    }
                },
                {
                    "rarity": 5,
                    "version": {
                        "name": "leafgreen",
                        "url": "/api/v2/version/11/"
                    }
                },
                {
                    "rarity": 5,
                    "version": {
                        "name": "diamond",
                        "url": "/api/v2/version/12/"
                    }
                },
                {
                    "rarity": 5,
                    "version": {
                        "name": "pearl",
                        "url": "/api/v2/version/13/"
                    }
                },
                {
                    "rarity": 5,
                    "version": {
                        "name": "platinum",
                        "url": "/api/v2/version/14/"
                    }
                },
                {
                    "rarity": 5,
                    "version": {
                        "name": "heartgold",
                        "url": "/api/v2/version/15/"
                    }
                },
                {
                    "rarity": 5,
                    "version": {
                        "name": "soulsilver",
                        "url": "/api/v2/version/16/"
                    }
                },
                {
                    "rarity": 5,
                    "version": {
                        "name": "black",
                        "url": "/api/v2/version/17/"
                    }
                },
                {
                    "rarity": 5,
                    "version": {
                        "name": "white",
                        "url": "/api/v2/version/18/"
                    }
                }
            ]
        },
        {
            "pokemon": {
                "name": "delcatty",
                "url": "/api/v2/pokemon/301/"
            },
            "version_details": [
                {
                    "rarity": 5,
                    "version": {
                        "name": "ruby",
                        "url": "/api/v2/version/7/"
                    }
                },
                {
                    "rarity": 5,
                    "version": {
                        "name": "sapphire",
                        "url": "/api/v2/version/8/"
                    }
                },
                {
                    "rarity": 5,
                    "version": {
                        "name": "emerald",
                        "url": "/api/v2/version/9/"
                    }
                },
                {
                    "rarity": 5,
                    "version": {
                        "name": "firered",
                        "url": "/api/v2/version/10/"
                    }
                },
                {
                    "rarity": 5,
                    "version": {
                        "name": "leafgreen",
                        "url": "/api/v2/version/11/"
                    }
                },
                {
                    "rarity": 5,
                    "version": {
                        "name": "diamond",
                        "url": "/api/v2/version/12/"
                    }
                },
                {
                    "rarity": 5,
                    "version": {
                        "name": "pearl",
                        "url": "/api/v2/version/13/"
                    }
                },
                {
                    "rarity": 5,
                    "version": {
                        "name": "platinum",
                        "url": "/api/v2/version/14/"
                    }
                },
                {
                    "rarity": 5,
                    "version": {
                        "name": "heartgold",
                        "url": "/api/v2/version/15/"
                    }
                },
                {
                    "rarity": 5,
                    "version": {
                        "name": "soulsilver",
                        "url": "/api/v2/version/16/"
                    }
                },
                {
                    "rarity": 5,
                    "version": {
                        "name": "black",
                        "url": "/api/v2/version/17/"
                    }
                },
                {
                    "rarity": 5,
                    "version": {
                        "name": "white",
                        "url": "/api/v2/version/18/"
                    }
                }
            ]
        },
        {
            "pokemon": {
                "name": "mime-jr",
                "url": "/api/v2/pokemon/439/"
            },
            "version_details": [
                {
                    "rarity": 5,
                    "version": {
                        "name": "diamond",
                        "url": "/api/v2/version/12/"
                    }
                },
                {
                    "rarity": 5,
                    "version": {
                        "name": "pearl",
                        "url": "/api/v2/version/13/"
                    }
                },
                {
                    "rarity": 5,
                    "version": {
                        "name": "platinum",
                        "url": "/api/v2/version/14/"
                    }
                },
                {
                    "rarity": 5,
                    "version": {
                        "name": "heartgold",
                        "url": "/api/v2/version/15/"
                    }
                },
                {
                    "rarity": 5,
                    "version": {
                        "name": "soulsilver",
                        "url": "/api/v2/version/16/"
                    }
                },
                {
                    "rarity": 5,
                    "version": {
                        "name": "black",
                        "url": "/api/v2/version/17/"
                    }
                },
                {
                    "rarity": 5,
                    "version": {
                        "name": "white",
                        "url": "/api/v2/version/18/"
                    }
                }
            ]
        }
    ],
    "id": 131,
    "machines": [],
    "name": "leppa-berry",
    "names": [
        {
            "language": {
                "name": "ja-Hrkt",
                "url": "/api/v2/language/1/"
            },
            "name": "\u30d2\u30e1\u30ea\u306e\u307f"
        },
        {
            "language": {
                "name": "ko",
                "url": "/api/v2/language/3/"
            },
            "name": "\uacfc\uc0ac\uc5f4\ub9e4"
        },
        {
            "language": {
                "name": "zh-Hant",
                "url": "/api/v2/language/4/"
            },
            "name": "\u860b\u91ce\u679c"
        },
        {
            "language": {
                "name": "fr",
                "url": "/api/v2/language/5/"
            },
            "name": "Baie Mepo"
        },
        {
            "language": {
                "name": "de",
                "url": "/api/v2/language/6/"
            },
            "name": "Jonagobeere"
        },
        {
            "language": {
                "name": "es",
                "url": "/api/v2/language/7/"
            },
            "name": "Baya Zanama"
        },
        {
            "language": {
                "name": "it",
                "url": "/api/v2/language/8/"
            },
            "name": "Baccamela"
        },
        {
            "language": {
                "name": "en",
                "url": "/api/v2/language/9/"
            },
            "name": "Leppa Berry"
        },
        {
            "language": {
                "name": "ja",
                "url": "/api/v2/language/11/"
            },
            "name": "\u30d2\u30e1\u30ea\u306e\u307f"
        },
        {
            "language": {
                "name": "zh-Hans",
                "url": "/api/v2/language/12/"
            },
            "name": "\u82f9\u91ce\u679c"
        }
    ],
    "sprites": {
        "default": "https://raw.githubusercontent.com/PokeAPI/sprites/master/sprites/items/leppa-berry.png"
    }
}