{
    "attributes": [
        {
            "name": "underground",
            "url": "/api/v2/item-attribute/8/"
        }
    ],
    "baby_trigger_for": null,
    "category": {
        "name": "dex-completion",
        "url": "/api/v2/item-category/35/"
    },
    "cost": 2100,
    "effect_entries": [
        {
            "effect": "Place in the tower on sinnoh route 209.  Check the stone to encounter a spiritomb, as long as the trainer's Underground status card counts at least 32 greetings.",
            "language": {
                "name": "en",
                "url": "/api/v2/language/9/"
            },
            "short_effect": "Use on the tower on Route 209 to encounter Spiritomb if you have at least 32 Underground greetings."
        }
    ],
    "flavor_text_entries": [
        {
            "language": {
                "name": "en",
                "url": "/api/v2/language/9/"
            },
            "text": "A vital item that is needed to keep a\nstone tower from collapsing. Voices\ncan be heard from it occasionally.",
            "version_group": {
                "name": "diamond-pearl",
                "url": "/api/v2/version-group/8/"
            }
        },
        {
            "language": {
                "name": "en",
                "url": "/api/v2/language/9/"
            },
            "text": "A vital item that is needed to keep a\nstone tower from collapsing. Voices\ncan be heard from it occasionally.",
            "version_group": {
                "name": "platinum",
                "url": "/api/v2/version-group/9/"
            }
        },
        {
            "language": {
                "name": "en",
                "url": "/api/v2/language/9/"
            },
            "text": "A vital item that is needed to keep a\nstone tower from collapsing. Voices\ncan be heard from it occasionally.",
            "version_group": {
                "name": "heartgold-soulsilver",
                "url": "/api/v2/version-group/10/"
            }
        },
        {
            "language": {
                "name": "fr",
                "url": "/api/v2/language/5/"
            },
            "text": "Objet tr\u00e8s important qui emp\u00eache une\ntour en pierre de s\u2019\u00e9crouler. Des\nbruits de voix en sortent parfois.",
            "version_group": {
                "name": "black-white",
                "url": "/api/v2/version-group/11/"
            }
        },
        {
            "language": {
                "name": "en",
                "url": "/api/v2/language/9/"
            },
            "text": "A vital item that is needed to keep a\nstone tower from collapsing. Voices\ncan be heard from it occasionally.",
            "version_group": {
                "name": "black-white",
                "url": "/api/v2/version-group/11/"
            }
        },
        {
            "language": {
                "name": "en",
                "url": "/api/v2/language/9/"
            },
            "text": "A vital item that is needed to keep a\nstone tower from collapsing. Voices\ncan be heard from it occasionally.",
            "version_group": {
                "name": "black-2-white-2",
                "url": "/api/v2/version-group/14/"
            }
        },
        {
            "language": {
                "name": "ja-Hrkt",
                "url": "/api/v2/language/1/"
            },
            "text": "\u3053\u308c\u304c\u306a\u3044\u3068\u3000\u3044\u3057\u306e\u3068\u3046\u304c\n\u304f\u305a\u308c\u3066\u3057\u307e\u3046\u3000\u3060\u3044\u3058\u306a\u3044\u3057\u3002\n\u3068\u304d\u3069\u304d\u3000\u3044\u3057\u304b\u3089\u3000\u3053\u3048\u304c\u304d\u3053\u3048\u308b\u3002",
            "version_group": {
                "name": "x-y",
                "url": "/api/v2/version-group/15/"
            }
        },
        {
            "language": {
                "name": "ko",
                "url": "/api/v2/language/3/"
            },
            "text": "\uc774\uac83\uc774 \uc5c6\uc73c\uba74 \ub3cc\ud0d1\uc774\n\ubb34\ub108\uc838\ubc84\ub9ac\ub294 \uc911\uc694\ud55c \ub3cc.\n\uac00\ub054 \ub3cc\uc5d0\uc11c \ubaa9\uc18c\ub9ac\uac00 \ub4e4\ub9b0\ub2e4.",
            "version_group": {
                "name": "x-y",
                "url": "/api/v2/version-group/15/"
            }
        },
        {
            "language": {
                "name": "fr",
                "url": "/api/v2/language/5/"
            },
            "text": "Un objet tr\u00e8s important qui emp\u00eache une tour\nen pierre de s\u2019\u00e9crouler. Des bruits de voix\nen sortent parfois.",
            "version_group": {
                "name": "x-y",
                "url": "/api/v2/version-group/15/"
            }
        },
        {
            "language": {
                "name": "de",
                "url": "/api/v2/language/6/"
            },
            "text": "Ein wichtiges Item, mit dem ein Steinturm\nrepariert werden kann.",
            "version_group": {
                "name": "x-y",
                "url": "/api/v2/version-group/15/"
            }
        },
        {
            "language": {
                "name": "es",
                "url": "/api/v2/language/7/"
            },
            "text": "Vital para impedir que una torre de piedra se\nderrumbe. A veces se oyen voces en su interior.",
            "version_group": {
                "name": "x-y",
                "url": "/api/v2/version-group/15/"
            }
        },
        {
            "language": {
                "name": "it",
                "url": "/api/v2/language/8/"
            },
            "text": "Strumento importante che impedisce il crollo\ndi un pozzo di pietra. A volte dal suo interno\nprovengono delle voci.",
            "version_group": {
                "name": "x-y",
                "url": "/api/v2/version-group/15/"
            }
        },
        {
            "language": {
                "name": "en",
                "url": "/api/v2/language/9/"
            },
            "text": "A vital item that is needed to keep a\nstone tower from collapsing. Voices\ncan be heard from it occasionally.",
            "version_group": {
                "name": "x-y",
                "url": "/api/v2/version-group/15/"
            }
        },
        {
            "language": {
                "name": "ja",
                "url": "/api/v2/language/11/"
            },
            "text": "\u3053\u308c\u304c\u306a\u3044\u3068\u3000\u77f3\u306e\u5854\u304c\n\u5d29\u308c\u3066\u3057\u307e\u3046\u3000\u5927\u4e8b\u306a\u77f3\u3002\n\u3068\u304d\u3069\u304d\u3000\u77f3\u304b\u3089\u3000\u58f0\u304c\u805e\u3053\u3048\u308b\u3002",
            "version_group": {
                "name": "x-y",
                "url": "/api/v2/version-group/15/"
            }
        },
        {
            "language": {
                "name": "ja-Hrkt",
                "url": "/api/v2/language/1/"
            },
            "text": "\u3053\u308c\u304c\u306a\u3044\u3068\u3000\u3044\u3057\u306e\u3068\u3046\u304c\n\u304f\u305a\u308c\u3066\u3057\u307e\u3046\u3000\u3060\u3044\u3058\u306a\u3044\u3057\u3002\n\u3068\u304d\u3069\u304d\u3000\u3044\u3057\u304b\u3089\u3000\u3053\u3048\u304c\u304d\u3053\u3048\u308b\u3002",
            "version_group": {
                "name": "sun-moon",
                "url": "/api/v2/version-group/17/"
            }
        },
        {
            "language": {
                "name": "ko",
                "url": "/api/v2/language/3/"
            },
            "text": "\uc774\uac83\uc774 \uc5c6\uc73c\uba74 \ub3cc\ud0d1\uc774\n\ubb34\ub108\uc838\ubc84\ub9ac\ub294 \uc911\uc694\ud55c \ub3cc.\n\uac00\ub054 \ub3cc\uc5d0\uc11c \ubaa9\uc18c\ub9ac\uac00 \ub4e4\ub9b0\ub2e4.",
            "version_group": {
                "name": "sun-moon",
                "url": "/api/v2/version-group/17/"
            }
        },
        {
            "language": {
                "name": "zh-Hant",
                "url": "/api/v2/language/4/"
            },
            "text": "\u6c92\u6709\u5b83\uff0c\u77f3\u4e4b\u5854\u5c31\u6703\n\u5d29\u584c\u7684\u91cd\u8981\u77f3\u982d\u3002\n\u6709\u6642\u80fd\u5f9e\u77f3\u982d\u88e1\u807d\u5230\u8072\u97f3\u3002",
            "version_group": {
                "name": "sun-moon",
                "url": "/api/v2/version-group/17/"
            }
        },
        {
            "language": {
                "name": "fr",
                "url": "/api/v2/language/5/"
            },
            "text": "Un objet tr\u00e8s important qui emp\u00eache une tour\nen pierre de s\u2019\u00e9crouler. Des voix en sortent\nparfois.",
            "version_group": {
                "name": "sun-moon",
                "url": "/api/v2/version-group/17/"
            }
        },
        {
            "language": {
                "name": "de",
                "url": "/api/v2/language/6/"
            },
            "text": "Ein wichtiges Item, mit dem ein Steinturm repariert\nwerden kann.",
            "version_group": {
                "name": "sun-moon",
                "url": "/api/v2/version-group/17/"
            }
        },
        {
            "language": {
                "name": "es",
                "url": "/api/v2/language/7/"
            },
            "text": "Vital para impedir que una torre de piedra se\nderrumbe. A veces se oyen voces en su interior.",
            "version_group": {
                "name": "sun-moon",
                "url": "/api/v2/version-group/17/"
            }
        },
        {
            "language": {
                "name": "it",
                "url": "/api/v2/language/8/"
            },
            "text": "Strumento importante che impedisce il crollo\ndi un pozzo di pietra. A volte dal suo interno\nprovengono delle voci.",
            "version_group": {
                "name": "sun-moon",
                "url": "/api/v2/version-group/17/"
            }
        },
        {
            "language": {
                "name": "en",
                "url": "/api/v2/language/9/"
            },
            "text": "A vital item that is needed to keep a stone tower\nfrom collapsing. Voices can be heard from\nit occasionally.",
            "version_group": {
                "name": "sun-moon",
                "url": "/api/v2/version-group/17/"
            }
        },
        {
            "language": {
                "name": "ja",
                "url": "/api/v2/language/11/"
            },
            "text": "\u3053\u308c\u304c\u306a\u3044\u3068\u3000\u77f3\u306e\u5854\u304c\n\u5d29\u308c\u3066\u3057\u307e\u3046\u3000\u5927\u4e8b\u306a\u77f3\u3002\n\u3068\u304d\u3069\u304d\u3000\u77f3\u304b\u3089\u3000\u58f0\u304c\u805e\u3053\u3048\u308b\u3002",
            "version_group": {
                "name": "sun-moon",
                "url": "/api/v2/version-group/17/"
            }
        },
        {
            "language": {
                "name": "zh-Hans",
                "url": "/api/v2/language/12/"
            },
            "text": "\u6ca1\u6709\u5b83\uff0c\u77f3\u4e4b\u5854\u5c31\u4f1a\n\u5d29\u584c\u7684\u91cd\u8981\u77f3\u5934\u3002\n\u6709\u65f6\u80fd\u4ece\u77f3\u5934\u91cc\u542c\u5230\u58f0\u97f3\u3002",
            "version_group": {
                "name": "sun-moon",
                "url": "/api/v2/version-group/17/"
            }
        },
        {
            "language": {
                "name": "ja-Hrkt",
                "url": "/api/v2/language/1/"
            },
            "text": "\u3053\u308c\u304c\u306a\u3044\u3068\u3000\u3044\u3057\u306e\u3068\u3046\u304c\n\u304f\u305a\u308c\u3066\u3057\u307e\u3046\u3000\u3060\u3044\u3058\u306a\u3044\u3057\u3002\n\u3068\u304d\u3069\u304d\u3000\u3044\u3057\u304b\u3089\u3000\u3053\u3048\u304c\u304d\u3053\u3048\u308b\u3002",
            "version_group": {
                "name": "ultra-sun-ultra-moon",
                "url": "/api/v2/version-group/18/"
            }
        },
        {
            "language": {
                "name": "ko",
                "url": "/api/v2/language/3/"
            },
            "text": "\uc774\uac83\uc774 \uc5c6\uc73c\uba74 \ub3cc\ud0d1\uc774\n\ubb34\ub108\uc838\ubc84\ub9ac\ub294 \uc911\uc694\ud55c \ub3cc.\n\uac00\ub054 \ub3cc\uc5d0\uc11c \ubaa9\uc18c\ub9ac\uac00 \ub4e4\ub9b0\ub2e4.",
            "version_group": {
                "name": "ultra-sun-ultra-moon",
                "url": "/api/v2/version-group/18/"
            }
        },
        {
            "language": {
                "name": "zh-Hant",
                "url": "/api/v2/language/4/"
            },
            "text": "\u6c92\u6709\u5b83\uff0c\u77f3\u4e4b\u5854\u5c31\u6703\n\u5d29\u584c\u7684\u91cd\u8981\u77f3\u982d\u3002\n\u6709\u6642\u80fd\u5f9e\u77f3\u982d\u88e1\u807d\u5230\u8072\u97f3\u3002",
            "version_group": {
                "name": "ultra-sun-ultra-moon",
                "url": "/api/v2/version-group/18/"
            }
        },
        {
            "language": {
                "name": "fr",
                "url": "/api/v2/language/5/"
            },
            "text": "Un objet tr\u00e8s important qui emp\u00eache une tour\nen pierre de s\u2019\u00e9crouler. Des voix en sortent\nparfois.",
            "version_group": {
                "name": "ultra-sun-ultra-moon",
                "url": "/api/v2/version-group/18/"
            }
        },
        {
            "language": {
                "name": "de",
                "url": "/api/v2/language/6/"
            },
            "text": "Ein wichtiges Item, mit dem ein Steinturm repariert\nwerden kann.",
            "version_group": {
                "name": "ultra-sun-ultra-moon",
                "url": "/api/v2/version-group/18/"
            }
        },
        {
            "language": {
                "name": "es",
                "url": "/api/v2/language/7/"
            },
            "text": "Vital para impedir que una torre de piedra se\nderrumbe. A veces se oyen voces en su interior.",
            "version_group": {
                "name": "ultra-sun-ultra-moon",
                "url": "/api/v2/version-group/18/"
            }
        },
        {
            "language": {
                "name": "it",
                "url": "/api/v2/language/8/"
            },
            "text": "Strumento importante che impedisce il crollo\ndi un pozzo di pietra. A volte dal suo interno\nprovengono delle voci.",
            "version_group": {
                "name": "ultra-sun-ultra-moon",
                "url": "/api/v2/version-group/18/"
            }
        },
        {
            "language": {
                "name": "en",
                "url": "/api/v2/language/9/"
            },
            "text": "A vital item that is needed to keep a stone tower\nfrom collapsing. Voices can be heard from\nit occasionally.",
            "version_group": {
                "name": "ultra-sun-ultra-moon",
                "url": "/api/v2/version-group/18/"
            }
        },
        {
            "language": {
                "name": "ja",
                "url": "/api/v2/language/11/"
            },
            "text": "\u3053\u308c\u304c\u306a\u3044\u3068\u3000\u77f3\u306e\u5854\u304c\n\u5d29\u308c\u3066\u3057\u307e\u3046\u3000\u5927\u4e8b\u306a\u77f3\u3002\n\u3068\u304d\u3069\u304d\u3000\u77f3\u304b\u3089\u3000\u58f0\u304c\u805e\u3053\u3048\u308b\u3002",
            "version_group": {
                "name": "ultra-sun-ultra-moon",
                "url": "/api/v2/version-group/18/"
            }
        },
        {
            "language": {
                "name": "zh-Hans",
                "url": "/api/v2/language/12/"
            },
            "text": "\u6ca1\u6709\u5b83\uff0c\u77f3\u4e4b\u5854\u5c31\u4f1a\n\u5d29\u584c\u7684\u91cd\u8981\u77f3\u5934\u3002\n\u6709\u65f6\u80fd\u4ece\u77f3\u5934\u91cc\u542c\u5230\u58f0\u97f3\u3002",
            "version_group": {
                "name": "ultra-sun-ultra-moon",
                "url": "/api/v2/version-group/18/"
            }
        },
        {
            "language": {
                "name": "ja-Hrkt",
                "url": "/api/v2/language/1/"
            },
            "text": "\u3053\u308c\u304c\u306a\u3044\u3068\u3000\u3044\u3057\u306e\u3068\u3046\u304c\n\u304f\u305a\u308c\u3066\u3057\u307e\u3046\u3000\u3060\u3044\u3058\u306a\u3044\u3057\u3002\n\u3068\u304d\u3069\u304d\u3000\u3044\u3057\u304b\u3089\u3000\u3053\u3048\u304c\u304d\u3053\u3048\u308b\u3002",
            "version_group": {
                "name": "lets-go-pikachu-lets-go-eevee",
                "url": "/api/v2/version-group/19/"
            }
        },
        {
            "language": {
                "name": "ko",
                "url": "/api/v2/language/3/"
            },
            "text": "\uc774\uac83\uc774 \uc5c6\uc73c\uba74 \ub3cc\ud0d1\uc774\n\ubb34\ub108\uc838\ubc84\ub9ac\ub294 \uc911\uc694\ud55c \ub3cc.\n\uac00\ub054 \ub3cc\uc5d0\uc11c \ubaa9\uc18c\ub9ac\uac00 \ub4e4\ub9b0\ub2e4.",
            "version_group": {
                "name": "lets-go-pikachu-lets-go-eevee",
                "url": "/api/v2/version-group/19/"
            }
        },
        {
            "language": {
                "name": "zh-Hant",
                "url": "/api/v2/language/4/"
            },
            "text": "\u6c92\u6709\u5b83\uff0c\u77f3\u4e4b\u5854\u5c31\u6703\n\u5d29\u584c\u7684\u91cd\u8981\u77f3\u982d\u3002\n\u6709\u6642\u80fd\u5f9e\u77f3\u982d\u88e1\u807d\u5230\u8072\u97f3\u3002",
            "version_group": {
                "name": "lets-go-pikachu-lets-go-eevee",
                "url": "/api/v2/version-group/19/"
            }
        },
        {
            "language": {
                "name": "fr",
                "url": "/api/v2/language/5/"
            },
            "text": "Un objet tr\u00e8s important qui emp\u00eache une tour en pierre\nde s\u2019\u00e9crouler. Des voix en sortent parfois.",
            "version_group": {
                "name": "lets-go-pikachu-lets-go-eevee",
                "url": "/api/v2/version-group/19/"
            }
        },
        {
            "language": {
                "name": "de",
                "url": "/api/v2/language/6/"
            },
            "text": "Ein wichtiges Item, mit dem ein Steinturm repariert\nwerden kann.",
            "version_group": {
                "name": "lets-go-pikachu-lets-go-eevee",
                "url": "/api/v2/version-group/19/"
            }
        },
        {
            "language": {
                "name": "es",
                "url": "/api/v2/language/7/"
            },
            "text": "Vital para impedir que una torre de piedra se derrumbe.\nA veces se oyen voces en su interior.",
            "version_group": {
                "name": "lets-go-pikachu-lets-go-eevee",
                "url": "/api/v2/version-group/19/"
            }
        },
        {
            "language": {
                "name": "it",
                "url": "/api/v2/language/8/"
            },
            "text": "Strumento importante che impedisce il crollo\ndi un pozzo di pietra. A volte dal suo interno\nprovengono delle voci.",
            "version_group": {
                "name": "lets-go-pikachu-lets-go-eevee",
                "url": "/api/v2/version-group/19/"
            }
        },
        {
            "language": {
                "name": "en",
                "url": "/api/v2/language/9/"
            },
            "text": "A vital item that is needed to keep a stone tower\nfrom collapsing. Voices can be heard from\nit occasionally.",
            "version_group": {
                "name": "lets-go-pikachu-lets-go-eevee",
                "url": "/api/v2/version-group/19/"
            }
        },
        {
            "language": {
                "name": "ja",
                "url": "/api/v2/language/11/"
            },
            "text": "\u3053\u308c\u304c\u306a\u3044\u3068\u3000\u77f3\u306e\u5854\u304c\n\u5d29\u308c\u3066\u3057\u307e\u3046\u3000\u5927\u4e8b\u306a\u77f3\u3002\n\u3068\u304d\u3069\u304d\u3000\u77f3\u304b\u3089\u3000\u58f0\u304c\u805e\u3053\u3048\u308b\u3002",
            "version_group": {
                "name": "lets-go-pikachu-lets-go-eevee",
                "url": "/api/v2/version-group/19/"
            }
        },
        {
            "language": {
                "name": "zh-Hans",
                "url": "/api/v2/language/12/"
            },
            "text": "\u6ca1\u6709\u5b83\uff0c\u77f3\u4e4b\u5854\u5c31\u4f1a\n\u5d29\u584c\u7684\u91cd\u8981\u77f3\u5934\u3002\n\u6709\u65f6\u80fd\u4ece\u77f3\u5934\u91cc\u542c\u5230\u58f0\u97f3\u3002",
            "version_group": {
                "name": "lets-go-pikachu-lets-go-eevee",
                "url": "/api/v2/version-group/19/"
            }
        },
        {
            "language": {
                "name": "ja-Hrkt",
                "url": "/api/v2/language/1/"
            },
            "text": "\u3053\u308c\u304c\u306a\u3044\u3068\u3000\u3044\u3057\u306e\u3068\u3046\u304c\n\u304f\u305a\u308c\u3066\u3057\u307e\u3046\u3000\u3060\u3044\u3058\u306a\u3044\u3057\u3002\n\u3068\u304d\u3069\u304d\u3000\u3044\u3057\u304b\u3089\u3000\u3053\u3048\u304c\u304d\u3053\u3048\u308b\u3002",
            "version_group": {
                "name": "sword-shield",
                "url": "/api/v2/version-group/20/"
            }
        },
        {
            "language": {
                "name": "ko",
                "url": "/api/v2/language/3/"
            },
            "text": "\uc774\uac83\uc774 \uc5c6\uc73c\uba74 \ub3cc\ud0d1\uc774\n\ubb34\ub108\uc838\ubc84\ub9ac\ub294 \uc911\uc694\ud55c \ub3cc.\n\uac00\ub054 \ub3cc\uc5d0\uc11c \ubaa9\uc18c\ub9ac\uac00 \ub4e4\ub9b0\ub2e4.",
            "version_group": {
                "name": "sword-shield",
                "url": "/api/v2/version-group/20/"
            }
        },
        {
            "language": {
                "name": "zh-Hant",
                "url": "/api/v2/language/4/"
            },
            "text": "\u6c92\u6709\u5b83\uff0c\u77f3\u4e4b\u5854\u5c31\u6703\n\u5d29\u584c\u7684\u91cd\u8981\u77f3\u982d\u3002\n\u6709\u6642\u80fd\u5f9e\u77f3\u982d\u88e1\u807d\u5230\u8072\u97f3\u3002",
            "version_group": {
                "name": "sword-shield",
                "url": "/api/v2/version-group/20/"
            }
        },
        {
            "language": {
                "name": "fr",
                "url": "/api/v2/language/5/"
            },
            "text": "Un objet tr\u00e8s important qui emp\u00eache une tour en pierre\nde s\u2019\u00e9crouler. Des voix en sortent parfois.",
            "version_group": {
                "name": "sword-shield",
                "url": "/api/v2/version-group/20/"
            }
        },
        {
            "language": {
                "name": "de",
                "url": "/api/v2/language/6/"
            },
            "text": "Ein wichtiges Item, mit dem ein Steinturm repariert\nwerden kann.",
            "version_group": {
                "name": "sword-shield",
                "url": "/api/v2/version-group/20/"
            }
        },
        {
            "language": {
                "name": "es",
                "url": "/api/v2/language/7/"
            },
            "text": "Vital para impedir que una torre de piedra se derrumbe.\nA veces se oyen voces en su interior.",
            "version_group": {
                "name": "sword-shield",
                "url": "/api/v2/version-group/20/"
            }
        },
        {
            "language": {
                "name": "it",
                "url": "/api/v2/language/8/"
            },
            "text": "Strumento importante che impedisce il crollo\ndi un pozzo di pietra. A volte dal suo interno\nprovengono delle voci.",
            "version_group": {
                "name": "sword-shield",
                "url": "/api/v2/version-group/20/"
            }
        },
        {
            "language": {
                "name": "en",
                "url": "/api/v2/language/9/"
            },
            "text": "A vital item that is needed to keep a stone tower\nfrom collapsing. Voices can be heard from\nit occasionally.",
            "version_group": {
                "name": "sword-shield",
                "url": "/api/v2/version-group/20/"
            }
        },
        {
            "language": {
                "name": "ja",
                "url": "/api/v2/language/11/"
            },
            "text": "\u3053\u308c\u304c\u306a\u3044\u3068\u3000\u77f3\u306e\u5854\u304c\n\u5d29\u308c\u3066\u3057\u307e\u3046\u3000\u5927\u4e8b\u306a\u77f3\u3002\n\u3068\u304d\u3069\u304d\u3000\u77f3\u304b\u3089\u3000\u58f0\u304c\u805e\u3053\u3048\u308b\u3002",
            "version_group": {
                "name": "sword-shield",
                "url": "/api/v2/version-group/20/"
            }
        },
        {
            "language": {
                "name": "zh-Hans",
                "url": "/api/v2/language/12/"
            },
            "text": "\u6ca1\u6709\u5b83\uff0c\u77f3\u4e4b\u5854\u5c31\u4f1a\n\u5d29\u584c\u7684\u91cd\u8981\u77f3\u5934\u3002\n\u6709\u65f6\u80fd\u4ece\u77f3\u5934\u91cc\u542c\u5230\u58f0\u97f3\u3002",
            "version_group": {
                "name": "sword-shield",
                "url": "/api/v2/version-group/20/"
            }
        }
    ],
    "fling_effect": null,
    "fling_power": 80,
    "game_indices": [
        {
            "game_index": 111,
            "generation": {
                "name": "generation-iv",
                "url": "/api/v2/generation/4/"
            }
        },
        {
            "game_index": 111,
            "generation": {
                "name": "generation-v",
                "url": "/api/v2/generation/5/"
            }
        },
        {
            "game_index": 111,
            "generation": {
                "name": "generation-vi",
                "url": "/api/v2/generation/6/"
            }
        },
        {
            "game_index": 111,
            "generation": {
                "name": "generation-vii",
                "url": "/api/v2/generation/7/"
            }
        },
        {
            "game_index": 111,
            "generation": {
                "name": "generation-viii",
                "url": "/api/v2/generation/8/"
            }
        }
    ],
    "held_by_pokemon": [],
    "id": 111,
    "machines": [],
    "name": "odd-keystone",
    "names": [
        {
            "language": {
                "name": "ja-Hrkt",
                "url": "/api/v2/language/1/"
            },
            "name": "\u304b\u306a\u3081\u3044\u3057"
        },
        {
            "language": {
                "name": "ko",
                "url": "/api/v2/language/3/"
            },
            "name": "\uc410\uae30\ub3cc"
        },
        {
            "language": {
                "name": "zh-Hant",
                "url": "/api/v2/language/4/"
            },
            "name": "\u6954\u77f3"
        },
        {
            "language": {
                "name": "fr",
                "url": "/api/v2/language/5/"
            },
            "name": "Cl\u00e9 de Vo\u00fbte"
        },
        {
            "language": {
                "name": "de",
                "url": "/api/v2/language/6/"
            },
            "name": "Spiritkern"
        },
        {
            "language": {
                "name": "es",
                "url": "/api/v2/language/7/"
            },
            "name": "Piedra Esp\u00edritu"
        },
        {
            "language": {
                "name": "it",
                "url": "/api/v2/language/8/"
            },
            "name": "Roccianima"
        },
        {
            "language": {
                "name": "en",
                "url": "/api/v2/language/9/"
            },
            "name": "Odd Keystone"
        },
        {
            "language": {
                "name": "ja",
                "url": "/api/v2/language/11/"
            },
            "name": "\u304b\u306a\u3081\u3044\u3057"
        },
        {
            "language": {
                "name": "zh-Hans",
                "url": "/api/v2/language/12/"
            },
            "name": "\u6954\u77f3"
        }
    ],
    "sprites": {
        "default": "https://raw.githubusercontent.com/PokeAPI/sprites/master/sprites/items/odd-keystone.png"
    }
}