{
    "attributes": [],
    "baby_trigger_for": null,
    "category": {
        "name": "vitamins",
        "url": "/api/v2/item-category/26/"
    },
    "cost": 0,
    "effect_entries": [],
    "flavor_text_entries": [
        {
            "language": {
                "name": "ja-Hrkt",
                "url": "/api/v2/language/1/"
            },
            "text": "\u30a8\u30cd\u30eb\u30ae\u30fc\u304c\u3000\u3064\u307e\u3063\u305f\u3000\u30a2\u30e1\u3002\u3000\u3042\u305f\u3048\u308b\u3068\n\u30c0\u30a4\u30de\u30c3\u30af\u30b9\u30ec\u30d9\u30eb\u304c\u3000\uff11\u3042\u304c\u308b\u3002\u30ec\u30d9\u30eb\u304c\n\u305f\u304b\u3044\u3068\u3000\u30c0\u30a4\u30de\u30c3\u30af\u30b9\u306e\u3000\uff28\uff30\u304c\u3000\u3075\u3048\u308b\u3002",
            "version_group": {
                "name": "sword-shield",
                "url": "/api/v2/version-group/20/"
            }
        },
        {
            "language": {
                "name": "ko",
                "url": "/api/v2/language/3/"
            },
            "text": "\uc5d0\ub108\uc9c0\uac00 \uac00\ub4dd\ud55c \uc0ac\ud0d5.\n\uba39\uc774\uba74 \ub2e4\uc774\ub9e5\uc2a4 \ub808\ubca8\uc774 1 \uc62c\ub77c\uac04\ub2e4.\n\ub808\ubca8\uc774 \ub192\uc73c\uba74 HP\uac00 \ub298\uc5b4\ub09c\ub2e4.",
            "version_group": {
                "name": "sword-shield",
                "url": "/api/v2/version-group/20/"
            }
        },
        {
            "language": {
                "name": "zh-Hant",
                "url": "/api/v2/language/4/"
            },
            "text": "\u5145\u6eff\u80fd\u91cf\u7684\u7cd6\u679c\u3002\n\u9935\u7d66\u5bf6\u53ef\u5922\u5f8c\uff0c\u80fd\u8b93\u6975\u5de8\u5316\u7b49\u7d1a\u63d0\u5347\uff11\u7d1a\u3002\n\u7576\u7b49\u7d1a\u8b8a\u9ad8\uff0c\u6975\u5de8\u5316\u6642\uff28\uff30\u5c07\u6703\u589e\u52a0\u3002",
            "version_group": {
                "name": "sword-shield",
                "url": "/api/v2/version-group/20/"
            }
        },
        {
            "language": {
                "name": "fr",
                "url": "/api/v2/language/5/"
            },
            "text": "Un bonbon plein d\u2019\u00e9nergie qui fait monter le niveau\nDynamax d\u2019un Pok\u00e9mon d\u2019un point. Plus ce dernier\nest \u00e9lev\u00e9, plus les PV sous forme Dynamax augmentent.",
            "version_group": {
                "name": "sword-shield",
                "url": "/api/v2/version-group/20/"
            }
        },
        {
            "language": {
                "name": "de",
                "url": "/api/v2/language/6/"
            },
            "text": "Ein Bonbon, das voller Energie steckt. Beim Verzehr\nsteigt der Dynamax-Level eines Pok\u00e9mon um 1 Stufe an.\nDies erh\u00f6ht seine KP nach der Dynamaximierung.",
            "version_group": {
                "name": "sword-shield",
                "url": "/api/v2/version-group/20/"
            }
        },
        {
            "language": {
                "name": "es",
                "url": "/api/v2/language/7/"
            },
            "text": "Caramelo energ\u00e9tico que sube el nivel Dinamax de un\nPok\u00e9mon. Cuanto m\u00e1s alto sea el nivel, m\u00e1s aumentar\u00e1n\nsus PS al dinamaxizarse.",
            "version_group": {
                "name": "sword-shield",
                "url": "/api/v2/version-group/20/"
            }
        },
        {
            "language": {
                "name": "it",
                "url": "/api/v2/language/8/"
            },
            "text": "Caramella altamente energetica che aumenta di un\npunto il Livello Dynamax. Pi\u00f9 alto \u00e8 il livello, pi\u00f9\naumentano i PS del Pok\u00e9mon quando si dynamaxizza.",
            "version_group": {
                "name": "sword-shield",
                "url": "/api/v2/version-group/20/"
            }
        },
        {
            "language": {
                "name": "en",
                "url": "/api/v2/language/9/"
            },
            "text": "A candy that is packed with energy. When consumed, it\nwill raise the Dynamax Level of a single Pok\u00e9mon by\none. A higher level means higher HP when Dynamaxed.",
            "version_group": {
                "name": "sword-shield",
                "url": "/api/v2/version-group/20/"
            }
        },
        {
            "language": {
                "name": "ja",
                "url": "/api/v2/language/11/"
            },
            "text": "\u30a8\u30cd\u30eb\u30ae\u30fc\u304c\u3000\u3064\u307e\u3063\u305f\u3000\u30a2\u30e1\u3002\u3000\u4e0e\u3048\u308b\u3068\n\u30c0\u30a4\u30de\u30c3\u30af\u30b9\u30ec\u30d9\u30eb\u304c\u3000\uff11\u3042\u304c\u308b\u3002\u30ec\u30d9\u30eb\u304c\n\u9ad8\u3044\u3068\u3000\u30c0\u30a4\u30de\u30c3\u30af\u30b9\u306e\u3000\uff28\uff30\u304c\u3000\u5897\u3048\u308b\u3002",
            "version_group": {
                "name": "sword-shield",
                "url": "/api/v2/version-group/20/"
            }
        },
        {
            "language": {
                "name": "zh-Hans",
                "url": "/api/v2/language/12/"
            },
            "text": "\u5145\u6ee1\u80fd\u91cf\u7684\u7cd6\u679c\u3002\n\u7ed9\u4e88\u5b9d\u53ef\u68a6\u540e\uff0c\u6781\u5de8\u5316\u7b49\u7ea7\u80fd\u591f\u63d0\u9ad8\uff11\u3002\n\u5f53\u6781\u5de8\u5316\u7b49\u7ea7\u63d0\u9ad8\u65f6\uff0c\uff28\uff30\u4f1a\u589e\u52a0\u3002",
            "version_group": {
                "name": "sword-shield",
                "url": "/api/v2/version-group/20/"
            }
        }
    ],
    "fling_effect": null,
    "fling_power": 30,
    "game_indices": [
        {
            "game_index": 1129,
            "generation": {
                "name": "generation-viii",
                "url": "/api/v2/generation/8/"
            }
        }
    ],
    "held_by_pokemon": [],
    "id": 1187,
    "machines": [],
    "name": "dynamax-candy",
    "names": [
        {
            "language": {
                "name": "ja-Hrkt",
                "url": "/api/v2/language/1/"
            },
            "name": "\u30c0\u30a4\u30de\u30c3\u30af\u30b9\u30a2\u30e1"
        },
        {
            "language": {
                "name": "ko",
                "url": "/api/v2/language/3/"
            },
            "name": "\ub2e4\uc774\ub9e5\uc2a4\uc0ac\ud0d5"
        },
        {
            "language": {
                "name": "zh-Hant",
                "url": "/api/v2/language/4/"
            },
            "name": "\u6975\u5de8\u7cd6\u679c"
        },
        {
            "language": {
                "name": "fr",
                "url": "/api/v2/language/5/"
            },
            "name": "Bonbon Dynamax"
        },
        {
            "language": {
                "name": "de",
                "url": "/api/v2/language/6/"
            },
            "name": "Dynamax-Bonbon"
        },
        {
            "language": {
                "name": "es",
                "url": "/api/v2/language/7/"
            },
            "name": "Caramelo Dinamax"
        },
        {
            "language": {
                "name": "it",
                "url": "/api/v2/language/8/"
            },
            "name": "Caram. Dynamax"
        },
        {
            "language": {
                "name": "en",
                "url": "/api/v2/language/9/"
            },
            "name": "Dynamax Candy"
        },
        {
            "language": {
                "name": "ja",
                "url": "/api/v2/language/11/"
            },
            "name": "\u30c0\u30a4\u30de\u30c3\u30af\u30b9\u30a2\u30e1"
        },
        {
            "language": {
                "name": "zh-Hans",
                "url": "/api/v2/language/12/"
            },
            "name": "\u6781\u5de8\u7cd6\u679c"
        }
    ],
    "sprites": {
        "default": null
    }
}